stop_id,route_id,delay_at_stop_min,missed_time_window,distance_from_prev_km,planned_travel_min,stop_sequence,road_type,hour_of_day,day_of_week,traffic_level,weather_condition,is_rush_hour,precipitation_mm,hist_delay_probability,cumulative_delay_min,prev_stop_delay_min,time_window_slack_min,stop_progress_ratio,planned_speed_kmh,hist_slack_min,is_high_risk_weather,is_urban_road,traffic_weather_risk
STP-95181,RT-0001,1.0,0,9.85,13.1,1,1,15,6,2,1,0.0,0.0,0.033,0.0,0.0,73.0,0.1111111111111111,45.11450381679389,66.92,0,0,2
STP-38221,RT-0001,-1.4,0,17.59,23.5,2,1,16,6,2,1,0.0,7.8,0.033,1.0,1.0,86.0,0.2222222222222222,44.91063829787234,72.03999999999999,0,0,2
STP-80284,RT-0001,3.4,0,63.19,84.3,3,1,18,6,2,1,0.0,0.0,0.033,-0.3999999999999999,-1.4,86.0,0.3333333333333333,44.97508896797153,72.03999999999999,0,0,2
STP-19116,RT-0001,5.1,0,36.26,48.3,4,1,18,6,2,1,1.0,0.0,0.033,3.0,3.4,73.0,0.4444444444444444,45.04347826086956,59.04,0,0,2
STP-57819,RT-0001,1.2,0,10.2,13.6,5,1,19,6,2,1,0.0,14.0,0.033,8.1,5.1,62.0,0.5555555555555556,45.0,48.04,0,0,2
STP-42087,RT-0001,0.2,0,1.25,1.7,6,1,19,6,2,1,0.0,14.0,0.033,9.299999999999999,1.2,77.0,0.6666666666666666,44.11764705882353,63.04,0,0,2
STP-14207,RT-0001,1.0,0,42.82,57.1,7,1,20,6,2,1,1.0,0.0,0.033,9.499999999999998,0.2,73.0,0.7777777777777778,44.99474605954466,66.48,0,0,2
STP-94259,RT-0001,1.2,0,24.14,32.2,8,1,21,6,2,1,0.0,0.0,0.033,10.499999999999998,1.0,87.0,0.8888888888888888,44.981366459627324,80.48,0,0,2
STP-38746,RT-0001,4.1,0,36.51,48.7,9,1,22,6,2,1,0.0,8.5,0.033,11.699999999999998,1.2,88.0,1.0,44.98151950718685,81.48,0,0,2
STP-44522,RT-0002,8.5,0,64.66,43.1,1,0,16,4,1,0,0.0,20.8,0.25,0.0,0.0,83.0,0.125,90.01392111368908,59.03,0,0,3
STP-30032,RT-0002,9.9,0,50.44,33.6,2,0,17,4,1,0,0.0,0.0,0.25,8.5,8.5,81.0,0.25,90.07142857142856,57.03,0,0,3
STP-57576,RT-0002,8.5,0,48.18,32.1,3,0,18,4,1,0,0.0,20.8,0.25,18.4,9.9,74.0,0.375,90.05607476635514,50.03,0,0,3
STP-79822,RT-0002,4.6,0,36.88,24.6,4,0,19,4,1,0,0.0,0.0,0.25,26.9,8.5,86.0,0.5,89.95121951219512,62.03,0,0,3
STP-80686,RT-0002,5.4,0,28.85,19.2,5,0,19,4,1,0,0.0,0.0,0.25,31.5,4.6,72.0,0.625,90.15625,48.03,0,0,3
STP-42493,RT-0002,6.1,0,39.76,26.5,6,0,20,4,1,0,1.0,0.0,0.25,36.9,5.4,84.0,0.75,90.02264150943397,69.89,0,0,3
STP-14117,RT-0002,6.2,0,44.54,29.7,7,0,21,4,1,0,1.0,1.7,0.25,43.0,6.1,80.0,0.875,89.97979797979798,65.89,0,0,3
STP-41850,RT-0002,5.4,0,38.15,25.4,8,0,21,4,1,0,1.0,0.0,0.25,49.2,6.2,73.0,1.0,90.11811023622047,58.89,0,0,3
STP-82132,RT-0003,1.8,0,8.19,7.6,1,2,15,3,3,3,0.0,0.0,0.167,0.0,0.0,80.0,0.1111111111111111,64.65789473684211,67.28,1,0,8
STP-62565,RT-0003,20.6,0,59.25,54.7,2,2,16,3,3,3,0.0,0.0,0.167,1.8,1.8,84.0,0.2222222222222222,64.9908592321755,65.99,1,0,8
STP-73788,RT-0003,14.6,0,50.34,46.5,3,2,17,3,3,3,0.0,0.0,0.167,22.400000000000002,20.6,69.0,0.3333333333333333,64.95483870967742,50.989999999999995,1,0,8
STP-72493,RT-0003,9.0,0,36.89,34.1,4,2,18,3,3,3,0.0,23.9,0.167,37.0,14.6,85.0,0.4444444444444444,64.9090909090909,66.99,1,0,8
STP-40828,RT-0003,2.6,0,8.04,7.4,5,2,18,3,3,3,0.0,11.8,0.167,46.0,9.0,61.0,0.5555555555555556,65.18918918918918,42.989999999999995,1,0,8
STP-51467,RT-0003,16.8,1,51.88,47.9,6,2,19,3,3,3,0.0,0.0,0.167,48.6,2.6,72.0,0.6666666666666666,64.98538622129436,53.989999999999995,1,0,8
STP-19508,RT-0003,18.2,1,65.36,60.3,7,2,21,3,3,3,0.0,0.0,0.167,65.4,16.8,72.0,0.7777777777777778,65.03482587064677,57.85,1,0,8
STP-19016,RT-0003,14.8,1,59.47,54.9,8,2,22,3,3,3,0.0,20.5,0.167,83.60000000000001,18.2,82.0,0.8888888888888888,64.99453551912569,67.85,1,0,8
STP-82692,RT-0003,14.2,1,41.54,38.3,9,2,23,3,3,3,0.0,0.0,0.167,98.4,14.8,64.0,1.0,65.0757180156658,49.85,1,0,8
STP-82309,RT-0004,11.4,0,31.02,20.7,1,0,10,6,1,3,0.0,26.3,0.333,0.0,0.0,81.0,0.1111111111111111,89.91304347826087,55.18,1,0,12
STP-29410,RT-0004,10.2,0,32.43,21.6,2,0,10,6,1,3,0.0,0.0,0.333,11.4,11.4,79.0,0.2222222222222222,90.08333333333333,53.18,1,0,12
STP-56357,RT-0004,19.1,0,49.23,32.8,3,0,11,6,1,3,1.0,0.0,0.333,21.6,10.2,74.0,0.3333333333333333,90.05487804878048,48.18,1,0,12
STP-13248,RT-0004,14.4,0,40.13,26.8,4,0,11,6,1,3,0.0,0.0,0.333,40.7,19.1,68.0,0.4444444444444444,89.84328358208955,42.18,1,0,12
STP-15075,RT-0004,21.0,1,57.96,38.6,5,0,12,6,1,3,0.0,26.5,0.333,55.1,14.4,73.0,0.5555555555555556,90.09326424870467,47.18,1,0,12
STP-46517,RT-0004,11.6,1,38.21,25.5,6,0,13,6,1,3,0.0,0.0,0.333,76.1,21.0,87.0,0.6666666666666666,89.90588235294118,61.18,1,0,12
STP-44237,RT-0004,15.9,1,45.75,30.5,7,0,14,6,1,3,0.0,0.0,0.333,87.69999999999999,11.6,60.0,0.7777777777777778,90.0,34.18,1,0,12
STP-77033,RT-0004,2.0,1,5.31,3.5,8,0,14,6,1,3,0.0,0.0,0.333,103.6,15.9,83.0,0.8888888888888888,91.02857142857142,57.18,1,0,12
STP-97900,RT-0004,9.0,1,24.78,16.5,9,0,14,6,1,3,0.0,5.4,0.333,105.6,2.0,83.0,1.0,90.10909090909091,57.18,1,0,12
STP-86019,RT-0005,8.2,0,21.01,19.4,1,2,15,4,3,3,0.0,17.5,0.167,0.0,0.0,72.0,0.16666666666666666,64.97938144329898,59.28,1,0,8
STP-47196,RT-0005,6.8,0,17.11,15.8,2,2,16,4,3,3,1.0,21.2,0.167,8.2,8.2,84.0,0.3333333333333333,64.97468354430379,65.99,1,0,8
STP-16057,RT-0005,5.8,0,19.8,18.3,3,2,16,4,3,3,0.0,0.0,0.167,15.0,6.8,65.0,0.5,64.91803278688525,46.989999999999995,1,0,8
STP-41979,RT-0005,3.9,0,12.74,11.8,4,2,16,4,3,3,0.0,0.0,0.167,20.8,5.8,72.0,0.6666666666666666,64.77966101694915,53.989999999999995,1,0,8
STP-83060,RT-0005,3.9,0,10.71,9.9,5,2,17,4,3,3,0.0,0.0,0.167,24.7,3.9,74.0,0.8333333333333334,64.9090909090909,55.989999999999995,1,0,8
STP-76162,RT-0005,4.1,0,12.22,11.3,6,2,17,4,3,3,1.0,23.9,0.167,28.599999999999998,3.9,76.0,1.0,64.88495575221239,57.989999999999995,1,0,8
STP-64377,RT-0006,-3.8,0,24.01,36.0,1,3,16,3,2,0,0.0,0.0,0.017,0.0,0.0,74.0,0.1,40.01666666666667,58.4,0,1,1
STP-12560,RT-0006,-3.2,0,32.08,48.1,2,3,17,3,2,0,0.0,0.0,0.017,-3.8,-3.8,60.0,0.2,40.016632016632016,44.4,0,1,1
STP-81582,RT-0006,-1.4,0,7.78,11.7,3,3,17,3,2,0,1.0,22.9,0.017,-7.0,-3.2,87.0,0.3,39.897435897435905,71.4,0,1,1
STP-71261,RT-0006,-0.8,0,9.05,13.6,4,3,18,3,2,0,1.0,0.0,0.017,-8.4,-1.4,89.0,0.4,39.9264705882353,73.4,0,1,1
STP-27786,RT-0006,-5.4,0,41.14,61.7,5,3,19,3,2,0,0.0,26.5,0.017,-9.200000000000001,-0.8,83.0,0.5,40.0064829821718,67.4,0,1,1
STP-65255,RT-0006,-6.3,0,41.32,62.0,6,3,20,3,2,0,0.0,0.0,0.017,-14.600000000000001,-5.4,69.0,0.6,39.987096774193546,63.269999999999996,0,1,1
STP-42411,RT-0006,-0.8,0,4.75,7.1,7,3,20,3,2,0,0.0,0.0,0.017,-20.900000000000002,-6.3,85.0,0.7,40.140845070422536,79.27,0,1,1
STP-58351,RT-0006,-3.1,0,30.37,45.6,8,3,21,3,2,0,0.0,2.2,0.017,-21.700000000000003,-0.8,90.0,0.8,39.96052631578947,84.27,0,1,1
STP-85470,RT-0006,-4.9,0,38.5,57.8,9,3,23,3,2,0,1.0,28.5,0.017,-24.800000000000004,-3.1,89.0,0.9,39.965397923875436,83.27,0,1,1
STP-49529,RT-0006,-1.5,0,21.7,32.5,10,3,23,3,2,0,0.0,0.0,0.017,-29.700000000000003,-4.9,86.0,1.0,40.06153846153846,80.27,0,1,1
STP-42177,RT-0007,18.7,0,19.98,26.6,1,1,10,2,1,3,0.0,22.5,0.333,0.0,0.0,87.0,0.25,45.06766917293233,63.769999999999996,1,0,12
STP-74789,RT-0007,4.5,0,5.07,6.8,2,1,11,2,1,3,0.0,26.5,0.333,18.7,18.7,87.0,0.5,44.735294117647065,63.769999999999996,1,0,12
STP-77715,RT-0007,7.6,0,8.15,10.9,3,1,11,2,1,3,1.0,8.5,0.333,23.2,4.5,62.0,0.75,44.862385321100916,38.769999999999996,1,0,12
STP-12260,RT-0007,60.2,1,57.47,76.6,4,1,13,2,1,3,0.0,10.5,0.333,30.799999999999997,7.6,87.0,1.0,45.01566579634465,63.769999999999996,1,0,12
STP-78765,RT-0008,5.7,0,8.53,12.8,1,3,8,6,3,3,1.0,0.0,0.167,0.0,0.0,64.0,0.125,39.98437499999999,44.11,1,1,8
STP-15965,RT-0008,15.4,0,33.4,50.1,2,3,9,6,3,3,0.0,0.0,0.167,5.7,5.7,69.0,0.25,39.99999999999999,49.11,1,1,8
STP-72746,RT-0008,21.2,0,40.35,60.5,3,3,11,6,3,3,0.0,25.1,0.167,21.1,15.4,90.0,0.375,40.01652892561984,77.76,1,1,8
STP-85631,RT-0008,7.8,0,14.29,21.4,4,3,11,6,3,3,0.0,0.0,0.167,42.3,21.2,90.0,0.5,40.06542056074767,77.76,1,1,8
STP-64548,RT-0008,17.7,1,37.94,56.9,5,3,12,6,3,3,0.0,0.0,0.167,50.099999999999994,7.8,63.0,0.625,40.00702987697715,50.76,1,1,8
STP-50026,RT-0008,19.3,1,37.66,56.5,6,3,13,6,3,3,0.0,0.0,0.167,67.8,17.7,62.0,0.75,39.9929203539823,49.76,1,1,8
STP-32782,RT-0008,2.5,1,5.08,7.6,7,3,14,6,3,3,0.0,0.0,0.167,87.1,19.3,82.0,0.875,40.10526315789474,69.76,1,1,8
STP-69510,RT-0008,19.1,1,32.32,48.5,8,3,15,6,3,3,0.0,10.5,0.167,89.6,2.5,76.0,1.0,39.983505154639175,63.76,1,1,8
STP-15224,RT-0009,38.4,0,42.74,57.0,1,1,12,6,1,3,0.0,20.3,0.333,0.0,0.0,68.0,0.16666666666666666,44.98947368421053,44.769999999999996,1,0,12
STP-98117,RT-0009,7.7,0,9.3,12.4,2,1,12,6,1,3,0.0,0.0,0.333,38.4,38.4,83.0,0.3333333333333333,45.00000000000001,59.769999999999996,1,0,12
STP-86720,RT-0009,30.4,1,28.49,38.0,3,1,13,6,1,3,0.0,0.0,0.333,46.1,7.7,72.0,0.5,44.98421052631579,48.769999999999996,1,0,12
STP-53228,RT-0009,13.2,1,16.5,22.0,4,1,14,6,1,3,0.0,0.0,0.333,76.5,30.4,86.0,0.6666666666666666,45.0,62.769999999999996,1,0,12
STP-25194,RT-0009,32.2,1,37.56,50.1,5,1,15,6,1,3,1.0,21.3,0.333,89.7,13.2,60.0,0.8333333333333334,44.98203592814371,36.769999999999996,1,0,12
STP-91609,RT-0009,16.5,1,18.23,24.3,6,1,15,6,1,3,0.0,0.0,0.333,121.9,32.2,88.0,1.0,45.01234567901234,64.77,1,0,12
STP-45838,RT-0010,12.2,0,35.87,23.9,1,0,5,4,0,0,0.0,0.0,0.583,0.0,0.0,86.0,0.25,90.05020920502092,50.88,0,0,4
STP-27892,RT-0010,11.4,0,31.75,21.2,2,0,6,4,0,0,0.0,20.5,0.583,12.2,12.2,68.0,0.5,89.85849056603773,32.88,0,0,4
STP-86931,RT-0010,8.5,0,27.35,18.2,3,0,6,4,0,0,0.0,0.0,0.583,23.6,11.4,74.0,0.75,90.16483516483517,38.88,0,0,4
STP-52176,RT-0010,12.1,0,25.4,16.9,4,0,7,4,0,0,0.0,0.0,0.583,32.1,8.5,74.0,1.0,90.17751479289942,29.96,0,0,4
STP-44737,RT-0011,20.1,0,52.76,70.3,1,1,19,5,2,2,0.0,0.0,0.15,0.0,0.0,78.0,0.14285714285714285,45.0298719772404,59.379999999999995,0,0,3
STP-14705,RT-0011,9.2,0,30.04,40.1,2,1,20,5,2,2,0.0,25.7,0.15,20.1,20.1,64.0,0.2857142857142857,44.947630922693264,52.58,0,0,3
STP-23173,RT-0011,3.5,0,26.33,35.1,3,1,21,5,2,2,0.0,0.0,0.15,29.3,9.2,68.0,0.42857142857142855,45.008547008547,56.58,0,0,3
STP-79621,RT-0011,0.6,0,2.2,2.9,4,1,21,5,2,2,0.0,0.0,0.15,32.8,3.5,73.0,0.5714285714285714,45.51724137931035,61.58,0,0,3
STP-86435,RT-0011,5.4,0,21.25,28.3,5,1,22,5,2,2,0.0,0.0,0.15,33.4,0.6,78.0,0.7142857142857143,45.053003533568905,66.58,0,0,3
STP-67898,RT-0011,14.6,0,59.98,80.0,6,1,23,5,2,2,0.0,11.4,0.15,38.8,5.4,76.0,0.8571428571428571,44.985,64.58,0,0,3
STP-73335,RT-0011,26.3,1,64.06,85.4,7,1,1,6,2,2,0.0,14.0,0.15,53.4,14.6,61.0,1.0,45.007025761124126,51.75,0,0,3
STP-67779,RT-0012,35.8,0,41.0,61.5,1,3,20,2,1,3,0.0,0.0,0.333,0.0,0.0,88.0,0.1111111111111111,40.0,66.31,1,1,12
STP-57953,RT-0012,45.7,1,43.62,65.4,2,3,21,2,1,3,0.0,24.3,0.333,35.8,35.8,76.0,0.2222222222222222,40.01834862385321,54.31,1,1,12
STP-71385,RT-0012,38.5,1,49.06,73.6,3,3,23,2,1,3,0.0,19.4,0.333,81.5,45.7,84.0,0.3333333333333333,39.99456521739131,62.31,1,1,12
STP-80329,RT-0012,51.4,1,57.21,85.8,4,3,1,3,1,3,1.0,0.0,0.333,120.0,38.5,87.0,0.4444444444444444,40.00699300699301,68.68,1,1,12
STP-71797,RT-0012,25.1,1,27.44,41.2,5,3,2,3,1,3,0.0,21.7,0.333,171.4,51.4,85.0,0.5555555555555556,39.961165048543684,66.68,1,1,12
STP-49608,RT-0012,61.7,1,57.45,86.2,6,3,3,3,1,3,1.0,0.0,0.333,196.5,25.1,76.0,0.6666666666666666,39.988399071925755,57.68,1,1,12
STP-69459,RT-0012,44.7,1,46.71,70.1,7,3,5,3,1,3,0.0,11.8,0.333,258.2,61.7,61.0,0.7777777777777778,39.980028530670474,42.68,1,1,12
STP-90694,RT-0012,2.4,1,2.48,3.7,8,3,5,3,1,3,0.0,11.8,0.333,302.9,44.7,64.0,0.8888888888888888,40.21621621621622,45.68,1,1,12
STP-99873,RT-0012,3.8,1,3.74,5.6,9,3,5,3,1,3,1.0,0.0,0.333,305.29999999999995,2.4,73.0,1.0,40.07142857142858,54.68,1,1,12
STP-88116,RT-0013,10.2,0,51.6,77.4,1,3,1,4,3,1,1.0,0.0,0.1,0.0,0.0,71.0,0.1111111111111111,40.0,60.18,0,1,4
STP-56955,RT-0013,23.6,0,61.48,92.2,2,3,3,4,3,1,0.0,0.0,0.1,10.2,10.2,74.0,0.2222222222222222,40.00867678958785,63.18,0,1,4
STP-18330,RT-0013,9.3,0,34.78,52.2,3,3,4,4,3,1,1.0,0.0,0.1,33.8,23.6,76.0,0.3333333333333333,39.97701149425288,65.18,0,1,4
STP-96363,RT-0013,3.9,0,16.75,25.1,4,3,4,4,3,1,1.0,0.0,0.1,43.099999999999994,9.3,65.0,0.4444444444444444,40.0398406374502,54.18,0,1,4
STP-68138,RT-0013,10.6,0,35.66,53.5,5,3,6,4,3,1,0.0,22.5,0.1,46.99999999999999,3.9,82.0,0.5555555555555556,39.992523364485976,71.18,0,1,4
STP-59925,RT-0013,21.9,1,65.67,98.5,6,3,7,4,3,1,1.0,14.5,0.1,57.599999999999994,10.6,79.0,0.6666666666666666,40.00203045685279,65.22,0,1,4
STP-38183,RT-0013,3.6,1,41.91,62.9,7,3,9,4,3,1,0.0,0.0,0.1,79.5,21.9,82.0,0.7777777777777778,39.97774244833068,68.22,0,1,4
STP-97177,RT-0013,2.2,1,12.17,18.3,8,3,9,4,3,1,1.0,0.0,0.1,83.1,3.6,73.0,0.8888888888888888,39.90163934426229,59.22,0,1,4
STP-58843,RT-0013,5.8,1,42.41,63.6,9,3,11,4,3,1,0.0,0.0,0.1,85.3,2.2,84.0,1.0,40.00943396226415,73.31,0,1,4
STP-91490,RT-0014,4.9,0,16.59,11.1,1,0,11,2,1,2,1.0,0.0,0.383,0.0,0.0,65.0,0.16666666666666666,89.67567567567568,36.53,0,0,9
STP-56009,RT-0014,14.5,0,42.19,28.1,2,0,12,2,1,2,1.0,0.0,0.383,4.9,4.9,65.0,0.3333333333333333,90.08540925266902,36.53,0,0,9
STP-38197,RT-0014,10.5,0,32.73,21.8,3,0,12,2,1,2,0.0,21.8,0.383,19.4,14.5,76.0,0.5,90.08256880733944,47.53,0,0,9
STP-90981,RT-0014,8.6,0,29.03,19.4,4,0,13,2,1,2,0.0,0.0,0.383,29.9,10.5,75.0,0.6666666666666666,89.78350515463919,46.53,0,0,9
STP-24918,RT-0014,7.5,0,19.77,13.2,5,0,13,2,1,2,0.0,11.1,0.383,38.5,8.6,82.0,0.8333333333333334,89.86363636363636,53.53,0,0,9
STP-17180,RT-0014,8.6,0,24.57,16.4,6,0,14,2,1,2,1.0,0.0,0.383,46.0,7.5,72.0,1.0,89.89024390243902,43.53,0,0,9
STP-93904,RT-0015,6.8,0,25.84,34.5,1,1,22,4,2,2,0.0,0.0,0.15,0.0,0.0,84.0,0.2,44.93913043478261,72.58,0,0,3
STP-23875,RT-0015,6.3,0,27.05,36.1,2,1,23,4,2,2,0.0,2.2,0.15,6.8,6.8,71.0,0.4,44.958448753462605,59.58,0,0,3
STP-92998,RT-0015,1.5,0,9.54,12.7,3,1,0,5,2,2,0.0,0.0,0.15,13.1,6.3,63.0,0.6,45.07086614173228,53.75,0,0,3
STP-32740,RT-0015,6.2,0,35.04,46.7,4,1,1,5,2,2,0.0,0.0,0.15,14.6,1.5,82.0,0.8,45.01927194860813,72.75,0,0,3
STP-68838,RT-0015,2.0,0,8.18,10.9,5,1,1,5,2,2,0.0,22.2,0.15,20.8,6.2,60.0,1.0,45.027522935779814,50.75,0,0,3
STP-15376,RT-0016,-0.8,0,13.19,8.8,1,0,18,2,2,0,0.0,7.5,0.017,0.0,0.0,82.0,0.16666666666666666,89.93181818181817,70.53999999999999,0,0,1
STP-55015,RT-0016,-8.5,0,51.5,34.3,2,0,19,2,2,0,1.0,0.0,0.017,-0.8,-0.8,61.0,0.3333333333333333,90.08746355685132,49.54,0,0,1
STP-58870,RT-0016,-0.5,0,16.13,10.8,3,0,19,2,2,0,0.0,0.0,0.017,-9.3,-8.5,81.0,0.5,89.6111111111111,69.53999999999999,0,0,1
STP-83133,RT-0016,-2.5,0,16.84,11.2,4,0,20,2,2,0,0.0,0.0,0.017,-9.8,-0.5,60.0,0.6666666666666666,90.21428571428572,55.269999999999996,0,0,1
STP-55851,RT-0016,-2.3,0,31.14,20.8,5,0,20,2,2,0,0.0,29.1,0.017,-12.3,-2.5,69.0,0.8333333333333334,89.82692307692308,64.27,0,0,1
STP-97833,RT-0016,-2.5,0,30.18,20.1,6,0,21,2,2,0,0.0,0.0,0.017,-14.600000000000001,-2.3,84.0,1.0,90.08955223880596,79.27,0,0,1
STP-30218,RT-0017,-1.4,0,32.71,21.8,1,0,16,5,2,1,0.0,0.0,0.033,0.0,0.0,85.0,0.2,90.02752293577981,69.85,0,0,2
STP-41133,RT-0017,-1.4,0,55.05,36.7,2,0,17,5,2,1,1.0,0.0,0.033,-1.4,-1.4,74.0,0.4,89.99999999999999,58.85,0,0,2
STP-35430,RT-0017,-0.6,0,43.72,29.1,3,0,18,5,2,1,0.0,0.0,0.033,-2.8,-1.4,64.0,0.6,90.14432989690721,48.85,0,0,2
STP-36174,RT-0017,-2.9,0,50.67,33.8,4,0,19,5,2,1,1.0,22.5,0.033,-3.4,-0.6,64.0,0.8,89.94674556213019,48.85,0,0,2
STP-47363,RT-0017,-4.7,0,47.88,31.9,5,0,19,5,2,1,0.0,6.8,0.033,-6.3,-2.9,61.0,1.0,90.05642633228841,45.85,0,0,2
STP-28191,RT-0018,11.1,0,12.58,18.9,1,3,17,1,1,3,0.0,0.0,0.333,0.0,0.0,90.0,0.25,39.93650793650794,56.43,1,1,12
STP-89807,RT-0018,24.9,0,24.01,36.0,2,3,18,1,1,3,0.0,0.0,0.333,11.1,11.1,88.0,0.5,40.01666666666667,54.43,1,1,12
STP-24530,RT-0018,30.5,1,28.7,43.1,3,3,19,1,1,3,0.0,26.2,0.333,36.0,24.9,62.0,0.75,39.953596287703014,28.43,1,1,12
STP-90584,RT-0018,26.2,1,32.49,48.7,4,3,20,1,1,3,0.0,0.0,0.333,66.5,30.5,86.0,1.0,40.02874743326488,64.31,1,1,12
STP-53583,RT-0019,-0.3,0,12.02,11.1,1,2,13,2,2,0,0.0,14.0,0.017,0.0,0.0,83.0,0.125,64.97297297297297,79.36,0,0,1
STP-69988,RT-0019,-1.3,0,10.1,9.3,2,2,13,2,2,0,0.0,10.5,0.017,-0.3,-0.3,78.0,0.25,65.16129032258064,74.36,0,0,1
STP-14799,RT-0019,-8.3,0,47.79,44.1,3,2,14,2,2,0,0.0,21.9,0.017,-1.6,-1.3,71.0,0.375,65.0204081632653,67.36,0,0,1
STP-62431,RT-0019,-4.7,0,36.15,33.4,4,2,15,2,2,0,0.0,22.2,0.017,-9.9,-8.3,62.0,0.5,64.94011976047904,58.36,0,0,1
STP-20828,RT-0019,-3.5,0,41.92,38.7,5,2,16,2,2,0,0.0,0.0,0.017,-14.600000000000001,-4.7,73.0,0.625,64.9922480620155,59.9,0,0,1
STP-48750,RT-0019,-3.5,0,38.91,35.9,6,2,16,2,2,0,0.0,29.1,0.017,-18.1,-3.5,64.0,0.75,65.03064066852367,50.9,0,0,1
STP-67008,RT-0019,-1.8,0,19.58,18.1,7,2,17,2,2,0,1.0,0.0,0.017,-21.6,-3.5,64.0,0.875,64.90607734806629,50.9,0,0,1
STP-28714,RT-0019,-2.2,0,41.33,38.2,8,2,18,2,2,0,0.0,0.0,0.017,-23.400000000000002,-1.8,64.0,1.0,64.91623036649214,50.9,0,0,1
STP-44116,RT-0020,0.2,0,14.83,9.9,1,0,11,4,3,0,0.0,6.3,0.083,0.0,0.0,62.0,0.2,89.87878787878788,56.269999999999996,0,0,2
STP-68341,RT-0020,0.9,0,36.31,24.2,2,0,11,4,3,0,0.0,0.0,0.083,0.2,0.2,69.0,0.4,90.02479338842976,63.269999999999996,0,0,2
STP-30644,RT-0020,-0.5,0,19.97,13.3,3,0,12,4,3,0,0.0,28.5,0.083,1.1,0.9,89.0,0.6,90.09022556390977,83.27,0,0,2
STP-41029,RT-0020,-0.4,0,46.58,31.1,4,0,13,4,3,0,0.0,0.0,0.083,0.6000000000000001,-0.5,78.0,0.8,89.86495176848875,72.27,0,0,2
STP-62187,RT-0020,2.1,0,38.18,25.5,5,0,13,4,3,0,0.0,0.0,0.083,0.20000000000000007,-0.4,70.0,1.0,89.83529411764707,64.27,0,0,2
STP-39552,RT-0021,0.3,0,12.28,8.2,1,0,5,2,2,2,0.0,11.8,0.15,0.0,0.0,77.0,0.1111111111111111,89.85365853658537,67.9,0,0,3
STP-91922,RT-0021,0.5,0,21.2,14.1,2,0,6,2,2,2,0.0,0.0,0.15,0.3,0.3,66.0,0.2222222222222222,90.2127659574468,56.9,0,0,3
STP-89316,RT-0021,2.8,0,20.27,13.5,3,0,6,2,2,2,1.0,0.0,0.15,0.8,0.5,73.0,0.3333333333333333,90.08888888888889,63.9,0,0,3
STP-37631,RT-0021,1.5,0,38.76,25.8,4,0,7,2,2,2,0.0,21.9,0.15,3.5999999999999996,2.8,86.0,0.4444444444444444,90.13953488372093,65.37,0,0,3
STP-99783,RT-0021,0.1,0,24.15,16.1,5,0,7,2,2,2,0.0,21.8,0.15,5.1,1.5,75.0,0.5555555555555556,89.99999999999999,54.370000000000005,0,0,3
STP-50970,RT-0021,1.9,0,31.16,20.8,6,0,8,2,2,2,0.0,20.5,0.15,5.199999999999999,0.1,85.0,0.6666666666666666,89.88461538461539,64.37,0,0,3
STP-51827,RT-0021,2.3,0,42.57,28.4,7,0,9,2,2,2,0.0,0.0,0.15,7.1,1.9,61.0,0.7777777777777778,89.93661971830986,40.370000000000005,0,0,3
STP-30932,RT-0021,-2.2,0,56.55,37.7,8,0,10,2,2,2,0.0,0.0,0.15,9.399999999999999,2.3,73.0,0.8888888888888888,89.99999999999999,60.46,0,0,3
STP-50441,RT-0021,4.3,0,48.23,32.2,9,0,10,2,2,2,1.0,0.0,0.15,7.199999999999998,-2.2,85.0,1.0,89.86956521739128,72.46000000000001,0,0,3
STP-19637,RT-0022,1.3,0,13.85,9.2,1,0,20,3,1,0,0.0,0.0,0.25,0.0,0.0,75.0,0.1,90.32608695652175,60.89,0,0,3
STP-54444,RT-0022,2.1,0,12.24,8.2,2,0,20,3,1,0,0.0,0.0,0.25,1.3,1.3,89.0,0.2,89.5609756097561,74.89,0,0,3
STP-53652,RT-0022,1.6,0,18.22,12.1,3,0,20,3,1,0,0.0,0.0,0.25,3.4000000000000004,2.1,88.0,0.3,90.34710743801652,73.89,0,0,3
STP-90805,RT-0022,2.2,0,12.1,8.1,4,0,21,3,1,0,1.0,0.0,0.25,5.0,1.6,79.0,0.4,89.62962962962963,64.89,0,0,3
STP-12180,RT-0022,3.9,0,31.37,20.9,5,0,21,3,1,0,0.0,0.0,0.25,7.2,2.2,88.0,0.5,90.05741626794259,73.89,0,0,3
STP-85821,RT-0022,1.7,0,14.18,9.5,6,0,22,3,1,0,0.0,0.0,0.25,11.1,3.9,90.0,0.6,89.5578947368421,75.89,0,0,3
STP-99224,RT-0022,4.9,0,23.66,15.8,7,0,22,3,1,0,0.0,2.2,0.25,12.799999999999999,1.7,70.0,0.7,89.84810126582278,55.89,0,0,3
STP-63788,RT-0022,2.8,0,17.44,11.6,8,0,23,3,1,0,0.0,28.0,0.25,17.7,4.9,62.0,0.8,90.20689655172414,47.89,0,0,3
STP-96799,RT-0022,1.4,0,12.18,8.1,9,0,23,3,1,0,0.0,20.6,0.25,20.5,2.8,89.0,0.9,90.22222222222223,74.89,0,0,3
STP-35200,RT-0022,5.7,0,32.35,21.6,10,0,0,4,1,0,0.0,21.3,0.25,21.9,1.4,61.0,1.0,89.8611111111111,45.08,0,0,3
STP-72793,RT-0023,1.9,0,48.19,44.5,1,2,15,1,3,5,0.0,22.2,0.133,0.0,0.0,68.0,0.1,64.9752808988764,58.7,0,0,4
STP-16653,RT-0023,6.3,0,34.04,31.4,2,2,16,1,3,5,0.0,0.0,0.133,1.9,1.9,67.0,0.2,65.04458598726114,47.510000000000005,0,0,4
STP-28018,RT-0023,7.3,0,44.35,40.9,3,2,16,1,3,5,0.0,0.0,0.133,8.2,6.3,82.0,0.3,65.06112469437653,62.510000000000005,0,0,4
STP-94659,RT-0023,2.5,0,11.85,10.9,4,2,17,1,3,5,0.0,4.4,0.133,15.5,7.3,71.0,0.4,65.22935779816514,51.510000000000005,0,0,4
STP-14763,RT-0023,12.4,0,65.44,60.4,5,2,18,1,3,5,1.0,0.0,0.133,18.0,2.5,71.0,0.5,65.00662251655629,51.510000000000005,0,0,4
STP-53914,RT-0023,7.4,0,56.46,52.1,6,2,19,1,3,5,0.0,0.0,0.133,30.4,12.4,75.0,0.6,65.02111324376199,55.510000000000005,0,0,4
STP-53343,RT-0023,3.5,0,28.55,26.4,7,2,20,1,3,5,1.0,0.0,0.133,37.8,7.4,90.0,0.7,64.88636363636364,82.03,0,0,4
STP-93719,RT-0023,6.8,0,52.54,48.5,8,2,21,1,3,5,0.0,0.0,0.133,41.3,3.5,88.0,0.8,64.9979381443299,80.03,0,0,4
STP-42512,RT-0023,10.4,0,63.63,58.7,9,2,22,1,3,5,0.0,0.0,0.133,48.099999999999994,6.8,81.0,0.9,65.03918228279386,73.03,0,0,4
STP-95679,RT-0023,2.3,0,24.73,22.8,10,2,23,1,3,5,0.0,0.0,0.133,58.49999999999999,10.4,73.0,1.0,65.07894736842105,65.03,0,0,4
STP-78879,RT-0024,20.4,0,10.84,16.3,1,3,4,0,0,4,1.0,0.0,0.833,0.0,0.0,82.0,0.16666666666666666,39.90184049079755,29.86,1,1,20
STP-29641,RT-0024,42.3,0,20.37,30.6,2,3,5,0,0,4,0.0,0.0,0.833,20.4,20.4,90.0,0.3333333333333333,39.94117647058824,37.86,1,1,20
STP-17292,RT-0024,45.6,1,26.1,39.2,3,3,6,0,0,4,0.0,0.0,0.833,62.699999999999996,42.3,79.0,0.5,39.94897959183673,26.86,1,1,20
STP-10395,RT-0024,40.1,1,19.79,29.7,4,3,6,0,0,4,0.0,0.0,0.833,108.3,45.6,84.0,0.6666666666666666,39.97979797979798,31.86,1,1,20
STP-71875,RT-0024,91.2,1,48.43,72.6,5,3,8,0,0,4,0.0,0.0,0.833,148.4,40.1,72.0,0.8333333333333334,40.02479338842975,9.18,1,1,20
STP-59479,RT-0024,53.4,1,26.95,40.4,6,3,9,0,0,4,0.0,0.0,0.833,239.60000000000002,91.2,90.0,1.0,40.024752475247524,27.18,1,1,20
STP-14222,RT-0025,11.8,0,18.31,16.9,1,2,4,1,0,5,1.0,26.2,0.633,0.0,0.0,89.0,0.2,65.00591715976331,46.87,0,0,8
STP-68515,RT-0025,14.8,0,20.31,18.7,2,2,4,1,0,5,0.0,16.0,0.633,11.8,11.8,75.0,0.4,65.16577540106952,32.87,0,0,8
STP-17398,RT-0025,23.3,0,34.0,31.4,3,2,5,1,0,5,1.0,16.5,0.633,26.6,14.8,66.0,0.6,64.96815286624204,23.869999999999997,0,0,8
STP-28777,RT-0025,45.8,1,61.42,56.7,4,2,6,1,0,5,1.0,0.0,0.633,49.900000000000006,23.3,77.0,0.8,64.99470899470899,34.87,0,0,8
STP-65994,RT-0025,23.4,1,37.63,34.7,5,2,7,1,0,5,0.0,0.0,0.633,95.7,45.8,71.0,1.0,65.06628242074927,24.630000000000003,0,0,8
STP-68954,RT-0026,48.7,0,34.49,51.7,1,3,1,4,0,3,0.0,8.5,0.667,0.0,0.0,63.0,0.2,40.02707930367505,24.82,1,1,16
STP-19539,RT-0026,79.6,1,55.85,83.8,2,3,2,4,0,3,0.0,0.0,0.667,48.7,48.7,71.0,0.4,39.988066825775654,32.82,1,1,16
STP-12009,RT-0026,49.3,1,29.55,44.3,3,3,3,4,0,3,0.0,0.0,0.667,128.3,79.6,61.0,0.6,40.02257336343116,22.82,1,1,16
STP-41369,RT-0026,59.0,1,37.76,56.6,4,3,4,4,0,3,0.0,0.0,0.667,177.60000000000002,49.3,76.0,0.8,40.02826855123675,37.82,1,1,16
STP-71080,RT-0026,48.2,1,32.06,48.1,5,3,5,4,0,3,1.0,0.0,0.667,236.60000000000002,59.0,60.0,1.0,39.991683991684,21.82,1,1,16
STP-74044,RT-0027,11.9,0,42.42,56.6,1,1,16,3,3,2,0.0,0.0,0.217,0.0,0.0,84.0,0.2,44.96819787985866,58.09,0,0,6
STP-81058,RT-0027,5.2,0,16.25,21.7,2,1,17,3,3,2,1.0,0.0,0.217,11.9,11.9,86.0,0.4,44.93087557603687,60.09,0,0,6
STP-92667,RT-0027,23.9,0,52.24,69.7,3,1,18,3,3,2,0.0,22.2,0.217,17.1,5.2,81.0,0.6,44.969870875179346,55.09,0,0,6
STP-96413,RT-0027,14.1,1,39.96,53.3,4,1,19,3,3,2,1.0,0.0,0.217,41.0,23.9,62.0,0.8,44.983114446529086,36.09,0,0,6
STP-98346,RT-0027,23.5,1,48.2,64.3,5,1,20,3,3,2,1.0,0.0,0.217,55.1,14.1,76.0,1.0,44.97667185069985,59.92,0,0,6
STP-32463,RT-0028,3.2,0,28.36,18.9,1,0,2,4,2,4,0.0,0.0,0.267,0.0,0.0,64.0,0.16666666666666666,90.03174603174602,49.65,1,0,5
STP-84289,RT-0028,12.4,0,48.83,32.6,2,0,3,4,2,4,0.0,29.1,0.267,3.2,3.2,63.0,0.3333333333333333,89.87116564417178,48.65,1,0,5
STP-51220,RT-0028,6.5,0,31.78,21.2,3,0,3,4,2,4,0.0,10.5,0.267,15.600000000000001,12.4,71.0,0.5,89.9433962264151,56.65,1,0,5
STP-61007,RT-0028,8.9,0,47.35,31.6,4,0,4,4,2,4,0.0,6.3,0.267,22.1,6.5,73.0,0.6666666666666666,89.90506329113923,58.65,1,0,5
STP-67290,RT-0028,6.9,0,38.12,25.4,5,0,5,4,2,4,0.0,0.0,0.267,31.0,8.9,73.0,0.8333333333333334,90.04724409448819,58.65,1,0,5
STP-45825,RT-0028,7.4,0,41.53,27.7,6,0,5,4,2,4,0.0,0.0,0.267,37.9,6.9,77.0,1.0,89.95667870036101,62.65,1,0,5
STP-45358,RT-0029,30.7,0,59.03,54.5,1,2,13,2,0,0,1.0,19.7,0.583,0.0,0.0,70.0,0.125,64.98715596330275,34.17,0,0,4
STP-22198,RT-0029,27.5,0,48.79,45.0,2,2,14,2,0,0,0.0,0.0,0.583,30.7,30.7,86.0,0.25,65.05333333333333,50.17,0,0,4
STP-41816,RT-0029,18.0,1,31.67,29.2,3,2,15,2,0,0,0.0,13.1,0.583,58.2,27.5,67.0,0.375,65.07534246575344,31.17,0,0,4
STP-46170,RT-0029,10.9,1,19.07,17.6,4,2,15,2,0,0,0.0,0.0,0.583,76.2,18.0,78.0,0.5,65.01136363636364,42.17,0,0,4
STP-24021,RT-0029,18.1,1,31.14,28.7,5,2,16,2,0,0,1.0,19.7,0.583,87.10000000000001,10.9,84.0,0.625,65.10104529616724,34.54,0,0,4
STP-95332,RT-0029,29.5,1,56.35,52.0,6,2,17,2,0,0,0.0,0.0,0.583,105.20000000000002,18.1,65.0,0.75,65.01923076923077,15.54,0,0,4
STP-48200,RT-0029,15.7,1,30.08,27.8,7,2,17,2,0,0,0.0,0.0,0.583,134.70000000000002,29.5,77.0,0.875,64.92086330935251,27.54,0,0,4
STP-83905,RT-0029,21.5,1,40.33,37.2,8,2,18,2,0,0,1.0,0.0,0.583,150.4,15.7,89.0,1.0,65.04838709677419,39.54,0,0,4
STP-64827,RT-0030,5.4,0,13.44,9.0,1,0,5,1,0,1,0.0,0.0,0.6,0.0,0.0,89.0,0.1111111111111111,89.6,51.24,0,0,8
STP-42536,RT-0030,9.3,0,23.67,15.8,2,0,5,1,0,1,0.0,0.0,0.6,5.4,5.4,84.0,0.2222222222222222,89.88607594936708,46.24,0,0,8
STP-66420,RT-0030,15.2,0,39.1,26.1,3,0,6,1,0,1,0.0,0.0,0.6,14.700000000000001,9.3,69.0,0.3333333333333333,89.88505747126437,31.240000000000002,0,0,8
STP-61266,RT-0030,14.9,0,38.28,25.5,4,0,6,1,0,1,1.0,16.0,0.6,29.9,15.2,90.0,0.4444444444444444,90.07058823529412,52.24,0,0,8
STP-21253,RT-0030,12.2,0,26.78,17.9,5,0,7,1,0,1,0.0,16.5,0.6,44.8,14.9,69.0,0.5555555555555556,89.76536312849164,25.159999999999997,0,0,8
STP-67431,RT-0030,18.4,1,47.61,31.7,6,0,7,1,0,1,0.0,0.0,0.6,57.0,12.2,63.0,0.6666666666666666,90.11356466876971,19.159999999999997,0,0,8
STP-31542,RT-0030,7.4,1,20.28,13.5,7,0,8,1,0,1,0.0,0.0,0.6,75.4,18.4,75.0,0.7777777777777778,90.13333333333334,31.159999999999997,0,0,8
STP-63090,RT-0030,13.5,1,34.8,23.2,8,0,8,1,0,1,1.0,0.0,0.6,82.80000000000001,7.4,67.0,0.8888888888888888,90.0,23.159999999999997,0,0,8
STP-38153,RT-0030,15.0,1,40.62,27.1,9,0,9,1,0,1,0.0,22.2,0.6,96.30000000000001,13.5,69.0,1.0,89.93357933579334,25.159999999999997,0,0,8
STP-21108,RT-0031,41.7,0,29.42,44.1,1,3,3,0,0,2,0.0,14.1,0.717,0.0,0.0,74.0,0.1111111111111111,40.02721088435374,26.43,0,1,12
STP-85340,RT-0031,29.1,1,20.33,30.5,2,3,3,0,0,2,0.0,10.9,0.717,41.7,41.7,61.0,0.2222222222222222,39.993442622950816,13.43,0,1,12
STP-34523,RT-0031,19.8,1,14.43,21.6,3,3,4,0,0,2,0.0,1.2,0.717,70.80000000000001,29.1,62.0,0.3333333333333333,40.08333333333333,14.43,0,1,12
STP-76248,RT-0031,33.2,1,22.69,34.0,4,3,5,0,0,2,0.0,0.0,0.717,90.60000000000001,19.8,60.0,0.4444444444444444,40.04117647058824,12.43,0,1,12
STP-38905,RT-0031,37.1,1,25.06,37.6,5,3,6,0,0,2,1.0,12.2,0.717,123.80000000000001,33.2,67.0,0.5555555555555556,39.98936170212765,19.43,0,1,12
STP-24838,RT-0031,26.2,1,18.73,28.1,6,3,6,0,0,2,0.0,0.0,0.717,160.9,37.1,78.0,0.6666666666666666,39.99288256227758,30.43,0,1,12
STP-65725,RT-0031,61.4,1,42.71,64.1,7,3,8,0,0,2,0.0,0.0,0.717,187.1,26.2,90.0,0.7777777777777778,39.978159126365064,36.05,0,1,12
STP-25386,RT-0031,74.1,1,54.32,81.5,8,3,9,0,0,2,1.0,6.3,0.717,248.5,61.4,86.0,0.8888888888888888,39.99018404907975,32.05,0,1,12
STP-37082,RT-0031,45.5,1,29.3,44.0,9,3,10,0,0,2,0.0,0.0,0.717,322.6,74.1,82.0,1.0,39.95454545454546,38.52,0,1,12
STP-74154,RT-0032,36.4,0,41.38,62.1,1,3,20,0,3,4,0.0,0.0,0.333,0.0,0.0,85.0,0.1,39.98067632850242,61.230000000000004,1,1,10
STP-46467,RT-0032,34.2,0,38.96,58.4,2,3,21,0,3,4,0.0,0.0,0.333,36.4,36.4,85.0,0.2,40.02739726027398,61.230000000000004,1,1,10
STP-70089,RT-0032,6.7,1,10.08,15.1,3,3,22,0,3,4,0.0,0.0,0.333,70.6,34.2,62.0,0.3,40.05298013245034,38.230000000000004,1,1,10
STP-52318,RT-0032,15.9,1,22.54,33.8,4,3,23,0,3,4,0.0,21.9,0.333,77.3,6.7,69.0,0.4,40.011834319526635,45.230000000000004,1,1,10
STP-92074,RT-0032,5.9,1,6.92,10.4,5,3,23,0,3,4,0.0,0.0,0.333,93.2,15.9,82.0,0.5,39.92307692307692,58.230000000000004,1,1,10
STP-27290,RT-0032,8.7,1,10.42,15.6,6,3,23,0,3,4,0.0,20.5,0.333,99.10000000000001,5.9,61.0,0.6,40.07692307692307,37.230000000000004,1,1,10
STP-95054,RT-0032,33.9,1,48.06,72.1,7,3,1,1,3,4,1.0,0.0,0.333,107.80000000000001,8.7,65.0,0.7,39.99445214979196,46.86,1,1,10
STP-72496,RT-0032,11.5,1,11.75,17.6,8,3,1,1,3,4,0.0,0.0,0.333,141.70000000000002,33.9,72.0,0.8,40.05681818181818,53.86,1,1,10
STP-72613,RT-0032,9.0,1,10.89,16.3,9,3,2,1,3,4,0.0,0.0,0.333,153.20000000000002,11.5,63.0,0.9,40.08588957055215,44.86,1,1,10
STP-27451,RT-0032,33.1,1,40.98,61.5,10,3,3,1,3,4,0.0,0.0,0.333,162.20000000000002,9.0,73.0,1.0,39.98048780487805,54.86,1,1,10
STP-82534,RT-0033,19.9,0,39.29,52.4,1,1,11,2,1,0,0.0,9.8,0.25,0.0,0.0,78.0,0.2,44.98854961832061,56.42,0,0,3
STP-61347,RT-0033,22.2,0,39.93,53.2,2,1,12,2,1,0,0.0,0.0,0.25,19.9,19.9,86.0,0.4,45.03383458646616,64.42,0,0,3
STP-19307,RT-0033,20.4,0,50.03,66.7,3,1,13,2,1,0,0.0,0.0,0.25,42.099999999999994,22.2,87.0,0.6,45.00449775112443,65.42,0,0,3
STP-81612,RT-0033,7.7,0,15.12,20.2,4,1,14,2,1,0,0.0,21.8,0.25,62.49999999999999,20.4,83.0,0.8,44.91089108910891,61.42,0,0,3
STP-17925,RT-0033,9.7,1,25.79,34.4,5,1,15,2,1,0,1.0,7.8,0.25,70.19999999999999,7.7,77.0,1.0,44.98255813953488,55.42,0,0,3
STP-21300,RT-0034,0.5,0,6.01,5.5,1,2,14,3,2,2,0.0,0.0,0.15,0.0,0.0,71.0,0.2,65.56363636363636,60.69,0,0,3
STP-31473,RT-0034,1.9,0,30.93,28.6,2,2,15,3,2,2,0.0,20.6,0.15,0.5,0.5,76.0,0.4,64.88811188811188,65.69,0,0,3
STP-25473,RT-0034,2.7,0,24.55,22.7,3,2,15,3,2,2,0.0,5.2,0.15,2.4,1.9,71.0,0.6,64.8898678414097,60.69,0,0,3
STP-75031,RT-0034,4.7,0,27.1,25.0,4,2,16,3,2,2,0.0,0.0,0.15,5.1,2.7,89.0,0.8,65.04,67.19,0,0,3
STP-98358,RT-0034,0.6,0,19.09,17.6,5,2,16,3,2,2,0.0,0.0,0.15,9.8,4.7,87.0,1.0,65.07954545454545,65.19,0,0,3
STP-16019,RT-0035,13.2,0,64.06,42.7,1,0,18,1,1,1,1.0,8.5,0.267,0.0,0.0,82.0,0.1,90.01405152224825,54.42,0,0,6
STP-36302,RT-0035,5.6,0,57.51,38.3,2,0,19,1,1,1,0.0,0.0,0.267,13.2,13.2,89.0,0.2,90.09399477806788,61.42,0,0,6
STP-81638,RT-0035,7.9,0,41.82,27.9,3,0,19,1,1,1,1.0,6.3,0.267,18.799999999999997,5.6,77.0,0.3,89.93548387096774,49.42,0,0,6
STP-10191,RT-0035,1.3,0,6.74,4.5,4,0,20,1,1,1,0.0,0.0,0.267,26.699999999999996,7.9,73.0,0.4,89.86666666666667,53.760000000000005,0,0,6
STP-17850,RT-0035,5.2,0,18.63,12.4,5,0,20,1,1,1,0.0,8.5,0.267,27.999999999999996,1.3,83.0,0.5,90.14516129032258,63.760000000000005,0,0,6
STP-21128,RT-0035,6.4,0,32.11,21.4,6,0,21,1,1,1,1.0,26.0,0.267,33.199999999999996,5.2,79.0,0.6,90.02803738317758,59.760000000000005,0,0,6
STP-44208,RT-0035,6.7,0,28.14,18.8,7,0,21,1,1,1,0.0,22.9,0.267,39.599999999999994,6.4,69.0,0.7,89.80851063829788,49.760000000000005,0,0,6
STP-36569,RT-0035,9.2,1,48.36,32.2,8,0,22,1,1,1,0.0,20.6,0.267,46.3,6.7,62.0,0.8,90.11180124223601,42.760000000000005,0,0,6
STP-37215,RT-0035,5.7,1,26.35,17.6,9,0,22,1,1,1,0.0,0.0,0.267,55.5,9.2,66.0,0.9,89.82954545454545,46.760000000000005,0,0,6
STP-42534,RT-0035,7.7,1,34.63,23.1,10,0,23,1,1,1,1.0,7.8,0.267,61.2,5.7,60.0,1.0,89.94805194805195,40.760000000000005,0,0,6
STP-43924,RT-0036,5.3,0,31.78,42.4,1,1,10,2,3,1,1.0,19.4,0.1,0.0,0.0,89.0,0.25,44.97169811320755,78.27,0,0,4
STP-53456,RT-0036,15.7,0,69.32,92.4,2,1,12,2,3,1,0.0,0.0,0.1,5.3,5.3,90.0,0.5,45.012987012987004,79.27,0,0,4
STP-32650,RT-0036,3.7,0,15.54,20.7,3,1,12,2,3,1,1.0,11.8,0.1,21.0,15.7,65.0,0.75,45.04347826086956,54.269999999999996,0,0,4
STP-48680,RT-0036,2.0,0,9.76,13.0,4,1,12,2,3,1,0.0,0.0,0.1,24.7,3.7,67.0,1.0,45.04615384615384,56.269999999999996,0,0,4
STP-71824,RT-0037,23.9,0,31.24,46.9,1,3,19,0,1,3,0.0,0.0,0.333,0.0,0.0,80.0,0.125,39.96588486140725,46.43,1,1,12
STP-17328,RT-0037,17.0,0,18.21,27.3,2,3,20,0,1,3,0.0,0.0,0.333,23.9,23.9,83.0,0.25,40.02197802197802,61.31,1,1,12
STP-87662,RT-0037,26.6,0,31.65,47.5,3,3,21,0,1,3,0.0,22.2,0.333,40.9,17.0,87.0,0.375,39.97894736842105,65.31,1,1,12
STP-74517,RT-0037,31.5,1,32.61,48.9,4,3,22,0,1,3,0.0,0.0,0.333,67.5,26.6,66.0,0.5,40.012269938650306,44.31,1,1,12
STP-90495,RT-0037,18.0,1,22.85,34.3,5,3,22,0,1,3,0.0,0.0,0.333,99.0,31.5,77.0,0.625,39.970845481049565,55.31,1,1,12
STP-28566,RT-0037,48.0,1,53.1,79.7,6,3,0,1,1,3,1.0,0.0,0.333,117.0,18.0,74.0,0.75,39.974905897114176,55.68,1,1,12
STP-27884,RT-0037,12.9,1,14.66,22.0,7,3,1,1,1,3,0.0,20.8,0.333,165.0,48.0,64.0,0.875,39.981818181818184,45.68,1,1,12
STP-90440,RT-0037,23.3,1,29.0,43.5,8,3,1,1,1,3,0.0,0.0,0.333,177.9,12.9,63.0,1.0,40.0,44.68,1,1,12
STP-97821,RT-0038,1.3,0,3.93,5.9,1,3,1,1,2,2,0.0,0.0,0.15,0.0,0.0,83.0,0.14285714285714285,39.96610169491525,72.28,0,1,3
STP-16310,RT-0038,3.1,0,18.66,28.0,2,3,1,1,2,2,0.0,0.0,0.15,1.3,1.3,71.0,0.2857142857142857,39.98571428571429,60.28,0,1,3
STP-72847,RT-0038,3.3,0,28.02,42.0,3,3,2,1,2,2,0.0,0.0,0.15,4.4,3.1,68.0,0.42857142857142855,40.02857142857143,57.28,0,1,3
STP-51774,RT-0038,5.5,0,42.81,64.2,4,3,4,1,2,2,0.0,0.0,0.15,7.7,3.3,64.0,0.5714285714285714,40.00934579439252,53.28,0,1,3
STP-90431,RT-0038,12.1,0,52.25,78.4,5,3,5,1,2,2,0.0,0.0,0.15,13.2,5.5,86.0,0.7142857142857143,39.98724489795918,75.28,0,1,3
STP-34901,RT-0038,5.2,0,33.2,49.8,6,3,6,1,2,2,0.0,0.0,0.15,25.299999999999997,12.1,62.0,0.8571428571428571,40.00000000000001,51.28,0,1,3
STP-82045,RT-0038,6.0,0,35.35,53.0,7,3,7,1,2,2,0.0,20.5,0.15,30.499999999999996,5.2,87.0,1.0,40.01886792452831,68.59,0,1,3
STP-44510,RT-0039,0.4,0,10.5,14.0,1,1,2,5,2,0,0.0,0.0,0.017,0.0,0.0,71.0,0.1111111111111111,45.0,71.0,0,0,1
STP-64262,RT-0039,1.5,0,39.19,52.3,2,1,3,5,2,0,0.0,13.8,0.017,0.4,0.4,64.0,0.2222222222222222,44.959847036328874,64.0,0,0,1
STP-40886,RT-0039,1.2,0,42.15,56.2,3,1,4,5,2,0,1.0,23.4,0.017,1.9,1.5,89.0,0.3333333333333333,44.99999999999999,89.0,0,0,1
STP-91300,RT-0039,3.9,0,49.95,66.6,4,1,6,5,2,0,0.0,0.0,0.017,3.0999999999999996,1.2,66.0,0.4444444444444444,45.00000000000001,66.0,0,0,1
STP-20271,RT-0039,4.6,0,62.02,82.7,5,1,7,5,2,0,0.0,0.0,0.017,7.0,3.9,62.0,0.5555555555555556,44.99637243047158,54.43,0,0,1
STP-82923,RT-0039,-1.0,0,39.82,53.1,6,1,9,5,2,0,0.0,21.8,0.017,11.6,4.6,74.0,0.6666666666666666,44.994350282485875,66.43,0,0,1
STP-29613,RT-0039,0.7,0,21.42,28.6,7,1,9,5,2,0,0.0,0.0,0.017,10.6,-1.0,71.0,0.7777777777777778,44.93706293706294,63.43,0,0,1
STP-55071,RT-0039,2.1,0,51.46,68.6,8,1,11,5,2,0,0.0,20.5,0.017,11.299999999999999,0.7,74.0,0.8888888888888888,45.00874635568513,66.65,0,0,1
STP-89777,RT-0039,1.7,0,14.93,19.9,9,1,11,5,2,0,0.0,20.7,0.017,13.399999999999999,2.1,80.0,1.0,45.01507537688442,72.65,0,0,1
STP-37707,RT-0040,25.6,0,21.12,19.5,1,2,22,4,0,4,0.0,1.4,0.833,0.0,0.0,79.0,0.1,64.98461538461538,27.479999999999997,1,0,20
STP-76426,RT-0040,44.3,0,39.07,36.1,2,2,23,4,0,4,0.0,0.0,0.833,25.6,25.6,83.0,0.2,64.93628808864266,31.479999999999997,1,0,20
STP-42701,RT-0040,52.9,1,45.05,41.6,3,2,23,4,0,4,0.0,0.0,0.833,69.9,44.3,60.0,0.3,64.97596153846153,8.479999999999997,1,0,20
STP-41711,RT-0040,42.9,1,36.05,33.3,4,2,0,5,0,4,0.0,25.6,0.833,122.80000000000001,52.9,84.0,0.4,64.95495495495496,34.66,1,0,20
STP-43903,RT-0040,31.2,1,25.59,23.6,5,2,1,5,0,4,0.0,0.0,0.833,165.70000000000002,42.9,79.0,0.5,65.0593220338983,29.659999999999997,1,0,20
STP-94853,RT-0040,53.6,1,42.87,39.6,6,2,2,5,0,4,1.0,26.7,0.833,196.9,31.2,80.0,0.6,64.95454545454545,30.659999999999997,1,0,20
STP-11109,RT-0040,25.1,1,20.72,19.1,7,2,2,5,0,4,0.0,0.0,0.833,250.5,53.6,78.0,0.7,65.08900523560209,28.659999999999997,1,0,20
STP-70161,RT-0040,9.3,1,7.55,7.0,8,2,3,5,0,4,0.0,0.0,0.833,275.6,25.1,78.0,0.8,64.71428571428571,28.659999999999997,1,0,20
STP-59051,RT-0040,26.1,1,21.66,20.0,9,2,3,5,0,4,1.0,21.2,0.833,284.90000000000003,9.3,61.0,0.9,64.98,11.659999999999997,1,0,20
STP-46291,RT-0040,24.5,1,20.93,19.3,10,2,4,5,0,4,0.0,27.1,0.833,311.00000000000006,26.1,65.0,1.0,65.06735751295336,15.659999999999997,1,0,20
STP-54979,RT-0041,45.4,0,35.33,47.1,1,1,10,1,0,5,0.0,6.3,0.633,0.0,0.0,69.0,0.125,45.00636942675159,29.229999999999997,0,0,8
STP-83170,RT-0041,43.2,1,36.95,49.3,2,1,11,1,0,5,0.0,19.7,0.633,45.4,45.4,78.0,0.25,44.96957403651116,38.23,0,0,8
STP-39131,RT-0041,42.6,1,35.32,47.1,3,1,12,1,0,5,0.0,0.0,0.633,88.6,43.2,75.0,0.375,44.9936305732484,35.23,0,0,8
STP-25437,RT-0041,11.0,1,9.94,13.3,4,1,13,1,0,5,0.0,0.0,0.633,131.2,42.6,68.0,0.5,44.84210526315789,28.229999999999997,0,0,8
STP-99220,RT-0041,35.6,1,29.86,39.8,5,1,14,1,0,5,0.0,27.4,0.633,142.2,11.0,63.0,0.625,45.01507537688442,23.229999999999997,0,0,8
STP-69974,RT-0041,38.8,1,33.16,44.2,6,1,14,1,0,5,0.0,0.0,0.633,177.79999999999998,35.6,84.0,0.75,45.01357466063348,44.23,0,0,8
STP-10617,RT-0041,39.8,1,39.48,52.6,7,1,15,1,0,5,0.0,0.0,0.633,216.59999999999997,38.8,66.0,0.875,45.03422053231939,26.229999999999997,0,0,8
STP-66847,RT-0041,17.9,1,15.69,20.9,8,1,16,1,0,5,0.0,18.0,0.633,256.4,39.8,83.0,1.0,45.04306220095694,36.84,0,0,8
STP-48119,RT-0042,6.1,0,35.76,47.7,1,1,2,3,2,5,0.0,0.0,0.067,0.0,0.0,64.0,0.1,44.98113207547169,58.75,0,0,2
STP-34697,RT-0042,5.3,0,27.83,37.1,2,1,2,3,2,5,0.0,0.0,0.067,6.1,6.1,83.0,0.2,45.008086253369264,77.75,0,0,2
STP-32149,RT-0042,1.5,0,10.49,14.0,3,1,3,3,2,5,0.0,0.0,0.067,11.399999999999999,5.3,89.0,0.3,44.957142857142856,83.75,0,0,2
STP-16286,RT-0042,8.6,0,36.07,48.1,4,1,4,3,2,5,0.0,9.8,0.067,12.899999999999999,1.5,73.0,0.4,44.99376299376299,67.75,0,0,2
STP-30070,RT-0042,3.0,0,30.5,40.7,5,1,5,3,2,5,0.0,2.2,0.067,21.5,8.6,81.0,0.5,44.96314496314496,75.75,0,0,2
STP-64896,RT-0042,5.0,0,51.32,68.4,6,1,6,3,2,5,0.0,4.9,0.067,24.5,3.0,86.0,0.6,45.017543859649116,80.75,0,0,2
STP-44471,RT-0042,9.8,0,44.57,59.4,7,1,7,3,2,5,0.0,11.4,0.067,29.5,5.0,86.0,0.7,45.02020202020202,72.86,0,0,2
STP-73001,RT-0042,4.9,0,60.07,80.1,8,1,9,3,2,5,1.0,0.0,0.067,39.3,9.8,72.0,0.8,44.99625468164794,58.86,0,0,2
STP-19836,RT-0042,1.8,0,26.7,35.6,9,1,10,3,2,5,0.0,19.2,0.067,44.199999999999996,4.9,88.0,0.9,44.99999999999999,82.19,0,0,2
STP-15170,RT-0042,2.0,0,15.83,21.1,10,1,10,3,2,5,0.0,0.0,0.067,45.99999999999999,1.8,63.0,1.0,45.01421800947867,57.19,0,0,2
STP-72684,RT-0043,2.1,0,3.19,4.3,1,1,22,0,2,4,0.0,0.0,0.267,0.0,0.0,74.0,0.1111111111111111,44.51162790697674,58.22,1,0,5
STP-84572,RT-0043,13.8,0,25.35,33.8,2,1,23,0,2,4,1.0,21.9,0.267,2.1,2.1,71.0,0.2222222222222222,45.00000000000001,55.22,1,0,5
STP-63907,RT-0043,8.4,0,16.98,22.6,3,1,0,1,2,4,1.0,23.4,0.267,15.9,13.8,72.0,0.3333333333333333,45.07964601769911,55.33,1,0,5
STP-97797,RT-0043,19.7,0,37.17,49.6,4,1,1,1,2,4,0.0,1.4,0.267,24.3,8.4,74.0,0.4444444444444444,44.96370967741936,57.33,1,0,5
STP-83183,RT-0043,2.6,0,4.98,6.6,5,1,1,1,2,4,0.0,13.8,0.267,44.0,19.7,84.0,0.5555555555555556,45.27272727272727,67.33,1,0,5
STP-74441,RT-0043,21.1,1,40.79,54.4,6,1,2,1,2,4,0.0,26.7,0.267,46.6,2.6,68.0,0.6666666666666666,44.9889705882353,51.33,1,0,5
STP-68220,RT-0043,20.9,1,32.63,43.5,7,1,3,1,2,4,0.0,1.4,0.267,67.7,21.1,65.0,0.7777777777777778,45.00689655172414,48.33,1,0,5
STP-64046,RT-0043,33.3,1,51.33,68.4,8,1,5,1,2,4,0.0,0.0,0.267,88.6,20.9,89.0,0.8888888888888888,45.02631578947368,72.33,1,0,5
STP-95799,RT-0043,25.5,1,47.18,62.9,9,1,6,1,2,4,0.0,0.0,0.267,121.89999999999999,33.3,64.0,1.0,45.00476947535771,47.33,1,0,5
STP-63636,RT-0044,7.7,0,24.59,22.7,1,2,17,2,1,5,0.0,0.0,0.3,0.0,0.0,77.0,0.16666666666666666,64.99559471365639,49.69,0,0,6
STP-24125,RT-0044,18.6,0,52.22,48.2,2,2,17,2,1,5,0.0,0.0,0.3,7.7,7.7,65.0,0.3333333333333333,65.00414937759336,37.69,0,0,6
STP-27647,RT-0044,5.6,0,13.96,12.9,3,2,18,2,1,5,0.0,0.0,0.3,26.3,18.6,60.0,0.5,64.93023255813954,32.69,0,0,6
STP-33226,RT-0044,9.6,0,20.12,18.6,4,2,19,2,1,5,0.0,21.9,0.3,31.9,5.6,90.0,0.6666666666666666,64.90322580645162,62.69,0,0,6
STP-64875,RT-0044,19.6,1,42.66,39.4,5,2,19,2,1,5,0.0,0.0,0.3,41.5,9.6,65.0,0.8333333333333334,64.96446700507614,37.69,0,0,6
STP-88974,RT-0044,8.6,1,20.53,19.0,6,2,20,2,1,5,1.0,13.7,0.3,61.1,19.6,73.0,1.0,64.83157894736843,56.0,0,0,6
STP-79979,RT-0045,14.1,0,29.67,39.6,1,1,12,2,1,1,0.0,22.2,0.267,0.0,0.0,89.0,0.1111111111111111,44.95454545454545,69.61,0,0,6
STP-31094,RT-0045,33.2,0,47.3,63.1,2,1,13,2,1,1,0.0,22.6,0.267,14.1,14.1,72.0,0.2222222222222222,44.97622820919175,52.61,0,0,6
STP-69322,RT-0045,33.5,1,59.54,79.4,3,1,15,2,1,1,0.0,0.0,0.267,47.300000000000004,33.2,77.0,0.3333333333333333,44.99244332493702,57.61,0,0,6
STP-47701,RT-0045,32.0,1,57.81,77.1,4,1,16,2,1,1,0.0,5.5,0.267,80.80000000000001,33.5,87.0,0.4444444444444444,44.98832684824903,59.69,0,0,6
STP-68073,RT-0045,28.0,1,45.34,60.5,5,1,17,2,1,1,0.0,0.0,0.267,112.80000000000001,32.0,62.0,0.5555555555555556,44.96528925619835,34.69,0,0,6
STP-35362,RT-0045,29.5,1,52.0,69.3,6,1,19,2,1,1,0.0,11.1,0.267,140.8,28.0,73.0,0.6666666666666666,45.02164502164502,45.69,0,0,6
STP-82954,RT-0045,1.2,1,2.17,2.9,7,1,19,2,1,1,0.0,0.0,0.267,170.3,29.5,62.0,0.7777777777777778,44.89655172413793,34.69,0,0,6
STP-91968,RT-0045,19.6,1,34.86,46.5,8,1,20,2,1,1,1.0,0.0,0.267,171.5,1.2,86.0,0.8888888888888888,44.98064516129032,65.83,0,0,6
STP-34100,RT-0045,5.1,1,9.01,12.0,9,1,20,2,1,1,0.0,0.0,0.267,191.1,19.6,78.0,1.0,45.05,57.83,0,0,6
STP-60577,RT-0046,4.0,0,45.43,30.3,1,0,6,6,3,5,0.0,22.2,0.133,0.0,0.0,67.0,0.16666666666666666,89.96039603960396,54.97,0,0,4
STP-48854,RT-0046,-0.1,0,50.8,33.9,2,0,7,6,3,5,0.0,26.5,0.133,4.0,4.0,79.0,0.3333333333333333,89.91150442477877,58.21,0,0,4
STP-92511,RT-0046,4.2,0,35.51,23.7,3,0,7,6,3,5,1.0,0.0,0.133,3.9,-0.1,66.0,0.5,89.89873417721519,45.21,0,0,4
STP-30152,RT-0046,6.7,0,50.6,33.7,4,0,8,6,3,5,0.0,0.0,0.133,8.1,4.2,61.0,0.6666666666666666,90.08902077151335,40.21,0,0,4
STP-43901,RT-0046,3.0,0,29.05,19.4,5,0,8,6,3,5,0.0,21.8,0.133,14.8,6.7,72.0,0.8333333333333334,89.84536082474227,51.21,0,0,4
STP-86756,RT-0046,3.0,0,31.68,21.1,6,0,9,6,3,5,0.0,0.0,0.133,17.8,3.0,89.0,1.0,90.08530805687204,68.21000000000001,0,0,4
STP-58906,RT-0047,1.7,0,38.41,35.5,1,2,20,0,3,1,1.0,0.0,0.1,0.0,0.0,90.0,0.14285714285714285,64.91830985915492,79.7,0,0,4
STP-21157,RT-0047,6.2,0,57.73,53.3,2,2,21,0,3,1,0.0,22.2,0.1,1.7,1.7,60.0,0.2857142857142857,64.98686679174484,49.7,0,0,4
STP-38939,RT-0047,8.5,0,32.94,30.4,3,2,22,0,3,1,0.0,17.5,0.1,7.9,6.2,77.0,0.42857142857142855,65.01315789473685,66.7,0,0,4
STP-82045,RT-0047,4.3,0,42.22,39.0,4,2,23,0,3,1,1.0,0.0,0.1,16.4,8.5,71.0,0.5714285714285714,64.95384615384614,60.7,0,0,4
STP-95914,RT-0047,1.5,0,22.68,20.9,5,2,23,0,3,1,1.0,0.0,0.1,20.7,4.3,75.0,0.7142857142857143,65.11004784688996,64.7,0,0,4
STP-29974,RT-0047,1.8,0,22.46,20.7,6,2,0,1,3,1,0.0,0.0,0.1,22.2,1.5,83.0,0.8571428571428571,65.10144927536233,77.71,0,0,4
STP-93995,RT-0047,1.3,0,25.96,24.0,7,2,1,1,3,1,0.0,7.5,0.1,24.0,1.8,68.0,1.0,64.89999999999999,62.71,0,0,4
STP-87337,RT-0048,-1.1,0,48.79,32.5,1,0,18,1,2,1,0.0,25.2,0.033,0.0,0.0,60.0,0.1111111111111111,90.07384615384616,44.85,0,0,2
STP-39269,RT-0048,-1.8,0,53.48,35.7,2,0,18,1,2,1,0.0,13.8,0.033,-1.1,-1.1,66.0,0.2222222222222222,89.88235294117645,50.85,0,0,2
STP-96858,RT-0048,0.7,0,47.61,31.7,3,0,19,1,2,1,0.0,0.0,0.033,-2.9000000000000004,-1.8,86.0,0.3333333333333333,90.11356466876971,70.85,0,0,2
STP-84162,RT-0048,0.8,0,28.06,18.7,4,0,20,1,2,1,0.0,0.0,0.033,-2.2,0.7,89.0,0.4444444444444444,90.03208556149733,85.67,0,0,2
STP-44649,RT-0048,-4.3,0,51.39,34.3,5,0,21,1,2,1,0.0,0.0,0.033,-1.4000000000000001,0.8,87.0,0.5555555555555556,89.89504373177843,83.67,0,0,2
STP-15230,RT-0048,-2.9,0,43.26,28.8,6,0,21,1,2,1,0.0,20.5,0.033,-5.7,-4.3,63.0,0.6666666666666666,90.12499999999999,59.67,0,0,2
STP-95678,RT-0048,-3.1,0,42.39,28.3,7,0,22,1,2,1,0.0,22.3,0.033,-8.6,-2.9,70.0,0.7777777777777778,89.87279151943463,66.67,0,0,2
STP-56255,RT-0048,1.4,0,31.82,21.2,8,0,23,1,2,1,0.0,0.0,0.033,-11.7,-3.1,71.0,0.8888888888888888,90.05660377358491,67.67,0,0,2
STP-20104,RT-0048,-1.4,0,20.46,13.6,9,0,23,1,2,1,0.0,0.0,0.033,-10.299999999999999,1.4,61.0,1.0,90.26470588235296,57.67,0,0,2
STP-43850,RT-0049,3.5,0,33.26,49.9,1,3,0,5,3,1,0.0,0.0,0.1,0.0,0.0,88.0,0.14285714285714285,39.991983967935866,77.18,0,1,4
STP-38389,RT-0049,4.8,0,39.95,59.9,2,3,1,5,3,1,0.0,0.0,0.1,3.5,3.5,89.0,0.2857142857142857,40.01669449081803,78.18,0,1,4
STP-33839,RT-0049,7.3,0,27.39,41.1,3,3,2,5,3,1,0.0,14.3,0.1,8.3,4.8,83.0,0.42857142857142855,39.98540145985401,72.18,0,1,4
STP-27329,RT-0049,10.4,0,37.84,56.8,4,3,3,5,3,1,0.0,10.5,0.1,15.600000000000001,7.3,74.0,0.5714285714285714,39.971830985915496,63.18,0,1,4
STP-90576,RT-0049,13.3,0,47.81,71.7,5,3,4,5,3,1,1.0,0.0,0.1,26.0,10.4,89.0,0.7142857142857143,40.00836820083682,78.18,0,1,4
STP-10157,RT-0049,2.5,0,20.52,30.8,6,3,5,5,3,1,0.0,20.8,0.1,39.3,13.3,68.0,0.8571428571428571,39.97402597402598,57.18,0,1,4
STP-73192,RT-0049,5.5,0,21.44,32.2,7,3,6,5,3,1,0.0,0.0,0.1,41.8,2.5,90.0,1.0,39.950310559006205,79.18,0,1,4
STP-23970,RT-0050,2.6,0,45.1,30.1,1,0,12,4,2,2,0.0,0.0,0.15,0.0,0.0,90.0,0.1,89.90033222591362,77.46000000000001,0,0,3
STP-62095,RT-0050,-0.2,0,41.88,27.9,2,0,13,4,2,2,0.0,21.9,0.15,2.6,2.6,63.0,0.2,90.06451612903227,50.46,0,0,3
STP-85713,RT-0050,2.4,0,31.25,20.8,3,0,13,4,2,2,0.0,22.2,0.15,2.4,-0.2,71.0,0.3,90.14423076923076,58.46,0,0,3
STP-76629,RT-0050,0.5,0,19.29,12.9,4,0,14,4,2,2,0.0,21.8,0.15,4.8,2.4,88.0,0.4,89.72093023255813,75.46000000000001,0,0,3
STP-29048,RT-0050,1.4,0,14.3,9.5,5,0,14,4,2,2,1.0,22.3,0.15,5.3,0.5,69.0,0.5,90.31578947368422,56.46,0,0,3
STP-62513,RT-0050,0.1,0,10.33,6.9,6,0,14,4,2,2,0.0,0.0,0.15,6.699999999999999,1.4,80.0,0.6,89.82608695652173,67.46000000000001,0,0,3
STP-96099,RT-0050,2.2,0,21.14,14.1,7,0,15,4,2,2,0.0,29.9,0.15,6.799999999999999,0.1,75.0,0.7,89.95744680851064,62.46,0,0,3
STP-14726,RT-0050,2.6,0,38.74,25.8,8,0,15,4,2,2,0.0,0.0,0.15,9.0,2.2,82.0,0.8,90.09302325581396,69.46000000000001,0,0,3
STP-36255,RT-0050,0.3,0,11.35,7.6,9,0,16,4,2,2,0.0,0.0,0.15,11.6,2.6,90.0,0.9,89.60526315789474,71.08,0,0,3
STP-46242,RT-0050,1.3,0,22.67,15.1,10,0,16,4,2,2,0.0,0.0,0.15,11.9,0.3,88.0,1.0,90.07947019867551,69.08,0,0,3
STP-86916,RT-0051,40.6,0,26.92,40.4,1,3,22,3,0,3,0.0,26.2,0.667,0.0,0.0,88.0,0.16666666666666666,39.98019801980198,48.93,1,1,16
STP-77699,RT-0051,36.5,1,24.51,36.8,2,3,23,3,0,3,0.0,16.0,0.667,40.6,40.6,77.0,0.3333333333333333,39.96195652173913,37.93,1,1,16
STP-56338,RT-0051,33.6,1,22.15,33.2,3,3,0,4,0,3,0.0,0.0,0.667,77.1,36.5,64.0,0.5,40.03012048192771,25.82,1,1,16
STP-44787,RT-0051,30.8,1,19.16,28.7,4,3,0,4,0,3,0.0,0.0,0.667,110.69999999999999,33.6,86.0,0.6666666666666666,40.055749128919864,47.82,1,1,16
STP-96956,RT-0051,30.7,1,21.59,32.4,5,3,1,4,0,3,1.0,0.0,0.667,141.5,30.8,90.0,0.8333333333333334,39.98148148148149,51.82,1,1,16
STP-85303,RT-0051,54.9,1,35.34,53.0,6,3,2,4,0,3,0.0,26.2,0.667,172.2,30.7,71.0,1.0,40.007547169811325,32.82,1,1,16
STP-52655,RT-0052,14.3,0,17.64,16.3,1,2,19,1,0,3,0.0,7.5,0.667,0.0,0.0,67.0,0.14285714285714285,64.93251533742331,15.810000000000002,1,0,16
STP-75374,RT-0052,20.7,0,23.19,21.4,2,2,20,1,0,3,0.0,0.0,0.667,14.3,14.3,89.0,0.2857142857142857,65.01869158878506,49.07,1,0,16
STP-85483,RT-0052,24.9,1,26.81,24.7,3,2,21,1,0,3,1.0,4.4,0.667,35.0,20.7,63.0,0.42857142857142855,65.12550607287449,23.07,1,0,16
STP-29601,RT-0052,42.5,1,43.76,40.4,4,2,22,1,0,3,0.0,0.0,0.667,59.9,24.9,63.0,0.5714285714285714,64.99009900990099,23.07,1,0,16
STP-49326,RT-0052,40.3,1,46.19,42.6,5,2,22,1,0,3,0.0,22.2,0.667,102.4,42.5,88.0,0.7142857142857143,65.05633802816901,48.07,1,0,16
STP-92557,RT-0052,10.3,1,11.88,11.0,6,2,23,1,0,3,0.0,25.4,0.667,142.7,40.3,71.0,0.8571428571428571,64.80000000000001,31.07,1,0,16
STP-99074,RT-0052,61.1,1,64.29,59.3,7,2,0,2,0,3,0.0,0.0,0.667,153.0,10.3,82.0,1.0,65.04890387858349,43.01,1,0,16
STP-89349,RT-0053,10.0,0,22.59,15.1,1,0,22,5,0,1,0.0,17.5,0.6,0.0,0.0,87.0,0.25,89.76158940397352,46.11,0,0,8
STP-34102,RT-0053,6.3,0,15.87,10.6,2,0,22,5,0,1,0.0,22.5,0.6,10.0,10.0,63.0,0.5,89.83018867924528,22.11,0,0,8
STP-72021,RT-0053,9.2,0,21.02,14.0,3,0,22,5,0,1,0.0,0.0,0.6,16.3,6.3,71.0,0.75,90.08571428571429,30.11,0,0,8
STP-61097,RT-0053,7.2,0,19.6,13.1,4,0,23,5,0,1,1.0,26.7,0.6,25.5,9.2,77.0,1.0,89.77099236641223,36.11,0,0,8
STP-80735,RT-0054,19.6,0,14.38,19.2,1,1,5,2,0,3,0.0,0.0,0.667,0.0,0.0,65.0,0.16666666666666666,44.9375,21.68,1,0,16
STP-27865,RT-0054,31.2,0,21.07,28.1,2,1,6,2,0,3,0.0,0.0,0.667,19.6,19.6,67.0,0.3333333333333333,44.989323843416365,23.68,1,0,16
STP-88250,RT-0054,41.6,1,24.98,33.3,3,1,6,2,0,3,0.0,0.0,0.667,50.8,31.2,62.0,0.5,45.00900900900901,18.68,1,0,16
STP-94671,RT-0054,32.5,1,21.87,29.2,4,1,7,2,0,3,1.0,1.2,0.667,92.4,41.6,66.0,0.6666666666666666,44.93835616438356,14.780000000000001,1,0,16
STP-99737,RT-0054,26.1,1,15.99,21.3,5,1,8,2,0,3,0.0,29.1,0.667,124.9,32.5,76.0,0.8333333333333334,45.04225352112675,24.78,1,0,16
STP-69682,RT-0054,45.9,1,30.14,40.2,6,1,8,2,0,3,0.0,0.0,0.667,151.0,26.1,72.0,1.0,44.98507462686567,20.78,1,0,16
STP-14159,RT-0055,5.2,0,8.04,7.4,1,2,9,3,0,5,0.0,7.5,0.633,0.0,0.0,61.0,0.16666666666666666,65.18918918918918,14.630000000000003,0,0,8
STP-42778,RT-0055,26.7,0,32.5,30.0,2,2,10,3,0,5,0.0,0.0,0.633,5.2,5.2,82.0,0.3333333333333333,65.0,41.36,0,0,8
STP-14392,RT-0055,28.8,0,41.51,38.3,3,2,10,3,0,5,0.0,25.4,0.633,31.9,26.7,76.0,0.5,65.02872062663185,35.36,0,0,8
STP-30789,RT-0055,35.1,1,45.81,42.3,4,2,11,3,0,5,0.0,0.0,0.633,60.7,28.8,68.0,0.6666666666666666,64.97872340425532,27.36,0,0,8
STP-16827,RT-0055,13.3,1,18.06,16.7,5,2,12,3,0,5,1.0,0.0,0.633,95.80000000000001,35.1,69.0,0.8333333333333334,64.88622754491018,28.36,0,0,8
STP-61879,RT-0055,9.3,1,11.82,10.9,6,2,12,3,0,5,0.0,0.0,0.633,109.10000000000001,13.3,76.0,1.0,65.06422018348624,35.36,0,0,8
STP-56945,RT-0056,17.3,0,42.04,38.8,1,2,7,1,1,5,0.0,6.3,0.3,0.0,0.0,85.0,0.1111111111111111,65.01030927835052,55.84,0,0,6
STP-34461,RT-0056,5.2,0,12.63,11.7,2,2,7,1,1,5,0.0,0.0,0.3,17.3,17.3,72.0,0.2222222222222222,64.76923076923077,42.84,0,0,6
STP-48754,RT-0056,10.2,0,21.54,19.9,3,2,8,1,1,5,0.0,0.0,0.3,22.5,5.2,76.0,0.3333333333333333,64.94472361809045,46.84,0,0,6
STP-57720,RT-0056,5.9,0,15.82,14.6,4,2,8,1,1,5,1.0,6.3,0.3,32.7,10.2,68.0,0.4444444444444444,65.01369863013699,38.84,0,0,6
STP-30202,RT-0056,5.4,0,11.7,10.8,5,2,9,1,1,5,0.0,0.0,0.3,38.6,5.9,71.0,0.5555555555555556,64.99999999999999,41.84,0,0,6
STP-14099,RT-0056,9.7,0,28.67,26.5,6,2,9,1,1,5,0.0,26.8,0.3,44.0,5.4,85.0,0.6666666666666666,64.91320754716982,55.84,0,0,6
STP-58018,RT-0056,5.0,0,12.06,11.1,7,2,10,1,1,5,0.0,22.2,0.3,53.7,9.7,78.0,0.7777777777777778,65.1891891891892,56.09,0,0,6
STP-93744,RT-0056,5.7,0,13.49,12.5,8,2,10,1,1,5,0.0,0.0,0.3,58.7,5.0,80.0,0.8888888888888888,64.752,58.09,0,0,6
STP-19225,RT-0056,26.0,1,57.24,52.8,9,2,11,1,1,5,0.0,1.7,0.3,64.4,5.7,89.0,1.0,65.04545454545455,67.09,0,0,6
STP-79979,RT-0057,0.9,0,34.74,52.1,1,3,18,1,2,5,0.0,7.8,0.067,0.0,0.0,64.0,0.125,40.007677543186176,49.13,0,1,2
STP-52395,RT-0057,3.4,0,26.74,40.1,2,3,19,1,2,5,0.0,28.1,0.067,0.9,0.9,77.0,0.25,40.00997506234414,62.13,0,1,2
STP-10025,RT-0057,0.7,0,22.97,34.5,3,3,20,1,2,5,1.0,0.0,0.067,4.3,3.4,80.0,0.375,39.947826086956525,76.51,0,1,2
STP-51275,RT-0057,9.2,0,47.74,71.6,4,3,21,1,2,5,0.0,0.0,0.067,5.0,0.7,86.0,0.5,40.00558659217878,82.51,0,1,2
STP-14946,RT-0057,7.2,0,45.13,67.7,5,3,22,1,2,5,0.0,0.0,0.067,14.2,9.2,86.0,0.625,39.99704579025111,82.51,0,1,2
STP-62402,RT-0057,0.4,0,7.91,11.9,6,3,23,1,2,5,0.0,19.0,0.067,21.4,7.2,71.0,0.75,39.88235294117647,67.51,0,1,2
STP-22499,RT-0057,0.4,0,4.61,6.9,7,3,23,1,2,5,0.0,18.0,0.067,21.799999999999997,0.4,65.0,0.875,40.08695652173913,61.51,0,1,2
STP-66925,RT-0057,4.1,0,31.55,47.3,8,3,0,2,2,5,1.0,0.0,0.067,22.199999999999996,0.4,73.0,1.0,40.02114164904863,66.41,0,1,2
STP-72371,RT-0058,-2.7,0,31.89,47.8,1,3,18,4,2,1,0.0,8.2,0.033,0.0,0.0,78.0,0.16666666666666666,40.02928870292887,63.56,0,1,2
STP-73035,RT-0058,-0.2,0,22.58,33.9,2,3,19,4,2,1,0.0,0.0,0.033,-2.7,-2.7,75.0,0.3333333333333333,39.9646017699115,60.56,0,1,2
STP-66369,RT-0058,-3.1,0,27.43,41.1,3,3,20,4,2,1,0.0,0.0,0.033,-2.9000000000000004,-0.2,88.0,0.5,40.043795620437955,87.33,0,1,2
STP-95905,RT-0058,-4.8,0,37.69,56.5,4,3,21,4,2,1,1.0,0.0,0.033,-6.0,-3.1,73.0,0.6666666666666666,40.024778761061945,72.33,0,1,2
STP-40603,RT-0058,0.3,0,12.24,18.4,5,3,21,4,2,1,0.0,1.5,0.033,-10.8,-4.8,60.0,0.8333333333333334,39.913043478260875,59.33,0,1,2
STP-47707,RT-0058,-1.1,0,20.67,31.0,6,3,22,4,2,1,0.0,0.0,0.033,-10.5,0.3,74.0,1.0,40.00645161290323,73.33,0,1,2
STP-16957,RT-0059,0.5,0,27.41,25.3,1,2,6,4,2,5,1.0,0.0,0.067,0.0,0.0,88.0,0.1,65.00395256916995,80.54,0,0,2
STP-59899,RT-0059,1.9,0,12.47,11.5,2,2,6,4,2,5,0.0,0.0,0.067,0.5,0.5,73.0,0.2,65.06086956521739,65.54,0,0,2
STP-70029,RT-0059,0.2,0,3.48,3.2,3,2,6,4,2,5,0.0,0.0,0.067,2.4,1.9,88.0,0.3,65.25,80.54,0,0,2
STP-99694,RT-0059,0.7,0,14.64,13.5,4,2,6,4,2,5,0.0,29.1,0.067,2.6,0.2,89.0,0.4,65.06666666666666,81.54,0,0,2
STP-13862,RT-0059,-2.0,0,42.88,39.6,5,2,7,4,2,5,1.0,0.0,0.067,3.3,0.7,76.0,0.5,64.96969696969697,62.22,0,0,2
STP-98866,RT-0059,0.8,0,27.67,25.5,6,2,8,4,2,5,0.0,26.3,0.067,1.2999999999999998,-2.0,66.0,0.6,65.10588235294118,52.22,0,0,2
STP-81071,RT-0059,-3.2,0,32.1,29.6,7,2,8,4,2,5,1.0,25.4,0.067,2.0999999999999996,0.8,82.0,0.7,65.06756756756756,68.22,0,0,2
STP-66369,RT-0059,-3.4,0,59.99,55.4,8,2,10,4,2,5,1.0,0.0,0.067,-1.1000000000000005,-3.2,68.0,0.8,64.971119133574,59.85,0,0,2
STP-25517,RT-0059,2.7,0,54.6,50.4,9,2,11,4,2,5,0.0,0.0,0.067,-4.5,-3.4,65.0,0.9,65.0,56.85,0,0,2
STP-93472,RT-0059,3.9,0,57.84,53.4,10,2,12,4,2,5,0.0,20.5,0.067,-1.7999999999999998,2.7,87.0,1.0,64.98876404494382,78.85,0,0,2
STP-39658,RT-0060,20.2,0,42.76,39.5,1,2,18,2,0,0,0.0,4.3,0.583,0.0,0.0,72.0,0.125,64.9518987341772,22.54,0,0,4
STP-18668,RT-0060,7.5,0,13.78,12.7,2,2,18,2,0,0,0.0,0.0,0.583,20.2,20.2,68.0,0.25,65.10236220472441,18.54,0,0,4
STP-15482,RT-0060,15.6,0,29.52,27.2,3,2,19,2,0,0,0.0,3.1,0.583,27.7,7.5,67.0,0.375,65.11764705882354,17.54,0,0,4
STP-69193,RT-0060,6.1,0,10.44,9.6,4,2,19,2,0,0,1.0,23.9,0.583,43.3,15.6,84.0,0.5,65.25,34.54,0,0,4
STP-77649,RT-0060,10.8,0,21.02,19.4,5,2,20,2,0,0,0.0,0.0,0.583,49.4,6.1,65.0,0.625,65.01030927835052,27.810000000000002,0,0,4
STP-17149,RT-0060,3.4,1,5.86,5.4,6,2,20,2,0,0,0.0,0.0,0.583,60.2,10.8,65.0,0.75,65.1111111111111,27.810000000000002,0,0,4
STP-81618,RT-0060,29.6,1,44.8,41.4,7,2,21,2,0,0,1.0,5.4,0.583,63.6,3.4,71.0,0.875,64.92753623188406,33.81,0,0,4
STP-95010,RT-0060,33.0,1,55.14,50.9,8,2,22,2,0,0,0.0,20.8,0.583,93.2,29.6,64.0,1.0,64.99803536345776,26.810000000000002,0,0,4
STP-50569,RT-0061,4.1,0,27.84,41.8,1,3,4,6,3,0,0.0,28.5,0.083,0.0,0.0,71.0,0.1,39.961722488038276,63.56,0,1,2
STP-75225,RT-0061,-1.0,0,23.01,34.5,2,3,5,6,3,0,0.0,0.0,0.083,4.1,4.1,75.0,0.2,40.01739130434783,67.56,0,1,2
STP-67917,RT-0061,5.6,0,51.85,77.8,3,3,6,6,3,0,1.0,0.0,0.083,3.0999999999999996,-1.0,75.0,0.3,39.987146529562985,67.56,0,1,2
STP-29432,RT-0061,3.1,0,13.08,19.6,4,3,7,6,3,0,0.0,0.0,0.083,8.7,5.6,84.0,0.4,40.0408163265306,70.89,0,1,2
STP-64651,RT-0061,11.7,0,63.37,95.1,5,3,8,6,3,0,0.0,8.5,0.083,11.799999999999999,3.1,73.0,0.5,39.981072555205046,59.89,0,1,2
STP-85886,RT-0061,1.0,0,42.76,64.1,6,3,9,6,3,0,1.0,0.0,0.083,23.5,11.7,77.0,0.6,40.024960998439944,63.89,0,1,2
STP-71710,RT-0061,7.3,0,37.17,55.8,7,3,11,6,3,0,0.0,9.9,0.083,24.5,1.0,83.0,0.7,39.96774193548388,75.9,0,1,2
STP-84890,RT-0061,4.2,0,39.85,59.8,8,3,12,6,3,0,0.0,0.0,0.083,31.8,7.3,90.0,0.8,39.98327759197325,82.9,0,1,2
STP-85385,RT-0061,2.7,0,22.64,34.0,9,3,13,6,3,0,0.0,7.8,0.083,36.0,4.2,79.0,0.9,39.95294117647059,71.9,0,1,2
STP-40503,RT-0061,2.1,0,37.36,56.0,10,3,14,6,3,0,0.0,28.5,0.083,38.7,2.7,89.0,1.0,40.028571428571425,81.9,0,1,2
STP-53684,RT-0062,-2.6,0,42.35,39.1,1,2,2,6,2,5,0.0,22.2,0.067,0.0,0.0,79.0,0.14285714285714285,64.98721227621483,71.54,0,0,2
STP-72797,RT-0062,-2.0,0,38.53,35.6,2,2,3,6,2,5,0.0,20.8,0.067,-2.6,-2.6,89.0,0.2857142857142857,64.93820224719101,81.54,0,0,2
STP-70616,RT-0062,1.4,0,21.56,19.9,3,2,3,6,2,5,0.0,0.0,0.067,-4.6,-2.0,90.0,0.42857142857142855,65.00502512562814,82.54,0,0,2
STP-12453,RT-0062,1.3,0,40.88,37.7,4,2,4,6,2,5,0.0,0.0,0.067,-3.1999999999999997,1.4,68.0,0.5714285714285714,65.06100795755968,60.54,0,0,2
STP-54453,RT-0062,-1.4,0,51.82,47.8,5,2,5,6,2,5,1.0,0.0,0.067,-1.8999999999999997,1.3,70.0,0.7142857142857143,65.0460251046025,62.54,0,0,2
STP-51222,RT-0062,1.7,0,25.8,23.8,6,2,6,6,2,5,0.0,0.0,0.067,-3.3,-1.4,89.0,0.8571428571428571,65.04201680672269,81.54,0,0,2
STP-49625,RT-0062,0.4,0,36.07,33.3,7,2,7,6,2,5,0.0,0.0,0.067,-1.5999999999999999,1.7,77.0,1.0,64.990990990991,63.22,0,0,2
STP-10538,RT-0063,15.6,0,36.44,54.7,1,3,21,5,3,3,0.0,25.2,0.167,0.0,0.0,71.0,0.16666666666666666,39.970749542961606,58.01,1,1,8
STP-96374,RT-0063,9.9,0,29.01,43.5,2,3,22,5,3,3,0.0,0.0,0.167,15.6,15.6,66.0,0.3333333333333333,40.01379310344828,53.01,1,1,8
STP-51831,RT-0063,19.7,0,33.37,50.1,3,3,23,5,3,3,0.0,0.0,0.167,25.5,9.9,66.0,0.5,39.96407185628742,53.01,1,1,8
STP-37076,RT-0063,6.6,0,16.59,24.9,4,3,23,5,3,3,0.0,21.2,0.167,45.2,19.7,67.0,0.6666666666666666,39.975903614457835,54.01,1,1,8
STP-54399,RT-0063,12.8,1,25.66,38.5,5,3,0,6,3,3,0.0,8.2,0.167,51.800000000000004,6.6,65.0,0.8333333333333334,39.989610389610384,50.43,1,1,8
STP-33459,RT-0063,23.5,1,44.59,66.9,6,3,1,6,3,3,0.0,0.0,0.167,64.60000000000001,12.8,64.0,1.0,39.99103139013453,49.43,1,1,8
STP-57638,RT-0064,29.2,0,31.58,42.1,1,1,20,6,0,0,0.0,0.0,0.583,0.0,0.0,90.0,0.1111111111111111,45.00712589073634,53.93,0,0,4
STP-56064,RT-0064,7.7,0,9.49,12.7,2,1,21,6,0,0,0.0,0.0,0.583,29.2,29.2,90.0,0.2222222222222222,44.83464566929135,53.93,0,0,4
STP-24022,RT-0064,11.2,0,14.36,19.1,3,1,21,6,0,0,0.0,0.0,0.583,36.9,7.7,63.0,0.3333333333333333,45.109947643979055,26.93,0,0,4
STP-30843,RT-0064,42.6,1,45.34,60.5,4,1,23,6,0,0,0.0,21.3,0.583,48.099999999999994,11.2,66.0,0.4444444444444444,44.96528925619835,29.93,0,0,4
STP-54852,RT-0064,27.3,1,29.63,39.5,5,1,23,6,0,0,0.0,13.1,0.583,90.69999999999999,42.6,88.0,0.5555555555555556,45.00759493670886,51.93,0,0,4
STP-82756,RT-0064,28.7,1,31.7,42.3,6,1,0,0,0,0,0.0,0.0,0.583,117.99999999999999,27.3,75.0,0.6666666666666666,44.9645390070922,38.72,0,0,4
STP-59664,RT-0064,14.0,1,18.47,24.6,7,1,1,0,0,0,0.0,0.0,0.583,146.7,28.7,72.0,0.7777777777777778,45.04878048780487,35.72,0,0,4
STP-96623,RT-0064,12.5,1,13.26,17.7,8,1,1,0,0,0,0.0,0.0,0.583,160.7,14.0,73.0,0.8888888888888888,44.949152542372886,36.72,0,0,4
STP-99071,RT-0064,21.6,1,23.65,31.5,9,1,2,0,0,0,1.0,0.0,0.583,173.2,12.5,84.0,1.0,45.047619047619044,47.72,0,0,4
STP-51697,RT-0065,0.2,0,0.88,0.8,1,2,5,2,2,2,0.0,20.7,0.15,0.0,0.0,86.0,0.2,66.0,73.22,0,0,3
STP-57223,RT-0065,0.8,0,15.5,14.3,2,2,5,2,2,2,0.0,26.5,0.15,0.2,0.2,86.0,0.4,65.03496503496503,73.22,0,0,3
STP-73792,RT-0065,4.8,0,43.87,40.5,3,2,6,2,2,2,0.0,0.0,0.15,1.0,0.8,63.0,0.6,64.99259259259259,50.22,0,0,3
STP-91690,RT-0065,3.8,0,39.91,36.8,4,2,7,2,2,2,0.0,0.0,0.15,5.8,4.8,82.0,0.8,65.07065217391305,64.33,0,0,3
STP-75294,RT-0065,5.7,0,46.66,43.1,5,2,8,2,2,2,0.0,26.5,0.15,9.6,3.8,79.0,1.0,64.95591647331786,61.33,0,0,3
STP-99662,RT-0066,-0.5,0,6.95,4.6,1,0,0,4,2,5,0.0,3.1,0.067,0.0,0.0,68.0,0.25,90.65217391304348,62.31,0,0,2
STP-71503,RT-0066,0.8,0,24.33,16.2,2,0,1,4,2,5,0.0,0.0,0.067,-0.5,-0.5,85.0,0.5,90.11111111111111,79.31,0,0,2
STP-83886,RT-0066,0.9,0,25.94,17.3,3,0,1,4,2,5,0.0,9.4,0.067,0.30000000000000004,0.8,84.0,0.75,89.96531791907515,78.31,0,0,2
STP-76269,RT-0066,-0.4,0,14.62,9.7,4,0,2,4,2,5,0.0,0.0,0.067,1.2000000000000002,0.9,70.0,1.0,90.43298969072166,64.31,0,0,2
STP-75004,RT-0067,0.5,0,23.48,21.7,1,2,3,5,2,1,0.0,21.9,0.033,0.0,0.0,84.0,0.1111111111111111,64.92165898617512,77.25,0,0,2
STP-44654,RT-0067,-1.2,0,15.25,14.1,2,2,3,5,2,1,1.0,0.0,0.033,0.5,0.5,80.0,0.2222222222222222,64.8936170212766,73.25,0,0,2
STP-99589,RT-0067,-1.1,0,18.72,17.3,3,2,3,5,2,1,0.0,0.0,0.033,-0.7,-1.2,74.0,0.3333333333333333,64.92485549132948,67.25,0,0,2
STP-51377,RT-0067,-0.1,0,20.16,18.6,4,2,4,5,2,1,0.0,22.6,0.033,-1.8,-1.1,78.0,0.4444444444444444,65.03225806451613,71.25,0,0,2
STP-95467,RT-0067,-0.2,0,19.13,17.7,5,2,4,5,2,1,0.0,20.5,0.033,-1.9000000000000001,-0.1,71.0,0.5555555555555556,64.84745762711864,64.25,0,0,2
STP-87165,RT-0067,-1.2,0,11.16,10.3,6,2,5,5,2,1,0.0,0.0,0.033,-2.1,-0.2,69.0,0.6666666666666666,65.00970873786407,62.25,0,0,2
STP-11567,RT-0067,-0.8,0,23.97,22.1,7,2,5,5,2,1,0.0,0.0,0.033,-3.3,-1.2,80.0,0.7777777777777778,65.07692307692307,73.25,0,0,2
STP-17455,RT-0067,-1.8,0,35.82,33.1,8,2,6,5,2,1,0.0,13.8,0.033,-4.1,-0.8,74.0,0.8888888888888888,64.93051359516616,67.25,0,0,2
STP-89257,RT-0067,-2.7,0,53.95,49.8,9,2,7,5,2,1,0.0,0.0,0.033,-5.8999999999999995,-1.8,61.0,1.0,65.0,47.1,0,0,2
STP-44690,RT-0068,0.7,0,10.33,9.5,1,2,4,1,2,5,0.0,0.0,0.067,0.0,0.0,71.0,0.25,65.2421052631579,63.54,0,0,2
STP-66525,RT-0068,-1.6,0,29.75,27.5,2,2,4,1,2,5,0.0,2.2,0.067,0.7,0.7,83.0,0.5,64.9090909090909,75.54,0,0,2
STP-68442,RT-0068,-0.7,0,15.3,14.1,3,2,5,1,2,5,0.0,0.0,0.067,-0.9000000000000001,-1.6,72.0,0.75,65.10638297872342,64.54,0,0,2
STP-85319,RT-0068,-0.8,0,10.9,10.1,4,2,5,1,2,5,1.0,19.5,0.067,-1.6,-0.7,84.0,1.0,64.75247524752476,76.54,0,0,2
STP-15155,RT-0069,17.4,0,32.75,30.2,1,2,5,1,1,3,0.0,0.0,0.333,0.0,0.0,71.0,0.1,65.06622516556291,52.86,1,0,12
STP-92941,RT-0069,28.5,0,42.83,39.5,2,2,6,1,1,3,0.0,25.1,0.333,17.4,17.4,83.0,0.2,65.05822784810127,64.86,1,0,12
STP-94332,RT-0069,12.2,0,19.77,18.2,3,2,6,1,1,3,0.0,0.0,0.333,45.9,28.5,85.0,0.3,65.17582417582418,66.86,1,0,12
STP-15611,RT-0069,10.7,0,17.85,16.5,4,2,6,1,1,3,0.0,0.0,0.333,58.099999999999994,12.2,85.0,0.4,64.9090909090909,66.86,1,0,12
STP-14833,RT-0069,14.9,1,26.23,24.2,5,2,7,1,1,3,0.0,0.0,0.333,68.8,10.7,85.0,0.5,65.03305785123968,54.71,1,0,12
STP-92924,RT-0069,22.7,1,46.68,43.1,6,2,8,1,1,3,1.0,0.0,0.333,83.7,14.9,70.0,0.6,64.98375870069606,39.71,1,0,12
STP-87984,RT-0069,26.3,1,50.18,46.3,7,2,9,1,1,3,0.0,0.0,0.333,106.4,22.7,62.0,0.7,65.0280777537797,31.71,1,0,12
STP-52151,RT-0069,15.0,1,29.5,27.2,8,2,10,1,1,3,0.0,0.0,0.333,132.70000000000002,26.3,62.0,0.8,65.07352941176471,41.739999999999995,1,0,12
STP-32026,RT-0069,8.7,1,15.46,14.3,9,2,10,1,1,3,0.0,0.0,0.333,147.70000000000002,15.0,69.0,0.9,64.86713286713287,48.739999999999995,1,0,12
STP-30677,RT-0069,21.9,1,45.54,42.0,10,2,11,1,1,3,0.0,0.0,0.333,156.4,8.7,79.0,1.0,65.05714285714286,58.739999999999995,1,0,12
STP-49478,RT-0070,-2.4,0,45.82,68.7,1,3,1,2,2,5,1.0,0.0,0.067,0.0,0.0,73.0,0.1,40.0174672489083,66.41,0,1,2
STP-70845,RT-0070,1.5,0,43.93,65.9,2,3,3,2,2,5,0.0,0.0,0.067,-2.4,-2.4,84.0,0.2,39.99696509863429,77.41,0,1,2
STP-15651,RT-0070,-2.4,0,50.15,75.2,3,3,4,2,2,5,0.0,0.0,0.067,-0.8999999999999999,1.5,80.0,0.3,40.013297872340424,73.41,0,1,2
STP-33053,RT-0070,1.8,0,18.65,28.0,4,3,5,2,2,5,0.0,0.0,0.067,-3.3,-2.4,86.0,0.4,39.96428571428571,79.41,0,1,2
STP-98716,RT-0070,0.0,0,50.46,75.7,5,3,6,2,2,5,0.0,0.0,0.067,-1.4999999999999998,1.8,63.0,0.5,39.99471598414795,56.41,0,1,2
STP-19637,RT-0070,5.3,0,31.37,47.1,6,3,7,2,2,5,0.0,0.0,0.067,-1.4999999999999998,0.0,69.0,0.6,39.961783439490446,57.16,0,1,2
STP-35448,RT-0070,7.5,0,27.46,41.2,7,3,8,2,2,5,0.0,0.0,0.067,3.8,5.3,88.0,0.7,39.99029126213592,76.16,0,1,2
STP-70106,RT-0070,0.0,0,18.06,27.1,8,3,9,2,2,5,1.0,0.0,0.067,11.3,7.5,64.0,0.8,39.985239852398514,52.16,0,1,2
STP-82450,RT-0070,-1.1,0,45.27,67.9,9,3,10,2,2,5,0.0,8.5,0.067,11.3,0.0,73.0,0.9,40.00294550810015,68.18,0,1,2
STP-66113,RT-0070,-0.1,0,11.42,17.1,10,3,11,2,2,5,0.0,6.3,0.067,10.200000000000001,-1.1,62.0,1.0,40.070175438596486,57.18,0,1,2
STP-21892,RT-0071,10.1,0,18.7,24.9,1,1,20,1,2,4,1.0,0.0,0.267,0.0,0.0,76.0,0.14285714285714285,45.06024096385542,60.22,1,0,5
STP-28169,RT-0071,32.9,0,58.85,78.5,2,1,21,1,2,4,0.0,26.2,0.267,10.1,10.1,75.0,0.2857142857142857,44.98089171974522,59.22,1,0,5
STP-53634,RT-0071,10.5,0,23.57,31.4,3,1,22,1,2,4,0.0,0.0,0.267,43.0,32.9,63.0,0.42857142857142855,45.038216560509554,47.22,1,0,5
STP-20611,RT-0071,2.1,1,6.3,8.4,4,1,22,1,2,4,0.0,0.0,0.267,53.5,10.5,62.0,0.5714285714285714,44.99999999999999,46.22,1,0,5
STP-15357,RT-0071,11.9,1,18.9,25.2,5,1,23,1,2,4,0.0,21.0,0.267,55.6,2.1,75.0,0.7142857142857143,45.0,59.22,1,0,5
STP-95070,RT-0071,24.7,1,40.07,53.4,6,1,0,2,2,4,1.0,0.0,0.267,67.5,11.9,73.0,0.8571428571428571,45.02247191011236,56.33,1,0,5
STP-65434,RT-0071,26.2,1,47.09,62.8,7,1,1,2,2,4,0.0,0.0,0.267,92.2,24.7,76.0,1.0,44.990445859872615,59.33,1,0,5
STP-46168,RT-0072,26.5,0,56.38,37.6,1,0,0,0,0,5,0.0,0.0,0.633,0.0,0.0,82.0,0.16666666666666666,89.96808510638297,39.74,0,0,8
STP-72115,RT-0072,10.2,0,21.87,14.6,2,0,0,0,0,5,1.0,21.8,0.633,26.5,26.5,66.0,0.3333333333333333,89.87671232876713,23.740000000000002,0,0,8
STP-78107,RT-0072,9.3,0,19.95,13.3,3,0,1,0,0,5,0.0,14.3,0.633,36.7,10.2,70.0,0.5,89.99999999999999,27.740000000000002,0,0,8
STP-68360,RT-0072,7.5,0,14.8,9.9,4,0,1,0,0,5,1.0,0.0,0.633,46.0,9.3,64.0,0.6666666666666666,89.6969696969697,21.740000000000002,0,0,8
STP-16202,RT-0072,10.3,0,25.29,16.9,5,0,2,0,0,5,0.0,1.5,0.633,53.5,7.5,83.0,0.8333333333333334,89.78698224852072,40.74,0,0,8
STP-97340,RT-0072,21.0,1,43.57,29.0,6,0,3,0,0,5,0.0,26.5,0.633,63.8,10.3,79.0,1.0,90.1448275862069,36.74,0,0,8
STP-81584,RT-0073,130.4,1,63.8,95.7,1,3,17,4,0,4,0.0,7.8,0.833,0.0,0.0,78.0,0.25,40.0,17.090000000000003,1,1,20
STP-67947,RT-0073,77.8,1,43.96,65.9,2,3,18,4,0,4,0.0,21.0,0.833,130.4,130.4,69.0,0.5,40.02427921092564,8.090000000000003,1,1,20
STP-38883,RT-0073,13.5,1,7.23,10.8,3,3,19,4,0,4,0.0,21.0,0.833,208.2,77.8,66.0,0.75,40.166666666666664,5.090000000000003,1,1,20
STP-20956,RT-0073,40.3,1,19.19,28.8,4,3,19,4,0,4,1.0,0.0,0.833,221.7,13.5,88.0,1.0,39.979166666666664,27.090000000000003,1,1,20
STP-47831,RT-0074,28.6,0,55.43,83.1,1,3,8,1,2,4,0.0,0.0,0.267,0.0,0.0,88.0,0.25,40.021660649819495,62.129999999999995,1,1,5
STP-37234,RT-0074,9.2,0,16.34,24.5,2,3,8,1,2,4,0.0,0.0,0.267,28.6,28.6,77.0,0.5,40.01632653061225,51.129999999999995,1,1,5
STP-45825,RT-0074,15.1,0,23.5,35.2,3,3,9,1,2,4,1.0,1.0,0.267,37.8,9.2,79.0,0.75,40.05681818181818,53.129999999999995,1,1,5
STP-74302,RT-0074,14.6,0,28.49,42.7,4,3,10,1,2,4,0.0,0.0,0.267,52.9,15.1,76.0,1.0,40.0327868852459,54.57,1,1,5
STP-84130,RT-0075,19.9,0,26.51,35.3,1,1,13,5,1,3,0.0,14.0,0.333,0.0,0.0,86.0,0.1111111111111111,45.059490084985846,62.769999999999996,1,0,12
STP-44018,RT-0075,18.5,0,20.93,27.9,2,1,14,5,1,3,0.0,0.0,0.333,19.9,19.9,63.0,0.2222222222222222,45.01075268817205,39.769999999999996,1,0,12
STP-93394,RT-0075,46.6,1,52.28,69.7,3,1,16,5,1,3,1.0,20.5,0.333,38.4,18.5,65.0,0.3333333333333333,45.00430416068867,33.04,1,0,12
STP-88480,RT-0075,12.3,1,14.36,19.1,4,1,16,5,1,3,0.0,0.0,0.333,85.0,46.6,60.0,0.4444444444444444,45.109947643979055,28.04,1,0,12
STP-86027,RT-0075,27.2,1,33.75,45.0,5,1,17,5,1,3,0.0,11.1,0.333,97.3,12.3,86.0,0.5555555555555556,45.0,54.04,1,0,12
STP-30257,RT-0075,37.9,1,36.85,49.1,6,1,18,5,1,3,0.0,0.0,0.333,124.5,27.2,79.0,0.6666666666666666,45.03054989816701,47.04,1,0,12
STP-20013,RT-0075,39.9,1,44.39,59.2,7,1,19,5,1,3,0.0,0.0,0.333,162.4,37.9,87.0,0.7777777777777778,44.98986486486486,55.04,1,0,12
STP-54832,RT-0075,9.0,1,9.7,12.9,8,1,20,5,1,3,0.0,1.5,0.333,202.3,39.9,85.0,0.8888888888888888,45.11627906976744,65.94,1,0,12
STP-27067,RT-0075,44.6,1,54.32,72.4,9,1,21,5,1,3,0.0,0.0,0.333,211.3,9.0,80.0,1.0,45.016574585635354,60.94,1,0,12
STP-46356,RT-0076,38.1,0,62.72,94.1,1,3,17,3,3,3,0.0,20.5,0.167,0.0,0.0,83.0,0.1111111111111111,39.99149840595112,58.04,1,1,8
STP-85777,RT-0076,9.4,0,15.48,23.2,2,3,18,3,3,3,0.0,4.6,0.167,38.1,38.1,71.0,0.2222222222222222,40.03448275862069,46.04,1,1,8
STP-76085,RT-0076,3.6,0,6.5,9.8,3,3,18,3,3,3,0.0,1.4,0.167,47.5,9.4,76.0,0.3333333333333333,39.795918367346935,51.04,1,1,8
STP-77403,RT-0076,25.5,0,45.59,68.4,4,3,19,3,3,3,0.0,0.0,0.167,51.1,3.6,79.0,0.4444444444444444,39.99122807017544,54.04,1,1,8
STP-83024,RT-0076,20.9,1,33.03,49.5,5,3,21,3,3,3,0.0,0.0,0.167,76.6,25.5,79.0,0.5555555555555556,40.03636363636364,66.01,1,1,8
STP-63383,RT-0076,25.4,1,49.12,73.7,6,3,22,3,3,3,0.0,27.1,0.167,97.5,20.9,78.0,0.6666666666666666,39.98914518317503,65.01,1,1,8
STP-61952,RT-0076,8.2,1,14.13,21.2,7,3,23,3,3,3,0.0,0.0,0.167,122.9,25.4,64.0,0.7777777777777778,39.99056603773585,51.01,1,1,8
STP-36094,RT-0076,4.7,1,7.4,11.1,8,3,23,3,3,3,1.0,0.0,0.167,131.1,8.2,85.0,0.8888888888888888,40.0,72.01,1,1,8
STP-94388,RT-0076,25.2,1,42.16,63.2,9,3,0,4,3,3,0.0,20.5,0.167,135.79999999999998,4.7,75.0,1.0,40.02531645569619,60.43,1,1,8
STP-78150,RT-0077,40.1,0,58.02,53.6,1,2,15,0,0,5,1.0,21.8,0.633,0.0,0.0,60.0,0.14285714285714285,64.94776119402985,19.36,0,0,8
STP-80848,RT-0077,12.6,0,16.88,15.6,2,2,15,0,0,5,0.0,0.0,0.633,40.1,40.1,62.0,0.2857142857142857,64.92307692307692,21.36,0,0,8
STP-14716,RT-0077,21.8,0,39.9,36.8,3,2,16,0,0,5,1.0,0.0,0.633,52.7,12.6,86.0,0.42857142857142855,65.05434782608695,34.6,0,0,8
STP-73891,RT-0077,34.0,1,48.78,45.0,4,2,17,0,0,5,0.0,0.0,0.633,74.5,21.8,81.0,0.5714285714285714,65.04,29.6,0,0,8
STP-76412,RT-0077,30.4,1,49.81,46.0,5,2,18,0,0,5,1.0,0.0,0.633,108.5,34.0,62.0,0.7142857142857143,64.9695652173913,10.600000000000001,0,0,8
STP-26803,RT-0077,34.0,1,52.3,48.3,6,2,19,0,0,5,0.0,0.0,0.633,138.9,30.4,64.0,0.8571428571428571,64.96894409937889,12.600000000000001,0,0,8
STP-56840,RT-0077,24.3,1,32.1,29.6,7,2,19,0,0,5,1.0,0.0,0.633,172.9,34.0,82.0,1.0,65.06756756756756,30.6,0,0,8
STP-74010,RT-0078,15.9,0,20.07,13.4,1,0,12,2,0,4,1.0,0.0,0.833,0.0,0.0,63.0,0.2,89.86567164179105,12.619999999999997,1,0,20
STP-36444,RT-0078,23.0,0,27.93,18.6,2,0,12,2,0,4,0.0,0.0,0.833,15.9,15.9,66.0,0.4,90.09677419354838,15.619999999999997,1,0,20
STP-85172,RT-0078,25.9,1,32.63,21.8,3,0,13,2,0,4,0.0,0.0,0.833,38.9,23.0,63.0,0.6,89.80733944954129,12.619999999999997,1,0,20
STP-79607,RT-0078,3.7,1,4.96,3.3,4,0,13,2,0,4,0.0,0.0,0.833,64.8,25.9,67.0,0.8,90.18181818181819,16.619999999999997,1,0,20
STP-51071,RT-0078,16.6,1,20.87,13.9,5,0,14,2,0,4,1.0,0.0,0.833,68.5,3.7,69.0,1.0,90.08633093525181,18.619999999999997,1,0,20
STP-49357,RT-0079,9.1,0,48.4,72.6,1,3,17,0,2,2,0.0,0.0,0.15,0.0,0.0,62.0,0.2,40.0,42.18,0,1,3
STP-94678,RT-0079,6.0,0,47.77,71.7,2,3,19,0,2,2,1.0,25.4,0.15,9.1,9.1,69.0,0.4,39.97489539748954,49.18,0,1,3
STP-83377,RT-0079,4.3,0,57.07,85.6,3,3,20,0,2,2,1.0,0.0,0.15,15.1,6.0,86.0,0.6,40.002336448598136,73.49,0,1,3
STP-33066,RT-0079,6.0,0,30.27,45.4,4,3,21,0,2,2,0.0,0.0,0.15,19.4,4.3,68.0,0.8,40.00440528634361,55.49,0,1,3
STP-63347,RT-0079,4.3,0,36.45,54.7,5,3,23,0,2,2,0.0,0.0,0.15,25.4,6.0,64.0,1.0,39.981718464351005,51.49,0,1,3
STP-45985,RT-0080,30.8,0,22.29,33.4,1,3,12,6,0,2,0.0,0.0,0.717,0.0,0.0,81.0,0.1,40.041916167664674,37.52,0,1,12
STP-42289,RT-0080,64.7,1,47.47,71.2,2,3,13,6,0,2,0.0,11.4,0.717,30.8,30.8,72.0,0.2,40.00280898876404,28.520000000000003,0,1,12
STP-96798,RT-0080,55.6,1,43.72,65.6,3,3,14,6,0,2,0.0,1.7,0.717,95.5,64.7,83.0,0.3,39.987804878048784,39.52,0,1,12
STP-99816,RT-0080,94.3,1,61.56,92.3,4,3,16,6,0,2,0.0,0.0,0.717,151.1,55.6,63.0,0.4,40.01733477789816,8.450000000000003,0,1,12
STP-31001,RT-0080,72.9,1,54.33,81.5,5,3,18,6,0,2,1.0,0.0,0.717,245.39999999999998,94.3,86.0,0.5,39.997546012269936,31.450000000000003,0,1,12
STP-74447,RT-0080,43.3,1,31.73,47.6,6,3,19,6,0,2,0.0,0.0,0.717,318.29999999999995,72.9,76.0,0.6,39.99579831932773,21.450000000000003,0,1,12
STP-65164,RT-0080,29.5,1,22.39,33.6,7,3,20,6,0,2,0.0,0.0,0.717,361.59999999999997,43.3,63.0,0.7,39.982142857142854,18.340000000000003,0,1,12
STP-94030,RT-0080,53.2,1,37.67,56.5,8,3,21,6,0,2,0.0,14.0,0.717,391.09999999999997,29.5,84.0,0.8,40.00353982300885,39.34,0,1,12
STP-95089,RT-0080,68.1,1,47.73,71.6,9,3,23,6,0,2,1.0,21.8,0.717,444.29999999999995,53.2,75.0,0.9,39.99720670391062,30.340000000000003,0,1,12
STP-87728,RT-0080,7.7,1,4.89,7.3,10,3,23,6,0,2,0.0,0.0,0.717,512.4,68.1,79.0,1.0,40.19178082191781,34.34,0,1,12
STP-69468,RT-0081,9.3,0,54.27,50.1,1,2,18,5,2,3,0.0,14.5,0.1,0.0,0.0,84.0,0.125,64.9940119760479,68.5,1,0,4
STP-37080,RT-0081,4.2,0,29.88,27.6,2,2,19,5,2,3,0.0,0.0,0.1,9.3,9.3,70.0,0.25,64.95652173913042,54.5,1,0,4
STP-44314,RT-0081,6.8,0,37.12,34.3,3,2,20,5,2,3,0.0,0.0,0.1,13.5,4.2,64.0,0.375,64.932944606414,55.19,1,0,4
STP-52368,RT-0081,7.2,0,49.37,45.6,4,2,21,5,2,3,0.0,7.8,0.1,20.3,6.8,90.0,0.5,64.96052631578947,81.19,1,0,4
STP-16830,RT-0081,6.4,0,43.61,40.3,5,2,21,5,2,3,1.0,10.9,0.1,27.5,7.2,76.0,0.625,64.92803970223325,67.19,1,0,4
STP-49650,RT-0081,7.2,0,48.51,44.8,6,2,22,5,2,3,0.0,20.3,0.1,33.9,6.4,73.0,0.75,64.96875,64.19,1,0,4
STP-54456,RT-0081,4.1,0,28.45,26.3,7,2,23,5,2,3,0.0,8.5,0.1,41.1,7.2,65.0,0.875,64.90494296577947,56.19,1,0,4
STP-75432,RT-0081,0.1,0,36.07,33.3,8,2,0,6,2,3,1.0,0.0,0.1,45.2,4.1,73.0,1.0,64.990990990991,67.04,1,0,4
STP-67203,RT-0082,2.8,0,13.71,9.1,1,0,15,3,3,2,1.0,0.0,0.217,0.0,0.0,81.0,0.2,90.3956043956044,66.93,0,0,6
STP-29405,RT-0082,6.4,0,41.4,27.6,2,0,15,3,3,2,0.0,0.0,0.217,2.8,2.8,69.0,0.4,90.0,54.93,0,0,6
STP-86765,RT-0082,8.9,0,47.07,31.4,3,0,16,3,3,2,1.0,0.0,0.217,9.2,6.4,71.0,0.6,89.94267515923568,47.45,0,0,6
STP-98723,RT-0082,6.2,0,35.45,23.6,4,0,17,3,3,2,1.0,0.0,0.217,18.1,8.9,68.0,0.8,90.12711864406779,44.45,0,0,6
STP-30155,RT-0082,0.8,0,8.08,5.4,5,0,17,3,3,2,0.0,0.0,0.217,24.3,6.2,61.0,1.0,89.77777777777777,37.45,0,0,6
STP-41467,RT-0083,2.6,0,66.15,44.1,1,0,20,4,2,2,0.0,26.0,0.15,0.0,0.0,77.0,0.125,90.00000000000001,68.57,0,0,3
STP-95729,RT-0083,-0.9,0,61.47,41.0,2,0,21,4,2,2,0.0,0.0,0.15,2.6,2.6,89.0,0.25,89.9560975609756,80.57,0,0,3
STP-77194,RT-0083,0.5,0,8.17,5.4,3,0,22,4,2,2,0.0,5.4,0.15,1.7000000000000002,-0.9,67.0,0.375,90.77777777777777,58.57,0,0,3
STP-90460,RT-0083,0.1,0,9.6,6.4,4,0,22,4,2,2,0.0,0.0,0.15,2.2,0.5,81.0,0.5,89.99999999999999,72.57,0,0,3
STP-79111,RT-0083,1.4,0,30.07,20.0,5,0,22,4,2,2,0.0,0.0,0.15,2.3000000000000003,0.1,90.0,0.625,90.21000000000001,81.57,0,0,3
STP-49375,RT-0083,0.4,0,14.14,9.4,6,0,23,4,2,2,0.0,29.9,0.15,3.7,1.4,70.0,0.75,90.25531914893617,61.57,0,0,3
STP-22384,RT-0083,0.7,0,27.11,18.1,7,0,23,4,2,2,0.0,0.0,0.15,4.1000000000000005,0.4,60.0,0.875,89.86740331491711,51.57,0,0,3
STP-96714,RT-0083,-0.2,0,3.39,2.3,8,0,23,4,2,2,0.0,0.0,0.15,4.800000000000001,0.7,85.0,1.0,88.43478260869566,76.57,0,0,3
STP-72537,RT-0084,-0.6,0,25.88,34.5,1,1,13,5,2,1,0.0,4.5,0.033,0.0,0.0,61.0,0.1,45.00869565217391,54.92,0,0,2
STP-98316,RT-0084,-3.4,0,36.31,48.4,2,1,14,5,2,1,0.0,22.6,0.033,-0.6,-0.6,70.0,0.2,45.01239669421488,63.92,0,0,2
STP-34670,RT-0084,-0.3,0,24.89,33.2,3,1,15,5,2,1,0.0,26.5,0.033,-4.0,-3.4,62.0,0.3,44.98192771084337,55.92,0,0,2
STP-49441,RT-0084,1.0,0,6.73,9.0,4,1,15,5,2,1,0.0,21.9,0.033,-4.3,-0.3,84.0,0.4,44.866666666666674,77.92,0,0,2
STP-68918,RT-0084,1.5,0,12.61,16.8,5,1,16,5,2,1,0.0,0.0,0.033,-3.3,1.0,76.0,0.5,45.03571428571428,62.04,0,0,2
STP-74972,RT-0084,2.0,0,22.67,30.2,6,1,16,5,2,1,0.0,1.0,0.033,-1.7999999999999998,1.5,63.0,0.6,45.039735099337754,49.04,0,0,2
STP-98954,RT-0084,2.7,0,17.9,23.9,7,1,17,5,2,1,0.0,0.0,0.033,0.20000000000000018,2.0,83.0,0.7,44.93723849372385,69.03999999999999,0,0,2
STP-94974,RT-0084,7.7,0,38.35,51.1,8,1,18,5,2,1,0.0,21.8,0.033,2.9000000000000004,2.7,61.0,0.8,45.0293542074364,47.04,0,0,2
STP-35192,RT-0084,0.5,0,3.92,5.2,9,1,18,5,2,1,0.0,4.5,0.033,10.600000000000001,7.7,62.0,0.9,45.230769230769226,48.04,0,0,2
STP-48455,RT-0084,3.3,0,17.11,22.8,10,1,19,5,2,1,0.0,20.7,0.033,11.100000000000001,0.5,70.0,1.0,45.026315789473685,56.04,0,0,2
STP-44184,RT-0085,29.2,0,44.07,40.7,1,2,22,0,0,1,0.0,0.0,0.6,0.0,0.0,63.0,0.1111111111111111,64.96805896805897,28.020000000000003,0,0,8
STP-25818,RT-0085,14.1,0,21.72,20.0,2,2,22,0,0,1,1.0,28.1,0.6,29.2,29.2,86.0,0.2222222222222222,65.16,51.02,0,0,8
STP-77552,RT-0085,12.8,0,19.86,18.3,3,2,23,0,0,1,1.0,26.8,0.6,43.3,14.1,73.0,0.3333333333333333,65.11475409836065,38.02,0,0,8
STP-23352,RT-0085,10.0,1,14.98,13.8,4,2,23,0,0,1,0.0,4.9,0.6,56.099999999999994,12.8,61.0,0.4444444444444444,65.13043478260869,26.020000000000003,0,0,8
STP-76308,RT-0085,30.5,1,47.8,44.1,5,2,0,1,0,1,0.0,0.0,0.6,66.1,10.0,72.0,0.5555555555555556,65.03401360544217,35.04,0,0,8
STP-10863,RT-0085,10.5,1,17.18,15.9,6,2,1,1,0,1,0.0,0.0,0.6,96.6,30.5,74.0,0.6666666666666666,64.83018867924528,37.04,0,0,8
STP-97162,RT-0085,2.2,1,2.89,2.7,7,2,1,1,0,1,0.0,0.0,0.6,107.1,10.5,85.0,0.7777777777777778,64.22222222222221,48.04,0,0,8
STP-77653,RT-0085,24.9,1,41.81,38.6,8,2,2,1,0,1,0.0,0.0,0.6,109.3,2.2,88.0,0.8888888888888888,64.98963730569949,51.04,0,0,8
STP-62645,RT-0085,10.6,1,16.09,14.9,9,2,2,1,0,1,0.0,0.0,0.6,134.2,24.9,76.0,1.0,64.79194630872483,39.04,0,0,8
STP-62944,RT-0086,2.7,0,11.36,7.6,1,0,6,6,1,5,0.0,0.0,0.3,0.0,0.0,70.0,0.1,89.6842105263158,52.1,0,0,6
STP-49522,RT-0086,6.5,0,29.61,19.7,2,0,6,6,1,5,0.0,0.0,0.3,2.7,2.7,77.0,0.2,90.18274111675127,59.1,0,0,6
STP-77065,RT-0086,7.3,0,31.2,20.8,3,0,7,6,1,5,0.0,21.2,0.3,9.2,6.5,69.0,0.3,90.0,41.36,0,0,6
STP-49838,RT-0086,5.7,0,26.63,17.8,4,0,7,6,1,5,0.0,0.0,0.3,16.5,7.3,68.0,0.4,89.76404494382021,40.36,0,0,6
STP-95322,RT-0086,8.5,0,31.12,20.7,5,0,8,6,1,5,0.0,0.0,0.3,22.2,5.7,63.0,0.5,90.20289855072465,35.36,0,0,6
STP-92279,RT-0086,6.0,0,27.41,18.3,6,0,8,6,1,5,1.0,3.1,0.3,30.7,8.5,78.0,0.6,89.8688524590164,50.36,0,0,6
STP-23792,RT-0086,7.9,0,26.26,17.5,7,0,9,6,1,5,0.0,25.6,0.3,36.7,6.0,83.0,0.7,90.03428571428572,55.36,0,0,6
STP-18151,RT-0086,8.7,0,24.19,16.1,8,0,9,6,1,5,1.0,25.1,0.3,44.6,7.9,88.0,0.8,90.14906832298136,60.36,0,0,6
STP-44562,RT-0086,6.3,0,28.15,18.8,9,0,10,6,1,5,1.0,0.0,0.3,53.3,8.7,81.0,0.9,89.84042553191489,57.68,0,0,6
STP-73539,RT-0086,5.5,1,27.41,18.3,10,0,10,6,1,5,1.0,0.0,0.3,59.599999999999994,6.3,74.0,1.0,89.8688524590164,50.68,0,0,6
STP-16376,RT-0087,32.3,0,55.0,50.8,1,2,18,4,1,3,0.0,21.3,0.333,0.0,0.0,78.0,0.16666666666666666,64.96062992125985,43.66,1,0,12
STP-15856,RT-0087,25.3,0,37.28,34.4,2,2,18,4,1,3,0.0,0.0,0.333,32.3,32.3,61.0,0.3333333333333333,65.02325581395348,26.659999999999997,1,0,12
STP-28156,RT-0087,4.2,0,8.2,7.6,3,2,19,4,1,3,0.0,20.6,0.333,57.599999999999994,25.3,72.0,0.5,64.73684210526316,37.66,1,0,12
STP-40516,RT-0087,14.5,0,27.12,25.0,4,2,19,4,1,3,1.0,21.3,0.333,61.8,4.2,87.0,0.6666666666666666,65.088,52.66,1,0,12
STP-84972,RT-0087,17.2,1,28.61,26.4,5,2,20,4,1,3,0.0,0.0,0.333,76.3,14.5,74.0,0.8333333333333334,65.02272727272727,54.39,1,0,12
STP-16930,RT-0087,14.5,1,25.32,23.4,6,2,20,4,1,3,0.0,14.5,0.333,93.5,17.2,71.0,1.0,64.92307692307693,51.39,1,0,12
STP-79193,RT-0088,2.8,0,11.39,15.2,1,1,6,6,2,2,0.0,26.7,0.15,0.0,0.0,67.0,0.1,44.96052631578948,57.75,0,0,3
STP-30214,RT-0088,1.8,0,7.77,10.4,2,1,6,6,2,2,1.0,0.0,0.15,2.8,2.8,70.0,0.2,44.82692307692307,60.75,0,0,3
STP-22942,RT-0088,0.3,0,0.93,1.2,3,1,7,6,2,2,1.0,0.0,0.15,4.6,1.8,63.0,0.3,46.5,47.35,0,0,3
STP-74615,RT-0088,3.9,0,13.44,17.9,4,1,7,6,2,2,0.0,0.0,0.15,4.8999999999999995,0.3,88.0,0.4,45.05027932960895,72.35,0,0,3
STP-63411,RT-0088,7.3,0,22.65,30.2,5,1,8,6,2,2,0.0,0.0,0.15,8.799999999999999,3.9,60.0,0.5,45.0,44.35,0,0,3
STP-26458,RT-0088,8.3,0,34.11,45.5,6,1,9,6,2,2,1.0,0.0,0.15,16.099999999999998,7.3,62.0,0.6,44.980219780219784,46.35,0,0,3
STP-80455,RT-0088,9.9,0,51.79,69.1,7,1,10,6,2,2,0.0,0.0,0.15,24.4,8.3,78.0,0.7,44.96960926193922,67.23,0,0,3
STP-73201,RT-0088,14.6,0,58.22,77.6,8,1,12,6,2,2,0.0,26.7,0.15,34.3,9.9,79.0,0.8,45.01546391752578,68.23,0,0,3
STP-31157,RT-0088,9.2,0,34.99,46.7,9,1,13,6,2,2,0.0,1.0,0.15,48.9,14.6,81.0,0.9,44.95503211991434,70.23,0,0,3
STP-37636,RT-0088,5.8,1,22.01,29.3,10,1,13,6,2,2,0.0,0.0,0.15,58.099999999999994,9.2,66.0,1.0,45.07167235494881,55.230000000000004,0,0,3
STP-80533,RT-0089,6.4,0,41.92,62.9,1,3,16,6,2,3,0.0,0.0,0.1,0.0,0.0,69.0,0.16666666666666666,39.987281399046104,53.94,1,1,4
STP-56919,RT-0089,5.4,0,20.48,30.7,2,3,17,6,2,3,0.0,7.5,0.1,6.4,6.4,66.0,0.3333333333333333,40.02605863192183,50.94,1,1,4
STP-39035,RT-0089,5.8,0,24.14,36.2,3,3,18,6,2,3,0.0,13.7,0.1,11.8,5.4,65.0,0.5,40.011049723756905,49.94,1,1,4
STP-38986,RT-0089,13.0,0,36.58,54.9,4,3,19,6,2,3,1.0,0.0,0.1,17.6,5.8,81.0,0.6666666666666666,39.978142076502735,65.94,1,1,4
STP-46352,RT-0089,2.8,0,22.34,33.5,5,3,20,6,2,3,1.0,0.0,0.1,30.6,13.0,87.0,0.8333333333333334,40.01194029850746,81.99,1,1,4
STP-18526,RT-0089,6.5,0,37.17,55.8,6,3,21,6,2,3,0.0,0.0,0.1,33.4,2.8,60.0,1.0,39.96774193548388,54.99,1,1,4
STP-15697,RT-0090,17.5,0,29.95,27.6,1,2,4,1,0,5,0.0,0.0,0.633,0.0,0.0,62.0,0.125,65.1086956521739,19.869999999999997,0,0,8
STP-84949,RT-0090,28.9,0,39.63,36.6,2,2,5,1,0,5,0.0,22.9,0.633,17.5,17.5,70.0,0.25,64.9672131147541,27.869999999999997,0,0,8
STP-92050,RT-0090,29.7,1,50.93,47.0,3,2,6,1,0,5,0.0,0.0,0.633,46.4,28.9,72.0,0.375,65.01702127659574,29.869999999999997,0,0,8
STP-41242,RT-0090,34.8,1,46.93,43.3,4,2,7,1,0,5,0.0,0.0,0.633,76.1,29.7,71.0,0.5,65.03002309468823,24.630000000000003,0,0,8
STP-22539,RT-0090,18.2,1,25.78,23.8,5,2,8,1,0,5,0.0,9.8,0.633,110.89999999999999,34.8,79.0,0.625,64.99159663865547,32.63,0,0,8
STP-18126,RT-0090,13.6,1,20.82,19.2,6,2,8,1,0,5,0.0,26.2,0.633,129.1,18.2,88.0,0.75,65.0625,41.63,0,0,8
STP-59998,RT-0090,25.8,1,35.68,32.9,7,2,9,1,0,5,0.0,1.0,0.633,142.7,13.6,70.0,0.875,65.06990881458967,23.630000000000003,0,0,8
STP-91292,RT-0090,14.0,1,20.37,18.8,8,2,9,1,0,5,0.0,0.0,0.633,168.5,25.8,66.0,1.0,65.01063829787233,19.630000000000003,0,0,8
STP-77256,RT-0091,17.5,0,56.2,84.3,1,3,18,5,3,5,1.0,20.3,0.133,0.0,0.0,69.0,0.1111111111111111,40.0,49.58,0,1,4
STP-58343,RT-0091,4.2,0,12.16,18.2,2,3,18,5,3,5,0.0,14.5,0.133,17.5,17.5,64.0,0.2222222222222222,40.08791208791209,44.58,0,1,4
STP-65320,RT-0091,19.1,0,47.99,72.0,3,3,20,5,3,5,0.0,0.0,0.133,21.7,4.2,70.0,0.3333333333333333,39.99166666666667,59.09,0,1,4
STP-71263,RT-0091,15.6,0,37.36,56.0,4,3,21,5,3,5,0.0,18.0,0.133,40.8,19.1,65.0,0.4444444444444444,40.028571428571425,54.09,0,1,4
STP-15530,RT-0091,12.2,0,31.08,46.6,5,3,22,5,3,5,0.0,0.0,0.133,56.4,15.6,81.0,0.5555555555555556,40.01716738197425,70.09,0,1,4
STP-53452,RT-0091,9.9,0,34.84,52.3,6,3,23,5,3,5,0.0,0.0,0.133,68.6,12.2,85.0,0.6666666666666666,39.969407265774386,74.09,0,1,4
STP-25098,RT-0091,2.8,1,44.48,66.7,7,3,1,6,3,5,0.0,0.0,0.133,78.5,9.9,83.0,0.7777777777777778,40.01199400299849,70.39,0,1,4
STP-32825,RT-0091,5.1,1,10.53,15.8,8,3,1,6,3,5,1.0,0.0,0.133,81.3,2.8,73.0,0.8888888888888888,39.98734177215189,60.39,0,1,4
STP-23263,RT-0091,8.4,1,25.2,37.8,9,3,2,6,3,5,1.0,0.0,0.133,86.39999999999999,5.1,89.0,1.0,40.0,76.39,0,1,4
STP-16054,RT-0092,18.3,0,22.39,29.9,1,1,6,4,3,4,0.0,1.0,0.333,0.0,0.0,61.0,0.16666666666666666,44.92976588628763,40.879999999999995,1,0,10
STP-76619,RT-0092,16.2,0,20.55,27.4,2,1,7,4,3,4,1.0,0.0,0.333,18.3,18.3,61.0,0.3333333333333333,45.0,29.72,1,0,10
STP-94550,RT-0092,25.3,0,29.99,40.0,3,1,8,4,3,4,0.0,2.4,0.333,34.5,16.2,71.0,0.5,44.985,39.72,1,0,10
STP-86177,RT-0092,29.7,1,36.57,48.8,4,1,9,4,3,4,1.0,0.0,0.333,59.8,25.3,61.0,0.6666666666666666,44.96311475409836,29.72,1,0,10
STP-50107,RT-0092,26.0,1,28.08,37.4,5,1,10,4,3,4,0.0,0.0,0.333,89.5,29.7,64.0,0.8333333333333334,45.04812834224599,37.730000000000004,1,0,10
STP-78002,RT-0092,8.6,1,11.73,15.6,6,1,10,4,3,4,0.0,0.0,0.333,115.5,26.0,73.0,1.0,45.11538461538461,46.730000000000004,1,0,10
STP-36254,RT-0093,-1.7,0,37.24,34.4,1,2,0,4,2,1,0.0,0.0,0.033,0.0,0.0,64.0,0.16666666666666666,64.95348837209302,57.25,0,0,2
STP-81188,RT-0093,1.4,0,51.63,47.7,2,2,1,4,2,1,0.0,8.5,0.033,-1.7,-1.7,63.0,0.3333333333333333,64.94339622641509,56.25,0,0,2
STP-77193,RT-0093,-1.5,0,48.63,44.9,3,2,2,4,2,1,1.0,0.0,0.033,-0.30000000000000004,1.4,62.0,0.5,64.98440979955457,55.25,0,0,2
STP-71438,RT-0093,0.8,0,30.81,28.4,4,2,3,4,2,1,0.0,0.0,0.033,-1.8,-1.5,90.0,0.6666666666666666,65.09154929577464,83.25,0,0,2
STP-68978,RT-0093,1.5,0,23.8,22.0,5,2,4,4,2,1,0.0,1.7,0.033,-1.0,0.8,67.0,0.8333333333333334,64.90909090909092,60.25,0,0,2
STP-64938,RT-0093,0.7,0,46.83,43.2,6,2,5,4,2,1,1.0,7.5,0.033,0.5,1.5,74.0,1.0,65.04166666666666,67.25,0,0,2
STP-89084,RT-0094,16.9,0,38.97,26.0,1,0,22,6,1,4,0.0,13.1,0.5,0.0,0.0,87.0,0.2,89.93076923076923,54.99,1,0,15
STP-17530,RT-0094,6.9,0,12.08,8.1,2,0,22,6,1,4,1.0,0.0,0.5,16.9,16.9,76.0,0.4,89.4814814814815,43.99,1,0,15
STP-72685,RT-0094,16.0,0,31.66,21.1,3,0,22,6,1,4,0.0,0.0,0.5,23.799999999999997,6.9,81.0,0.6,90.02843601895734,48.99,1,0,15
STP-85378,RT-0094,9.7,0,16.58,11.1,4,0,23,6,1,4,1.0,0.0,0.5,39.8,16.0,90.0,0.8,89.62162162162161,57.99,1,0,15
STP-62328,RT-0094,15.7,0,28.35,18.9,5,0,23,6,1,4,0.0,0.0,0.5,49.5,9.7,76.0,1.0,90.0,43.99,1,0,15
STP-30700,RT-0095,43.8,0,41.34,62.0,1,3,7,2,0,1,0.0,29.1,0.6,0.0,0.0,64.0,0.14285714285714285,40.00645161290323,20.630000000000003,0,1,8
STP-58330,RT-0095,33.4,0,30.03,45.0,2,3,8,2,0,1,1.0,0.0,0.6,43.8,43.8,87.0,0.2857142857142857,40.04,43.63,0,1,8
STP-13501,RT-0095,32.3,1,30.45,45.7,3,3,9,2,0,1,0.0,0.0,0.6,77.19999999999999,33.4,87.0,0.42857142857142855,39.9781181619256,43.63,0,1,8
STP-27888,RT-0095,17.6,1,17.17,25.8,4,3,10,2,0,1,1.0,22.2,0.6,109.49999999999999,32.3,82.0,0.5714285714285714,39.93023255813954,40.02,0,1,8
STP-46587,RT-0095,42.0,1,45.41,68.1,5,3,11,2,0,1,0.0,26.5,0.6,127.1,17.6,72.0,0.7142857142857143,40.008810572687224,30.020000000000003,0,1,8
STP-98000,RT-0095,23.7,1,26.54,39.8,6,3,12,2,0,1,1.0,0.0,0.6,169.1,42.0,73.0,0.8571428571428571,40.01005025125628,31.020000000000003,0,1,8
STP-16259,RT-0095,9.2,1,8.43,12.6,7,3,13,2,0,1,0.0,0.0,0.6,192.79999999999998,23.7,85.0,1.0,40.142857142857146,43.02,0,1,8
STP-32004,RT-0096,1.9,0,40.69,27.1,1,0,0,5,3,1,0.0,0.0,0.1,0.0,0.0,77.0,0.1,90.08856088560884,67.23,0,0,4
STP-81002,RT-0096,1.1,0,29.53,19.7,2,0,0,5,3,1,0.0,10.1,0.1,1.9,1.9,65.0,0.2,89.93908629441626,55.230000000000004,0,0,4
STP-37887,RT-0096,0.4,0,19.12,12.7,3,0,1,5,3,1,0.0,29.1,0.1,3.0,1.1,79.0,0.3,90.33070866141733,69.23,0,0,4
STP-88494,RT-0096,1.9,0,47.68,31.8,4,0,2,5,3,1,0.0,0.0,0.1,3.4,0.4,77.0,0.4,89.9622641509434,67.23,0,0,4
STP-92689,RT-0096,2.4,0,20.76,13.8,5,0,2,5,3,1,0.0,0.0,0.1,5.3,1.9,81.0,0.5,90.26086956521739,71.23,0,0,4
STP-97342,RT-0096,2.2,0,22.7,15.1,6,0,3,5,3,1,0.0,0.0,0.1,7.699999999999999,2.4,89.0,0.6,90.19867549668875,79.23,0,0,4
STP-11742,RT-0096,1.7,0,22.07,14.7,7,0,3,5,3,1,1.0,2.2,0.1,9.899999999999999,2.2,78.0,0.7,90.08163265306123,68.23,0,0,4
STP-75369,RT-0096,1.1,0,24.35,16.2,8,0,4,5,3,1,0.0,21.0,0.1,11.599999999999998,1.7,70.0,0.8,90.1851851851852,60.230000000000004,0,0,4
STP-51620,RT-0096,3.9,0,38.97,26.0,9,0,4,5,3,1,0.0,4.4,0.1,12.699999999999998,1.1,61.0,0.9,89.93076923076923,51.230000000000004,0,0,4
STP-53420,RT-0096,1.9,0,34.91,23.3,10,0,5,5,3,1,0.0,21.0,0.1,16.599999999999998,3.9,89.0,1.0,89.89699570815449,79.23,0,0,4
STP-76509,RT-0097,-1.7,0,54.84,36.6,1,0,17,6,3,0,0.0,25.4,0.083,0.0,0.0,63.0,0.1111111111111111,89.9016393442623,47.72,0,0,2
STP-85552,RT-0097,-0.7,0,25.12,16.7,2,0,18,6,3,0,1.0,1.0,0.083,-1.7,-1.7,88.0,0.2222222222222222,90.25149700598803,72.72,0,0,2
STP-65403,RT-0097,0.1,0,6.37,4.2,3,0,18,6,3,0,1.0,16.0,0.083,-2.4,-0.7,78.0,0.3333333333333333,90.99999999999999,62.72,0,0,2
STP-49351,RT-0097,0.4,0,30.55,20.4,4,0,19,6,3,0,0.0,0.0,0.083,-2.3,0.1,90.0,0.4444444444444444,89.8529411764706,74.72,0,0,2
STP-73025,RT-0097,1.5,0,34.92,23.3,5,0,19,6,3,0,0.0,0.0,0.083,-1.9,0.4,77.0,0.5555555555555556,89.92274678111588,61.72,0,0,2
STP-59054,RT-0097,-0.4,0,49.39,32.9,6,0,20,6,3,0,0.0,0.0,0.083,-0.3999999999999999,1.5,75.0,0.6666666666666666,90.07294832826747,69.08,0,0,2
STP-15089,RT-0097,-0.3,0,53.02,35.3,7,0,21,6,3,0,0.0,0.0,0.083,-0.7999999999999999,-0.4,85.0,0.7777777777777778,90.11898016997169,79.08,0,0,2
STP-74044,RT-0097,-0.2,0,26.93,18.0,8,0,22,6,3,0,0.0,0.0,0.083,-1.0999999999999999,-0.3,87.0,0.8888888888888888,89.76666666666667,81.08,0,0,2
STP-57371,RT-0097,-1.0,0,15.85,10.6,9,0,22,6,3,0,0.0,0.0,0.083,-1.2999999999999998,-0.2,74.0,1.0,89.71698113207547,68.08,0,0,2
STP-75620,RT-0098,-7.4,0,36.12,54.2,1,3,23,4,2,0,0.0,22.6,0.017,0.0,0.0,60.0,0.1111111111111111,39.985239852398514,54.269999999999996,0,1,1
STP-55140,RT-0098,-3.5,0,22.45,33.7,2,3,0,5,2,0,0.0,0.0,0.017,-7.4,-7.4,67.0,0.2222222222222222,39.97032640949554,65.19,0,1,1
STP-19154,RT-0098,-0.2,0,8.11,12.2,3,3,0,5,2,0,0.0,20.7,0.017,-10.9,-3.5,69.0,0.3333333333333333,39.885245901639344,67.19,0,1,1
STP-35954,RT-0098,-1.1,0,19.66,29.5,4,3,1,5,2,0,0.0,0.0,0.017,-11.1,-0.2,88.0,0.4444444444444444,39.9864406779661,86.19,0,1,1
STP-35150,RT-0098,-2.1,0,25.57,38.4,5,3,2,5,2,0,0.0,0.0,0.017,-12.2,-1.1,79.0,0.5555555555555556,39.953125,77.19,0,1,1
STP-21233,RT-0098,-3.7,0,33.2,49.8,6,3,3,5,2,0,0.0,26.7,0.017,-14.299999999999999,-2.1,79.0,0.6666666666666666,40.00000000000001,77.19,0,1,1
STP-44875,RT-0098,-1.9,0,28.55,42.8,7,3,4,5,2,0,0.0,0.0,0.017,-18.0,-3.7,70.0,0.7777777777777778,40.02336448598131,68.19,0,1,1
STP-78167,RT-0098,-3.2,0,41.76,62.6,8,3,5,5,2,0,0.0,20.8,0.017,-19.9,-1.9,60.0,0.8888888888888888,40.025559105431306,58.19,0,1,1
STP-54967,RT-0098,-0.3,0,2.96,4.4,9,3,5,5,2,0,0.0,20.8,0.017,-23.099999999999998,-3.2,73.0,1.0,40.36363636363636,71.19,0,1,1
STP-96537,RT-0099,4.1,0,51.56,47.6,1,2,12,3,3,1,0.0,0.0,0.1,0.0,0.0,65.0,0.25,64.99159663865547,57.61,0,0,4
STP-52667,RT-0099,5.8,0,50.71,46.8,2,2,13,3,3,1,0.0,0.0,0.1,4.1,4.1,70.0,0.5,65.01282051282053,62.61,0,0,4
STP-23166,RT-0099,0.7,0,4.87,4.5,3,2,13,3,3,1,0.0,0.0,0.1,9.899999999999999,5.8,68.0,0.75,64.93333333333334,60.61,0,0,4
STP-75264,RT-0099,0.6,0,4.19,3.9,4,2,13,3,3,1,0.0,0.0,0.1,10.599999999999998,0.7,79.0,1.0,64.46153846153847,71.61,0,0,4
STP-97897,RT-0100,13.8,0,19.74,26.3,1,1,9,4,1,5,0.0,0.0,0.3,0.0,0.0,81.0,0.2,45.03422053231939,50.54,0,0,6
STP-88732,RT-0100,7.1,0,11.4,15.2,2,1,9,4,1,5,0.0,0.0,0.3,13.8,13.8,74.0,0.4,45.00000000000001,43.54,0,0,6
STP-67273,RT-0100,34.0,0,50.0,66.7,3,1,10,4,1,5,0.0,26.5,0.3,20.9,7.1,80.0,0.6,44.97751124437781,56.980000000000004,0,0,6
STP-25218,RT-0100,12.9,1,16.48,22.0,4,1,11,4,1,5,0.0,0.0,0.3,54.9,34.0,64.0,0.8,44.94545454545455,40.980000000000004,0,0,6
STP-60875,RT-0100,23.5,1,28.89,38.5,5,1,12,4,1,5,0.0,20.5,0.3,67.8,12.9,79.0,1.0,45.02337662337662,55.980000000000004,0,0,6
STP-85231,RT-0101,3.4,0,25.21,23.3,1,2,17,6,2,3,0.0,0.0,0.1,0.0,0.0,71.0,0.125,64.91845493562232,55.5,1,0,4
STP-37605,RT-0101,3.6,0,25.26,23.3,2,2,18,6,2,3,0.0,0.0,0.1,3.4,3.4,62.0,0.25,65.04721030042919,46.5,1,0,4
STP-96409,RT-0101,4.7,0,40.01,36.9,3,2,19,6,2,3,0.0,19.4,0.1,7.0,3.6,62.0,0.375,65.05691056910568,46.5,1,0,4
STP-79185,RT-0101,2.2,0,13.91,12.8,4,2,19,6,2,3,0.0,0.0,0.1,11.7,4.7,72.0,0.5,65.203125,56.5,1,0,4
STP-86072,RT-0101,1.5,0,14.95,13.8,5,2,20,6,2,3,1.0,0.0,0.1,13.899999999999999,2.2,71.0,0.625,65.0,62.19,1,0,4
STP-48152,RT-0101,1.4,0,8.26,7.6,6,2,20,6,2,3,0.0,20.5,0.1,15.399999999999999,1.5,72.0,0.75,65.21052631578948,63.19,1,0,4
STP-29346,RT-0101,10.1,0,52.78,48.7,7,2,21,6,2,3,0.0,11.8,0.1,16.799999999999997,1.4,75.0,0.875,65.02669404517454,66.19,1,0,4
STP-16877,RT-0101,7.7,0,29.67,27.4,8,2,22,6,2,3,0.0,0.0,0.1,26.9,10.1,60.0,1.0,64.97080291970804,51.19,1,0,4
STP-25997,RT-0102,46.9,0,42.74,39.5,1,2,23,6,0,4,1.0,0.0,0.833,0.0,0.0,88.0,0.14285714285714285,64.92151898734177,36.48,1,0,20
STP-33736,RT-0102,22.3,0,18.45,17.0,2,2,0,0,0,4,0.0,11.8,0.833,46.9,46.9,85.0,0.2857142857142857,65.11764705882352,35.66,1,0,20
STP-12588,RT-0102,11.6,1,9.43,8.7,3,2,0,0,0,4,0.0,7.5,0.833,69.2,22.3,77.0,0.42857142857142855,65.0344827586207,27.659999999999997,1,0,20
STP-95419,RT-0102,21.8,1,18.3,16.9,4,2,1,0,0,4,0.0,0.0,0.833,80.8,11.6,85.0,0.5714285714285714,64.97041420118344,35.66,1,0,20
STP-51195,RT-0102,40.4,1,32.24,29.8,5,2,1,0,0,4,1.0,0.0,0.833,102.6,21.8,64.0,0.7142857142857143,64.91275167785234,14.659999999999997,1,0,20
STP-26346,RT-0102,30.8,1,28.28,26.1,6,2,2,0,0,4,0.0,4.5,0.833,143.0,40.4,73.0,0.8571428571428571,65.01149425287356,23.659999999999997,1,0,20
STP-48456,RT-0102,13.5,1,11.03,10.2,7,2,2,0,0,4,1.0,0.0,0.833,173.8,30.8,85.0,1.0,64.88235294117648,35.66,1,0,20
STP-44167,RT-0103,2.6,0,18.43,17.0,1,2,18,3,3,1,1.0,0.0,0.1,0.0,0.0,87.0,0.1,65.04705882352941,71.13,0,0,4
STP-19248,RT-0103,7.0,0,36.6,33.8,2,2,19,3,3,1,0.0,0.0,0.1,2.6,2.6,71.0,0.2,64.97041420118344,55.13,0,0,4
STP-65009,RT-0103,1.5,0,13.03,12.0,3,2,19,3,3,1,0.0,0.0,0.1,9.6,7.0,66.0,0.3,65.14999999999999,50.13,0,0,4
STP-99650,RT-0103,3.9,0,22.31,20.6,4,2,20,3,3,1,1.0,0.0,0.1,11.1,1.5,70.0,0.4,64.98058252427184,59.7,0,0,4
STP-22838,RT-0103,7.5,0,47.87,44.2,5,2,21,3,3,1,1.0,0.0,0.1,15.0,3.9,82.0,0.5,64.98190045248869,71.7,0,0,4
STP-74175,RT-0103,5.5,0,37.09,34.2,6,2,22,3,3,1,0.0,14.0,0.1,22.5,7.5,72.0,0.6,65.0701754385965,61.7,0,0,4
STP-61060,RT-0103,4.6,0,24.28,22.4,7,2,22,3,3,1,0.0,0.0,0.1,28.0,5.5,83.0,0.7,65.03571428571429,72.7,0,0,4
STP-26721,RT-0103,1.5,0,8.08,7.5,8,2,23,3,3,1,0.0,0.0,0.1,32.6,4.6,69.0,0.8,64.64,58.7,0,0,4
STP-93780,RT-0103,6.4,0,47.74,44.1,9,2,0,4,3,1,0.0,20.3,0.1,34.1,1.5,86.0,0.9,64.95238095238096,80.71,0,0,4
STP-75828,RT-0103,3.2,0,47.58,43.9,10,2,1,4,3,1,1.0,0.0,0.1,40.5,6.4,78.0,1.0,65.02961275626423,72.71,0,0,4
STP-72869,RT-0104,0.9,0,2.46,1.6,1,0,23,3,0,1,0.0,0.0,0.6,0.0,0.0,62.0,0.16666666666666666,92.24999999999999,21.11,0,0,8
STP-10955,RT-0104,5.9,0,14.46,9.6,2,0,0,4,0,1,0.0,0.0,0.6,0.9,0.9,69.0,0.3333333333333333,90.375,31.240000000000002,0,0,8
STP-98410,RT-0104,6.8,0,14.75,9.8,3,0,0,4,0,1,0.0,20.8,0.6,6.800000000000001,5.9,78.0,0.5,90.30612244897958,40.24,0,0,8
STP-59688,RT-0104,20.8,0,51.78,34.5,4,0,1,4,0,1,0.0,0.0,0.6,13.600000000000001,6.8,78.0,0.6666666666666666,90.05217391304349,40.24,0,0,8
STP-37926,RT-0104,8.5,0,20.78,13.9,5,0,1,4,0,1,0.0,0.0,0.6,34.400000000000006,20.8,86.0,0.8333333333333334,89.69784172661872,48.24,0,0,8
STP-90969,RT-0104,31.1,1,63.72,42.5,6,0,2,4,0,1,0.0,0.0,0.6,42.900000000000006,8.5,65.0,1.0,89.95764705882353,27.240000000000002,0,0,8
STP-49227,RT-0105,10.6,0,27.24,18.2,1,0,19,6,0,1,0.0,7.5,0.6,0.0,0.0,67.0,0.16666666666666666,89.8021978021978,17.15,0,0,8
STP-10761,RT-0105,0.6,0,1.17,0.8,2,0,19,6,0,1,0.0,7.5,0.6,10.6,10.6,65.0,0.3333333333333333,87.74999999999999,15.149999999999999,0,0,8
STP-31012,RT-0105,8.7,0,20.87,13.9,3,0,19,6,0,1,0.0,28.5,0.6,11.2,0.6,65.0,0.5,90.08633093525181,15.149999999999999,0,0,8
STP-26703,RT-0105,10.0,0,24.66,16.4,4,0,20,6,0,1,0.0,22.2,0.6,19.9,8.7,60.0,0.6666666666666666,90.21951219512195,19.11,0,0,8
STP-26531,RT-0105,6.9,0,17.71,11.8,5,0,21,6,0,1,1.0,0.0,0.6,29.9,10.0,72.0,0.8333333333333334,90.05084745762711,31.11,0,0,8
STP-47940,RT-0105,11.4,0,23.14,15.4,6,0,21,6,0,1,0.0,0.0,0.6,36.8,6.9,77.0,1.0,90.15584415584416,36.11,0,0,8
STP-29163,RT-0106,0.8,0,24.12,36.2,1,3,10,6,3,0,0.0,1.0,0.083,0.0,0.0,79.0,0.2,39.97790055248618,71.9,0,1,2
STP-65846,RT-0106,1.6,0,6.53,9.8,2,3,11,6,3,0,0.0,0.0,0.083,0.8,0.8,70.0,0.4,39.97959183673469,62.9,0,1,2
STP-42370,RT-0106,4.0,0,26.09,39.1,3,3,12,6,3,0,0.0,25.2,0.083,2.4000000000000004,1.6,75.0,0.6,40.03580562659846,67.9,0,1,2
STP-23207,RT-0106,2.2,0,12.89,19.3,4,3,12,6,3,0,0.0,14.0,0.083,6.4,4.0,80.0,0.8,40.07253886010363,72.9,0,1,2
STP-27079,RT-0106,0.0,0,26.06,39.1,5,3,13,6,3,0,0.0,22.2,0.083,8.600000000000001,2.2,72.0,1.0,39.98976982097186,64.9,0,1,2
STP-15742,RT-0107,6.0,0,16.39,15.1,1,2,3,4,1,5,1.0,0.0,0.3,0.0,0.0,87.0,0.25,65.12582781456955,67.75,0,0,6
STP-25391,RT-0107,23.7,0,55.27,51.0,2,2,4,4,1,5,0.0,0.0,0.3,6.0,6.0,60.0,0.5,65.02352941176471,40.75,0,0,6
STP-26899,RT-0107,25.7,1,61.68,56.9,3,2,6,4,1,5,0.0,0.0,0.3,29.7,23.7,61.0,0.75,65.04042179261863,41.75,0,0,6
STP-19828,RT-0107,5.6,0,13.44,12.4,4,2,6,4,1,5,0.0,25.4,0.3,55.4,25.7,76.0,1.0,65.03225806451613,56.75,0,0,6
STP-29416,RT-0108,14.5,0,48.54,32.4,1,0,2,2,1,5,0.0,0.0,0.3,0.0,0.0,86.0,0.125,89.8888888888889,68.1,0,0,6
STP-10183,RT-0108,5.0,0,26.75,17.8,2,0,2,2,1,5,0.0,0.0,0.3,14.5,14.5,71.0,0.25,90.16853932584269,53.1,0,0,6
STP-48652,RT-0108,8.7,0,36.67,24.4,3,0,3,2,1,5,0.0,0.0,0.3,19.5,5.0,61.0,0.375,90.172131147541,43.1,0,0,6
STP-86449,RT-0108,7.9,0,38.4,25.6,4,0,4,2,1,5,0.0,25.4,0.3,28.2,8.7,82.0,0.5,89.99999999999999,64.1,0,0,6
STP-38919,RT-0108,9.6,0,31.51,21.0,5,0,4,2,1,5,0.0,0.0,0.3,36.1,7.9,76.0,0.625,90.02857142857144,58.1,0,0,6
STP-72784,RT-0108,4.1,0,15.43,10.3,6,0,5,2,1,5,0.0,0.0,0.3,45.7,9.6,80.0,0.75,89.88349514563106,62.1,0,0,6
STP-12758,RT-0108,8.0,0,39.09,26.1,7,0,5,2,1,5,0.0,0.0,0.3,49.800000000000004,4.1,78.0,0.875,89.86206896551725,60.1,0,0,6
STP-94557,RT-0108,14.4,0,59.75,39.8,8,0,6,2,1,5,0.0,0.0,0.3,57.800000000000004,8.0,89.0,1.0,90.07537688442211,71.1,0,0,6
STP-28249,RT-0109,-2.6,0,34.93,23.3,1,0,19,4,2,0,1.0,22.3,0.017,0.0,0.0,66.0,0.1,89.94849785407725,54.54,0,0,1
STP-45056,RT-0109,-2.2,0,24.66,16.4,2,0,19,4,2,0,0.0,0.0,0.017,-2.6,-2.6,87.0,0.2,90.21951219512195,75.53999999999999,0,0,1
STP-39401,RT-0109,-3.6,0,43.21,28.8,3,0,20,4,2,0,0.0,5.4,0.017,-4.800000000000001,-2.2,76.0,0.3,90.02083333333333,71.27,0,0,1
STP-24435,RT-0109,-3.9,0,30.44,20.3,4,0,21,4,2,0,0.0,0.0,0.017,-8.4,-3.6,64.0,0.4,89.97044334975371,59.269999999999996,0,0,1
STP-89233,RT-0109,-4.3,0,27.68,18.5,5,0,21,4,2,0,1.0,5.4,0.017,-12.3,-3.9,67.0,0.5,89.77297297297297,62.269999999999996,0,0,1
STP-47618,RT-0109,-2.6,0,21.3,14.2,6,0,21,4,2,0,0.0,11.1,0.017,-16.6,-4.3,81.0,0.6,90.0,76.27,0,0,1
STP-29213,RT-0109,-2.0,0,14.9,9.9,7,0,22,4,2,0,0.0,0.0,0.017,-19.200000000000003,-2.6,66.0,0.7,90.3030303030303,61.269999999999996,0,0,1
STP-46500,RT-0109,-1.3,0,12.22,8.1,8,0,22,4,2,0,0.0,0.0,0.017,-21.200000000000003,-2.0,90.0,0.8,90.51851851851853,85.27,0,0,1
STP-64256,RT-0109,-4.2,0,34.51,23.0,9,0,23,4,2,0,0.0,0.0,0.017,-22.500000000000004,-1.3,70.0,0.9,90.02608695652172,65.27,0,0,1
STP-74566,RT-0109,-1.3,0,10.57,7.0,10,0,23,4,2,0,0.0,0.0,0.017,-26.700000000000003,-4.2,90.0,1.0,90.6,85.27,0,0,1
STP-65191,RT-0110,8.3,0,21.29,19.7,1,2,16,5,3,4,0.0,22.2,0.333,0.0,0.0,77.0,0.25,64.84263959390863,42.06,1,0,10
STP-23894,RT-0110,22.1,0,47.9,44.2,2,2,17,5,3,4,0.0,0.0,0.333,8.3,8.3,82.0,0.5,65.02262443438913,47.06,1,0,10
STP-11635,RT-0110,19.6,0,38.56,35.6,3,2,18,5,3,4,1.0,0.0,0.333,30.400000000000002,22.1,74.0,0.75,64.98876404494382,39.06,1,0,10
STP-54215,RT-0110,6.6,0,12.06,11.1,4,2,18,5,3,4,0.0,1.0,0.333,50.0,19.6,77.0,1.0,65.1891891891892,42.06,1,0,10
STP-38692,RT-0111,5.5,0,15.97,21.3,1,1,9,0,2,3,0.0,22.2,0.1,0.0,0.0,78.0,0.1,44.985915492957744,61.78,1,0,4
STP-31603,RT-0111,6.2,0,32.39,43.2,2,1,10,0,2,3,0.0,0.0,0.1,5.5,5.5,61.0,0.2,44.98611111111111,51.55,1,0,4
STP-46989,RT-0111,4.3,0,15.47,20.6,3,1,11,0,2,3,1.0,0.0,0.1,11.7,6.2,76.0,0.3,45.05825242718446,66.55,1,0,4
STP-21146,RT-0111,22.8,0,59.2,78.9,4,1,12,0,2,3,0.0,22.6,0.1,16.0,4.3,82.0,0.4,45.0190114068441,72.55,1,0,4
STP-56746,RT-0111,9.2,0,25.18,33.6,5,1,13,0,2,3,0.0,0.0,0.1,38.8,22.8,89.0,0.5,44.96428571428571,79.55,1,0,4
STP-76005,RT-0111,23.4,1,44.1,58.8,6,1,14,0,2,3,0.0,0.0,0.1,48.0,9.2,80.0,0.6,45.0,70.55,1,0,4
STP-29862,RT-0111,19.3,1,53.99,72.0,7,1,16,0,2,3,0.0,5.5,0.1,71.4,23.4,83.0,0.7,44.99166666666667,68.43,1,0,4
STP-31108,RT-0111,10.8,1,30.03,40.0,8,1,16,0,2,3,0.0,22.6,0.1,90.7,19.3,67.0,0.8,45.045,52.43,1,0,4
STP-57227,RT-0111,10.9,1,33.41,44.5,9,1,18,0,2,3,0.0,0.0,0.1,101.5,10.8,79.0,0.9,45.047191011235945,64.43,1,0,4
STP-29975,RT-0111,1.3,1,4.69,6.3,10,1,18,0,2,3,1.0,0.0,0.1,112.4,10.9,71.0,1.0,44.66666666666667,56.43,1,0,4
STP-26248,RT-0112,31.3,0,41.84,55.8,1,1,16,0,1,2,0.0,7.8,0.383,0.0,0.0,89.0,0.2,44.98924731182797,57.92,0,0,9
STP-77171,RT-0112,21.6,0,25.25,33.7,2,1,17,0,1,2,0.0,20.5,0.383,31.3,31.3,73.0,0.4,44.95548961424332,41.92,0,0,9
STP-94392,RT-0112,40.4,1,53.21,70.9,3,1,18,0,1,2,1.0,0.0,0.383,52.900000000000006,21.6,85.0,0.6,45.029619181946394,53.92,0,0,9
STP-19565,RT-0112,8.7,1,11.89,15.9,4,1,18,0,1,2,1.0,0.0,0.383,93.30000000000001,40.4,63.0,0.8,44.867924528301884,31.92,0,0,9
STP-33628,RT-0112,32.2,1,34.01,45.3,5,1,19,0,1,2,0.0,20.5,0.383,102.00000000000001,8.7,60.0,1.0,45.04635761589404,28.92,0,0,9
STP-37720,RT-0113,-1.9,0,38.63,51.5,1,1,13,6,2,0,1.0,22.9,0.017,0.0,0.0,60.0,0.2,45.00582524271845,52.65,0,0,1
STP-20709,RT-0113,-1.6,0,39.97,53.3,2,1,14,6,2,0,0.0,22.2,0.017,-1.9,-1.9,63.0,0.4,44.99437148217636,55.65,0,0,1
STP-66168,RT-0113,0.2,0,3.6,4.8,3,1,14,6,2,0,0.0,22.2,0.017,-3.5,-1.6,65.0,0.6,45.0,57.65,0,0,1
STP-67250,RT-0113,-0.4,0,3.22,4.3,4,1,15,6,2,0,0.0,0.0,0.017,-3.3,0.2,75.0,0.8,44.93023255813954,67.65,0,0,1
STP-52432,RT-0113,0.1,0,21.71,28.9,5,1,15,6,2,0,0.0,0.0,0.017,-3.6999999999999997,-0.4,89.0,1.0,45.0726643598616,81.65,0,0,1
STP-88766,RT-0114,17.2,0,30.56,20.4,1,0,8,5,0,5,1.0,0.0,0.633,0.0,0.0,76.0,0.16666666666666666,89.88235294117648,28.82,0,0,8
STP-50234,RT-0114,14.7,0,28.03,18.7,2,0,9,5,0,5,0.0,0.0,0.633,17.2,17.2,90.0,0.3333333333333333,89.93582887700536,42.82,0,0,8
STP-65816,RT-0114,2.7,0,5.47,3.6,3,0,9,5,0,5,0.0,16.0,0.633,31.9,14.7,73.0,0.5,91.16666666666666,25.82,0,0,8
STP-67131,RT-0114,5.5,0,10.31,6.9,4,0,10,5,0,5,0.0,7.5,0.633,34.6,2.7,88.0,0.6666666666666666,89.65217391304348,44.63,0,0,8
STP-23606,RT-0114,24.8,0,46.98,31.3,5,0,10,5,0,5,0.0,0.0,0.633,40.1,5.5,72.0,0.8333333333333334,90.05750798722043,28.630000000000003,0,0,8
STP-14277,RT-0114,25.5,1,57.8,38.5,6,0,11,5,0,5,0.0,4.4,0.633,64.9,24.8,88.0,1.0,90.07792207792207,44.63,0,0,8
STP-64357,RT-0115,18.3,0,42.1,38.9,1,2,11,1,1,5,1.0,5.5,0.3,0.0,0.0,70.0,0.1,64.93573264781492,48.09,0,0,6
STP-88636,RT-0115,11.8,0,25.24,23.3,2,2,12,1,1,5,1.0,11.1,0.3,18.3,18.3,64.0,0.2,64.99570815450643,42.09,0,0,6
STP-85740,RT-0115,19.2,0,40.32,37.2,3,2,13,1,1,5,1.0,0.0,0.3,30.1,11.8,87.0,0.3,65.03225806451613,65.09,0,0,6
STP-26558,RT-0115,5.7,0,16.63,15.4,4,2,13,1,1,5,1.0,21.2,0.3,49.3,19.2,64.0,0.4,64.79220779220779,42.09,0,0,6
STP-36707,RT-0115,14.4,0,41.57,38.4,5,2,14,1,1,5,0.0,0.0,0.3,55.0,5.7,70.0,0.5,64.953125,48.09,0,0,6
STP-20324,RT-0115,13.4,0,31.93,29.5,6,2,15,1,1,5,0.0,0.0,0.3,69.4,14.4,81.0,0.6,64.94237288135594,59.09,0,0,6
STP-39065,RT-0115,13.5,1,32.04,29.6,7,2,16,1,1,5,0.0,0.0,0.3,82.80000000000001,13.4,82.0,0.7,64.94594594594594,54.69,0,0,6
STP-28844,RT-0115,6.5,1,22.68,20.9,8,2,16,1,1,5,0.0,26.3,0.3,96.30000000000001,13.5,69.0,0.8,65.11004784688996,41.69,0,0,6
STP-33675,RT-0115,11.5,1,36.44,33.6,9,2,17,1,1,5,0.0,0.0,0.3,102.80000000000001,6.5,90.0,0.9,65.07142857142856,62.69,0,0,6
STP-73768,RT-0115,25.1,1,61.68,56.9,10,2,18,1,1,5,0.0,0.0,0.3,114.30000000000001,11.5,65.0,1.0,65.04042179261863,37.69,0,0,6
STP-38351,RT-0116,24.9,0,40.55,60.8,1,3,15,6,2,4,0.0,1.7,0.267,0.0,0.0,88.0,0.2,40.016447368421055,66.57,1,1,5
STP-73120,RT-0116,23.3,0,44.56,66.8,2,3,16,6,2,4,0.0,0.0,0.267,24.9,24.9,64.0,0.4,40.02395209580839,35.93,1,1,5
STP-42780,RT-0116,13.5,0,30.77,46.2,3,3,17,6,2,4,0.0,0.0,0.267,48.2,23.3,76.0,0.6,39.96103896103896,47.93,1,1,5
STP-36978,RT-0116,24.0,1,53.09,79.6,4,3,19,6,2,4,0.0,26.2,0.267,61.7,13.5,60.0,0.8,40.017587939698494,31.93,1,1,5
STP-36177,RT-0116,13.7,1,26.45,39.7,5,3,20,6,2,4,1.0,0.0,0.267,85.7,24.0,70.0,1.0,39.97481108312342,53.59,1,1,5
STP-11428,RT-0117,1.8,0,40.03,37.0,1,2,12,3,3,1,0.0,0.0,0.1,0.0,0.0,69.0,0.1,64.91351351351351,61.61,0,0,4
STP-79109,RT-0117,3.8,0,37.81,34.9,2,2,13,3,3,1,0.0,0.0,0.1,1.8,1.8,68.0,0.2,65.0028653295129,60.61,0,0,4
STP-67043,RT-0117,0.8,0,14.11,13.0,3,2,14,3,3,1,1.0,27.4,0.1,5.6,3.8,88.0,0.3,65.12307692307692,80.61,0,0,4
STP-69347,RT-0117,2.2,0,9.79,9.0,4,2,14,3,3,1,0.0,0.0,0.1,6.3999999999999995,0.8,65.0,0.4,65.26666666666667,57.61,0,0,4
STP-70525,RT-0117,6.3,0,27.62,25.5,5,2,15,3,3,1,0.0,0.0,0.1,8.6,2.2,79.0,0.5,64.98823529411766,71.61,0,0,4
STP-22467,RT-0117,2.8,0,42.5,39.2,6,2,15,3,3,1,0.0,0.0,0.1,14.899999999999999,6.3,89.0,0.6,65.05102040816325,81.61,0,0,4
STP-16169,RT-0117,1.7,0,32.52,30.0,7,2,16,3,3,1,0.0,0.0,0.1,17.7,2.8,77.0,0.7,65.04,61.13,0,0,4
STP-16269,RT-0117,7.0,0,40.67,37.5,8,2,17,3,3,1,0.0,4.9,0.1,19.4,1.7,86.0,0.8,65.072,70.13,0,0,4
STP-58349,RT-0117,2.1,0,20.48,18.9,9,2,18,3,3,1,0.0,0.0,0.1,26.4,7.0,77.0,0.9,65.01587301587301,61.13,0,0,4
STP-49883,RT-0117,9.5,0,50.59,46.7,10,2,18,3,3,1,1.0,0.0,0.1,28.5,2.1,79.0,1.0,64.99785867237686,63.13,0,0,4
STP-20852,RT-0118,5.2,0,17.79,16.4,1,2,0,5,1,5,0.0,7.5,0.3,0.0,0.0,78.0,0.1,65.08536585365854,58.75,0,0,6
STP-11720,RT-0118,9.9,0,28.4,26.2,2,2,0,5,1,5,0.0,0.0,0.3,5.2,5.2,70.0,0.2,65.0381679389313,50.75,0,0,6
STP-51072,RT-0118,3.8,0,10.03,9.3,3,2,1,5,1,5,0.0,0.1,0.3,15.100000000000001,9.9,62.0,0.3,64.70967741935483,42.75,0,0,6
STP-60538,RT-0118,15.3,0,31.92,29.5,4,2,2,5,1,5,0.0,0.0,0.3,18.900000000000002,3.8,87.0,0.4,64.92203389830509,67.75,0,0,6
STP-85660,RT-0118,13.9,0,42.94,39.6,5,2,2,5,1,5,0.0,0.0,0.3,34.2,15.3,81.0,0.5,65.06060606060605,61.75,0,0,6
STP-72421,RT-0118,3.9,0,15.72,14.5,6,2,3,5,1,5,0.0,0.0,0.3,48.1,13.9,63.0,0.6,65.04827586206896,43.75,0,0,6
STP-66472,RT-0118,9.1,0,22.97,21.2,7,2,3,5,1,5,1.0,0.0,0.3,52.0,3.9,77.0,0.7,65.00943396226415,57.75,0,0,6
STP-34831,RT-0118,9.2,0,28.73,26.5,8,2,4,5,1,5,0.0,0.0,0.3,61.1,9.1,74.0,0.8,65.0490566037736,54.75,0,0,6
STP-38780,RT-0118,9.7,0,24.68,22.8,9,2,5,5,1,5,0.0,0.0,0.3,70.3,9.2,84.0,0.9,64.94736842105263,64.75,0,0,6
STP-63026,RT-0118,15.8,1,44.92,41.5,10,2,6,5,1,5,0.0,21.0,0.3,80.0,9.7,88.0,1.0,64.94457831325302,68.75,0,0,6
STP-28590,RT-0119,23.2,0,53.08,79.6,1,3,5,3,3,2,0.0,20.3,0.217,0.0,0.0,60.0,0.125,40.01005025125628,42.42,0,1,6
STP-72105,RT-0119,12.2,0,26.89,40.3,2,3,6,3,3,2,1.0,28.1,0.217,23.2,23.2,72.0,0.25,40.03473945409429,54.42,0,1,6
STP-78848,RT-0119,5.5,0,14.73,22.1,3,3,7,3,3,2,1.0,0.0,0.217,35.4,12.2,83.0,0.375,39.990950226244344,61.56,0,1,6
STP-43730,RT-0119,18.1,0,27.92,41.9,4,3,8,3,3,2,0.0,0.0,0.217,40.9,5.5,75.0,0.5,39.98090692124105,53.56,0,1,6
STP-45381,RT-0119,11.4,1,24.45,36.7,5,3,9,3,3,2,0.0,21.8,0.217,59.0,18.1,63.0,0.625,39.97275204359673,41.56,0,1,6
STP-66455,RT-0119,10.1,1,21.79,32.7,6,3,9,3,3,2,0.0,0.0,0.217,70.4,11.4,75.0,0.75,39.981651376146786,53.56,0,1,6
STP-68886,RT-0119,21.2,1,42.44,63.7,7,3,10,3,3,2,1.0,13.2,0.217,80.5,10.1,68.0,0.875,39.97488226059654,54.78,0,1,6
STP-46208,RT-0119,41.0,1,62.36,93.5,8,3,12,3,3,2,1.0,0.0,0.217,101.7,21.2,88.0,1.0,40.01711229946524,74.78,0,1,6
STP-38485,RT-0120,2.2,0,7.22,6.7,1,2,3,1,3,5,0.0,29.1,0.133,0.0,0.0,72.0,0.16666666666666666,64.65671641791045,60.08,0,0,4
STP-28051,RT-0120,4.0,0,16.59,15.3,2,2,3,1,3,5,0.0,0.0,0.133,2.2,2.2,76.0,0.3333333333333333,65.05882352941177,64.08,0,0,4
STP-35785,RT-0120,5.2,0,33.17,30.6,3,2,4,1,3,5,1.0,0.0,0.133,6.2,4.0,82.0,0.5,65.03921568627452,70.08,0,0,4
STP-22863,RT-0120,7.1,0,30.76,28.4,4,2,5,1,3,5,1.0,22.9,0.133,11.4,5.2,67.0,0.6666666666666666,64.98591549295774,55.08,0,0,4
STP-36149,RT-0120,7.7,0,50.12,46.3,5,2,6,1,3,5,0.0,26.8,0.133,18.5,7.1,66.0,0.8333333333333334,64.95032397408208,54.08,0,0,4
STP-59278,RT-0120,9.4,0,41.52,38.3,6,2,6,1,3,5,0.0,22.2,0.133,26.2,7.7,74.0,1.0,65.04438642297652,62.08,0,0,4
STP-48449,RT-0121,32.5,0,37.96,56.9,1,3,11,4,1,2,0.0,0.0,0.383,0.0,0.0,74.0,0.14285714285714285,40.02811950790861,46.72,0,1,9
STP-45412,RT-0121,33.6,1,52.76,79.1,2,3,13,4,1,2,0.0,13.8,0.383,32.5,32.5,64.0,0.2857142857142857,40.02022756005057,36.72,0,1,9
STP-25917,RT-0121,4.6,1,6.1,9.2,3,3,13,4,1,2,0.0,0.0,0.383,66.1,33.6,74.0,0.42857142857142855,39.78260869565217,46.72,0,1,9
STP-98562,RT-0121,24.5,1,27.54,41.3,4,3,14,4,1,2,0.0,0.0,0.383,70.69999999999999,4.6,61.0,0.5714285714285714,40.00968523002422,33.72,0,1,9
STP-10004,RT-0121,40.2,1,49.5,74.2,5,3,15,4,1,2,0.0,0.0,0.383,95.19999999999999,24.5,89.0,0.7142857142857143,40.02695417789757,61.72,0,1,9
STP-17294,RT-0121,50.9,1,59.59,89.4,6,3,17,4,1,2,0.0,20.5,0.383,135.39999999999998,40.2,60.0,0.8571428571428571,39.99328859060403,27.1,0,1,9
STP-96266,RT-0121,17.6,1,21.7,32.5,7,3,18,4,1,2,1.0,0.0,0.383,186.29999999999998,50.9,89.0,1.0,40.06153846153846,56.1,0,1,9
STP-94555,RT-0122,10.1,0,46.41,42.8,1,2,22,5,2,3,1.0,26.3,0.1,0.0,0.0,64.0,0.16666666666666666,65.06074766355141,55.19,1,0,4
STP-30750,RT-0122,3.5,0,22.04,20.3,2,2,22,5,2,3,1.0,22.2,0.1,10.1,10.1,64.0,0.3333333333333333,65.14285714285714,55.19,1,0,4
STP-56119,RT-0122,4.4,0,24.96,23.0,3,2,23,5,2,3,0.0,26.3,0.1,13.6,3.5,84.0,0.5,65.11304347826086,75.19,1,0,4
STP-18940,RT-0122,1.7,0,17.86,16.5,4,2,0,6,2,3,0.0,0.0,0.1,18.0,4.4,74.0,0.6666666666666666,64.94545454545454,68.04,1,0,4
STP-78869,RT-0122,5.4,0,43.91,40.5,5,2,0,6,2,3,0.0,9.4,0.1,19.7,1.7,63.0,0.8333333333333334,65.05185185185184,57.04,1,0,4
STP-30863,RT-0122,0.3,0,2.49,2.3,6,2,1,6,2,3,0.0,9.4,0.1,25.1,5.4,73.0,1.0,64.95652173913045,67.04,1,0,4
STP-93544,RT-0123,4.1,0,12.38,8.3,1,0,6,0,1,2,0.0,19.0,0.383,0.0,0.0,77.0,0.1111111111111111,89.49397590361446,51.66,0,0,9
STP-79275,RT-0123,5.0,0,15.68,10.5,2,0,7,0,1,2,0.0,15.8,0.383,4.1,4.1,61.0,0.2222222222222222,89.60000000000001,26.450000000000003,0,0,9
STP-57128,RT-0123,7.8,0,19.44,13.0,3,0,7,0,1,2,0.0,0.0,0.383,9.1,5.0,68.0,0.3333333333333333,89.72307692307693,33.45,0,0,9
STP-72093,RT-0123,5.4,0,21.25,14.2,4,0,8,0,1,2,0.0,20.6,0.383,16.9,7.8,85.0,0.4444444444444444,89.78873239436619,50.45,0,0,9
STP-84599,RT-0123,10.2,0,35.75,23.8,5,0,8,0,1,2,0.0,0.0,0.383,22.299999999999997,5.4,65.0,0.5555555555555556,90.12605042016807,30.450000000000003,0,0,9
STP-47997,RT-0123,22.6,0,62.6,41.7,6,0,9,0,1,2,0.0,21.3,0.383,32.5,10.2,78.0,0.6666666666666666,90.07194244604315,43.45,0,0,9
STP-77863,RT-0123,4.2,0,12.77,8.5,7,0,9,0,1,2,0.0,14.5,0.383,55.1,22.6,84.0,0.7777777777777778,90.14117647058823,49.45,0,0,9
STP-14230,RT-0123,11.3,0,41.48,27.7,8,0,10,0,1,2,1.0,27.4,0.383,59.300000000000004,4.2,88.0,0.8888888888888888,89.84837545126354,59.53,0,0,9
STP-96944,RT-0123,14.2,1,39.65,26.4,9,0,11,0,1,2,1.0,0.0,0.383,70.60000000000001,11.3,62.0,1.0,90.11363636363636,33.53,0,0,9
STP-17255,RT-0124,80.0,0,74.22,99.0,1,1,20,5,0,5,1.0,0.0,0.633,0.0,0.0,81.0,0.14285714285714285,44.981818181818184,39.3,0,0,8
STP-59444,RT-0124,60.1,1,48.19,64.3,2,1,21,5,0,5,0.0,0.0,0.633,80.0,80.0,65.0,0.2857142857142857,44.96734059097979,23.299999999999997,0,0,8
STP-54974,RT-0124,27.3,1,25.77,34.4,3,1,22,5,0,5,0.0,29.1,0.633,140.1,60.1,82.0,0.42857142857142855,44.94767441860465,40.3,0,0,8
STP-11952,RT-0124,37.7,1,30.76,41.0,4,1,23,5,0,5,0.0,0.0,0.633,167.4,27.3,61.0,0.5714285714285714,45.014634146341464,19.299999999999997,0,0,8
STP-95879,RT-0124,44.2,1,38.41,51.2,5,1,0,6,0,5,0.0,11.4,0.633,205.10000000000002,37.7,75.0,0.7142857142857143,45.01171874999999,38.81,0,0,8
STP-56787,RT-0124,8.3,1,7.16,9.5,6,1,0,6,0,5,0.0,0.0,0.633,249.3,44.2,89.0,0.8571428571428571,45.22105263157895,52.81,0,0,8
STP-45066,RT-0124,48.8,1,41.92,55.9,7,1,1,6,0,5,0.0,0.0,0.633,257.6,8.3,82.0,1.0,44.994633273703045,45.81,0,0,8
STP-14424,RT-0125,3.1,0,11.39,15.2,1,1,15,4,3,1,0.0,0.0,0.1,0.0,0.0,75.0,0.125,44.96052631578948,64.27,0,0,4
STP-60146,RT-0125,8.6,0,29.06,38.7,2,1,16,4,3,1,0.0,0.0,0.1,3.1,3.1,81.0,0.25,45.05426356589147,61.11,0,0,4
STP-55587,RT-0125,17.5,0,57.79,77.1,3,1,17,4,3,1,1.0,0.0,0.1,11.7,8.6,76.0,0.375,44.9727626459144,56.11,0,0,4
STP-91465,RT-0125,9.4,0,41.74,55.7,4,1,18,4,3,1,0.0,0.0,0.1,29.2,17.5,83.0,0.5,44.96229802513465,63.11,0,0,4
STP-80092,RT-0125,1.8,0,7.72,10.3,5,1,19,4,3,1,1.0,0.0,0.1,38.6,9.4,67.0,0.625,44.97087378640776,47.11,0,0,4
STP-11990,RT-0125,2.6,0,13.45,17.9,6,1,19,4,3,1,0.0,29.1,0.1,40.4,1.8,61.0,0.75,45.08379888268157,41.11,0,0,4
STP-45949,RT-0125,1.8,0,5.54,7.4,7,1,19,4,3,1,0.0,29.1,0.1,43.0,2.6,80.0,0.875,44.91891891891892,60.11,0,0,4
STP-44670,RT-0125,9.1,0,34.26,45.7,8,1,20,4,3,1,0.0,26.2,0.1,44.8,1.8,64.0,1.0,44.980306345733034,59.44,0,0,4
STP-15046,RT-0126,5.8,0,22.16,33.2,1,3,19,3,3,1,1.0,0.0,0.1,0.0,0.0,61.0,0.25,40.04819277108434,41.96,0,1,4
STP-12112,RT-0126,9.4,0,37.59,56.4,2,3,20,3,3,1,0.0,22.2,0.1,5.8,5.8,83.0,0.5,39.98936170212767,73.26,0,1,4
STP-24835,RT-0126,9.0,0,33.81,50.7,3,3,21,3,3,1,0.0,0.0,0.1,15.2,9.4,70.0,0.75,40.01183431952663,60.26,0,1,4
STP-52800,RT-0126,4.2,0,9.01,13.5,4,3,21,3,3,1,0.0,0.0,0.1,24.2,9.0,74.0,1.0,40.044444444444444,64.26,0,1,4
STP-95093,RT-0127,14.9,0,38.79,58.2,1,3,5,0,1,0,1.0,19.7,0.25,0.0,0.0,73.0,0.25,39.98969072164948,54.33,0,1,3
STP-25891,RT-0127,28.5,0,56.31,84.5,2,3,7,0,1,0,0.0,0.0,0.25,14.9,14.9,89.0,0.5,39.98343195266272,65.8,0,1,3
STP-85398,RT-0127,14.6,0,39.77,59.7,3,3,8,0,1,0,1.0,0.0,0.25,43.4,28.5,84.0,0.75,39.969849246231156,60.8,0,1,3
STP-68328,RT-0127,23.8,1,43.97,66.0,4,3,10,0,1,0,0.0,0.0,0.25,58.0,14.6,69.0,1.0,39.97272727272727,51.21,0,1,3
STP-35965,RT-0128,9.8,0,53.86,35.9,1,0,20,0,2,4,0.0,0.0,0.267,0.0,0.0,63.0,0.14285714285714285,90.01671309192201,45.95,1,0,5
STP-26567,RT-0128,0.6,0,2.98,2.0,2,0,20,0,2,4,0.0,0.0,0.267,9.8,9.8,90.0,0.2857142857142857,89.4,72.95,1,0,5
STP-65359,RT-0128,5.8,0,40.91,27.3,3,0,20,0,2,4,0.0,10.1,0.267,10.4,0.6,85.0,0.42857142857142855,89.9120879120879,67.95,1,0,5
STP-90822,RT-0128,4.8,0,23.3,15.5,4,0,21,0,2,4,0.0,9.9,0.267,16.2,5.8,69.0,0.5714285714285714,90.19354838709677,51.95,1,0,5
STP-72535,RT-0128,6.0,0,39.52,26.3,5,0,21,0,2,4,0.0,21.8,0.267,21.0,4.8,86.0,0.7142857142857143,90.1596958174905,68.95,1,0,5
STP-58480,RT-0128,2.2,0,14.49,9.7,6,0,22,0,2,4,0.0,26.0,0.267,27.0,6.0,70.0,0.8571428571428571,89.62886597938146,52.95,1,0,5
STP-74656,RT-0128,4.0,0,22.92,15.3,7,0,22,0,2,4,0.0,0.0,0.267,29.2,2.2,69.0,1.0,89.88235294117648,51.95,1,0,5
STP-44003,RT-0129,30.2,0,55.5,51.2,1,2,7,0,1,2,1.0,4.1,0.383,0.0,0.0,78.0,0.25,65.0390625,46.91,0,0,9
STP-13584,RT-0129,24.8,0,44.96,41.5,2,2,8,0,1,2,1.0,0.0,0.383,30.2,30.2,64.0,0.5,65.00240963855423,32.91,0,0,9
STP-46941,RT-0129,16.7,1,35.64,32.9,3,2,9,0,1,2,1.0,14.5,0.383,55.0,24.8,70.0,0.75,64.9969604863222,38.91,0,0,9
STP-66657,RT-0129,21.2,1,38.92,35.9,4,2,10,0,1,2,1.0,22.1,0.383,71.7,16.7,85.0,1.0,65.04735376044569,56.3,0,0,9
STP-83160,RT-0130,7.2,0,36.56,48.7,1,1,17,5,2,5,0.0,4.4,0.067,0.0,0.0,79.0,0.125,45.04312114989733,63.1,0,0,2
STP-38863,RT-0130,5.6,0,31.49,42.0,2,1,18,5,2,5,0.0,17.5,0.067,7.2,7.2,82.0,0.25,44.98571428571429,66.1,0,0,2
STP-38074,RT-0130,10.2,0,45.86,61.1,3,1,19,5,2,5,1.0,0.0,0.067,12.8,5.6,77.0,0.375,45.03436988543372,61.1,0,0,2
STP-92709,RT-0130,0.4,0,48.65,64.9,4,1,20,5,2,5,0.0,21.2,0.067,23.0,10.2,64.0,0.5,44.976887519260394,56.17,0,0,2
STP-74254,RT-0130,1.3,0,19.0,25.3,5,1,21,5,2,5,0.0,0.0,0.067,23.4,0.4,60.0,0.625,45.059288537549406,52.17,0,0,2
STP-68611,RT-0130,0.9,0,34.38,45.8,6,1,22,5,2,5,0.0,29.1,0.067,24.7,1.3,74.0,0.75,45.039301310043676,66.17,0,0,2
STP-73404,RT-0130,7.6,0,35.87,47.8,7,1,23,5,2,5,1.0,0.0,0.067,25.599999999999998,0.9,78.0,0.875,45.02510460251046,70.17,0,0,2
STP-63609,RT-0130,12.0,0,52.21,69.6,8,1,0,6,2,5,0.0,4.3,0.067,33.199999999999996,7.6,75.0,1.0,45.008620689655174,69.75,0,0,2
STP-12610,RT-0131,2.8,0,51.14,34.1,1,0,5,0,3,0,1.0,19.4,0.083,0.0,0.0,61.0,0.1111111111111111,89.98240469208211,55.58,0,0,2
STP-16450,RT-0131,0.7,0,33.71,22.5,2,0,5,0,3,0,0.0,0.0,0.083,2.8,2.8,84.0,0.2222222222222222,89.89333333333333,78.58,0,0,2
STP-31155,RT-0131,-1.1,0,26.2,17.5,3,0,6,0,3,0,0.0,20.5,0.083,3.5,0.7,81.0,0.3333333333333333,89.82857142857142,75.58,0,0,2
STP-62158,RT-0131,1.0,0,16.84,11.2,4,0,6,0,3,0,0.0,0.0,0.083,2.4,-1.1,77.0,0.4444444444444444,90.21428571428572,71.58,0,0,2
STP-59526,RT-0131,0.0,0,10.16,6.8,5,0,6,0,3,0,1.0,0.0,0.083,3.4,1.0,66.0,0.5555555555555556,89.64705882352942,60.58,0,0,2
STP-81001,RT-0131,0.3,0,3.53,2.4,6,0,7,0,3,0,0.0,0.0,0.083,3.4,0.0,70.0,0.6666666666666666,88.25,52.09,0,0,2
STP-13071,RT-0131,-0.8,0,25.65,17.1,7,0,7,0,3,0,0.0,0.0,0.083,3.6999999999999997,0.3,76.0,0.7777777777777778,89.99999999999999,58.09,0,0,2
STP-63258,RT-0131,-0.2,0,17.32,11.5,8,0,7,0,3,0,1.0,0.0,0.083,2.8999999999999995,-0.8,65.0,0.8888888888888888,90.36521739130434,47.09,0,0,2
STP-58855,RT-0131,0.0,0,17.96,12.0,9,0,8,0,3,0,0.0,0.0,0.083,2.6999999999999993,-0.2,63.0,1.0,89.8,45.09,0,0,2
STP-40465,RT-0132,41.6,0,35.76,53.6,1,3,12,5,0,5,0.0,5.4,0.633,0.0,0.0,87.0,0.1111111111111111,40.02985074626866,44.29,0,1,8
STP-10730,RT-0132,22.1,1,20.25,30.4,2,3,12,5,0,5,1.0,26.7,0.633,41.6,41.6,61.0,0.2222222222222222,39.9671052631579,18.29,0,1,8
STP-73307,RT-0132,41.9,1,37.28,55.9,3,3,14,5,0,5,0.0,0.0,0.633,63.7,22.1,88.0,0.3333333333333333,40.014311270125226,45.29,0,1,8
STP-11785,RT-0132,27.7,1,24.19,36.3,4,3,15,5,0,5,0.0,0.0,0.633,105.6,41.9,74.0,0.4444444444444444,39.98347107438017,31.29,0,1,8
STP-78758,RT-0132,27.8,1,21.69,32.5,5,3,15,5,0,5,0.0,0.0,0.633,133.29999999999998,27.7,63.0,0.5555555555555556,40.04307692307693,20.29,0,1,8
STP-98694,RT-0132,28.9,1,26.29,39.4,6,3,16,5,0,5,1.0,1.5,0.633,161.1,27.8,69.0,0.6666666666666666,40.03553299492386,17.42,0,1,8
STP-58660,RT-0132,19.5,1,16.96,25.4,7,3,17,5,0,5,0.0,0.0,0.633,190.0,28.9,76.0,0.7777777777777778,40.06299212598426,24.42,0,1,8
STP-64565,RT-0132,31.2,1,25.35,38.0,8,3,18,5,0,5,0.0,5.4,0.633,209.5,19.5,61.0,0.8888888888888888,40.026315789473685,9.420000000000002,0,1,8
STP-22414,RT-0132,9.5,1,7.88,11.8,9,3,18,5,0,5,0.0,5.4,0.633,240.7,31.2,76.0,1.0,40.06779661016949,24.42,0,1,8
STP-86980,RT-0133,25.2,0,42.01,63.0,1,3,13,4,2,4,0.0,17.5,0.267,0.0,0.0,74.0,0.1,40.009523809523806,52.57,1,1,5
STP-72050,RT-0133,19.5,0,35.04,52.6,2,3,14,4,2,4,0.0,25.2,0.267,25.2,25.2,77.0,0.2,39.969581749049425,55.57,1,1,5
STP-52380,RT-0133,23.6,0,50.71,76.1,3,3,15,4,2,4,0.0,16.5,0.267,44.7,19.5,81.0,0.3,39.98160315374508,59.57,1,1,5
STP-41558,RT-0133,23.3,1,44.37,66.6,4,3,17,4,2,4,1.0,0.0,0.267,68.30000000000001,23.6,67.0,0.4,39.972972972972975,38.93,1,1,5
STP-38036,RT-0133,17.7,1,39.33,59.0,5,3,18,4,2,4,1.0,0.0,0.267,91.60000000000001,23.3,90.0,0.5,39.996610169491525,61.93,1,1,5
STP-83125,RT-0133,5.7,1,15.5,23.2,6,3,19,4,2,4,0.0,0.0,0.267,109.30000000000001,17.7,74.0,0.6,40.08620689655172,45.93,1,1,5
STP-35032,RT-0133,25.0,1,42.22,63.3,7,3,20,4,2,4,1.0,0.0,0.267,115.00000000000001,5.7,80.0,0.7,40.018957345971565,63.59,1,1,5
STP-53050,RT-0133,11.2,1,21.59,32.4,8,3,21,4,2,4,0.0,0.0,0.267,140.0,25.0,72.0,0.8,39.98148148148149,55.59,1,1,5
STP-62205,RT-0133,8.7,1,17.21,25.8,9,3,21,4,2,4,0.0,0.0,0.267,151.2,11.2,75.0,0.9,40.02325581395349,58.59,1,1,5
STP-92868,RT-0133,19.8,1,38.4,57.6,10,3,22,4,2,4,0.0,0.0,0.267,159.89999999999998,8.7,76.0,1.0,39.99999999999999,59.59,1,1,5
STP-51481,RT-0134,15.9,0,45.72,68.6,1,3,18,6,1,0,0.0,26.5,0.25,0.0,0.0,61.0,0.1111111111111111,39.988338192419825,36.91,0,1,3
STP-97519,RT-0134,8.3,0,16.13,24.2,2,3,19,6,1,0,0.0,0.0,0.25,15.9,15.9,68.0,0.2222222222222222,39.99173553719008,43.91,0,1,3
STP-36041,RT-0134,7.5,0,17.74,26.6,3,3,19,6,1,0,0.0,0.0,0.25,24.200000000000003,8.3,86.0,0.3333333333333333,40.01503759398496,61.91,0,1,3
STP-71112,RT-0134,8.3,0,16.81,25.2,4,3,20,6,1,0,0.0,16.0,0.25,31.700000000000003,7.5,87.0,0.4444444444444444,40.023809523809526,68.41,0,1,3
STP-87483,RT-0134,18.2,0,35.0,52.5,5,3,21,6,1,0,0.0,0.0,0.25,40.0,8.3,87.0,0.5555555555555556,40.0,68.41,0,1,3
STP-99245,RT-0134,9.2,0,45.33,68.0,6,3,22,6,1,0,0.0,0.0,0.25,58.2,18.2,83.0,0.6666666666666666,39.997058823529414,64.41,0,1,3
STP-28405,RT-0134,9.1,1,25.6,38.4,7,3,23,6,1,0,1.0,0.0,0.25,67.4,9.2,62.0,0.7777777777777778,40.0,43.41,0,1,3
STP-44674,RT-0134,7.7,1,31.68,47.5,8,3,0,0,1,0,1.0,0.0,0.25,76.5,9.1,83.0,0.8888888888888888,40.01684210526316,64.33,0,1,3
STP-86706,RT-0134,7.2,1,21.72,32.6,9,3,1,0,1,0,0.0,0.0,0.25,84.2,7.7,65.0,1.0,39.97546012269938,46.33,0,1,3
STP-87121,RT-0135,10.9,0,35.41,47.2,1,1,11,5,3,1,0.0,20.5,0.1,0.0,0.0,68.0,0.125,45.01271186440677,57.269999999999996,0,0,4
STP-23134,RT-0135,7.8,0,47.68,63.6,2,1,12,5,3,1,1.0,0.0,0.1,10.9,10.9,70.0,0.25,44.9811320754717,59.269999999999996,0,0,4
STP-67012,RT-0135,8.6,0,36.77,49.0,3,1,13,5,3,1,0.0,0.0,0.1,18.7,7.8,79.0,0.375,45.02448979591837,68.27,0,0,4
STP-40710,RT-0135,5.7,0,22.06,29.4,4,1,13,5,3,1,0.0,0.0,0.1,27.299999999999997,8.6,84.0,0.5,45.0204081632653,73.27,0,0,4
STP-31808,RT-0135,4.6,0,10.65,14.2,5,1,14,5,3,1,0.0,0.0,0.1,33.0,5.7,70.0,0.625,45.0,59.269999999999996,0,0,4
STP-17051,RT-0135,8.4,0,29.78,39.7,6,1,15,5,3,1,0.0,20.5,0.1,37.6,4.6,60.0,0.75,45.00755667506297,49.269999999999996,0,0,4
STP-36267,RT-0135,1.4,0,5.84,7.8,7,1,15,5,3,1,0.0,20.5,0.1,46.0,8.4,84.0,0.875,44.92307692307692,73.27,0,0,4
STP-82790,RT-0135,0.9,0,4.5,6.0,8,1,15,5,3,1,0.0,21.9,0.1,47.4,1.4,89.0,1.0,45.0,78.27,0,0,4
STP-19392,RT-0136,3.1,0,15.14,14.0,1,2,7,5,1,0,0.0,0.0,0.25,0.0,0.0,85.0,0.1,64.88571428571429,60.07,0,0,3
STP-75726,RT-0136,8.9,0,31.93,29.5,2,2,8,5,1,0,0.0,0.0,0.25,3.1,3.1,85.0,0.2,64.94237288135594,60.07,0,0,3
STP-49575,RT-0136,9.2,0,29.39,27.1,3,2,9,5,1,0,0.0,0.0,0.25,12.0,8.9,88.0,0.3,65.07011070110701,63.07,0,0,3
STP-65277,RT-0136,6.0,0,17.34,16.0,4,2,9,5,1,0,1.0,0.0,0.25,21.2,9.2,77.0,0.4,65.025,52.07,0,0,3
STP-63015,RT-0136,6.2,0,46.13,42.6,5,2,10,5,1,0,0.0,0.0,0.25,27.2,6.0,71.0,0.5,64.97183098591549,53.9,0,0,3
STP-17144,RT-0136,7.0,0,35.72,33.0,6,2,11,5,1,0,0.0,26.7,0.25,33.4,6.2,64.0,0.6,64.94545454545454,46.9,0,0,3
STP-80126,RT-0136,14.0,0,45.26,41.8,7,2,12,5,1,0,0.0,19.4,0.25,40.4,7.0,90.0,0.7,64.96650717703349,72.9,0,0,3
STP-87352,RT-0136,13.0,0,51.95,48.0,8,2,13,5,1,0,0.0,0.0,0.25,54.4,14.0,77.0,0.8,64.9375,59.9,0,0,3
STP-74175,RT-0136,11.3,1,27.5,25.4,9,2,13,5,1,0,1.0,23.4,0.25,67.4,13.0,78.0,0.9,64.96062992125985,60.9,0,0,3
STP-33426,RT-0136,7.9,1,21.95,20.3,10,2,14,5,1,0,1.0,0.0,0.25,78.7,11.3,81.0,1.0,64.8768472906404,63.9,0,0,3
STP-84588,RT-0137,65.5,0,49.61,74.4,1,3,18,5,0,5,0.0,0.0,0.633,0.0,0.0,87.0,0.2,40.00806451612903,35.42,0,1,8
STP-93458,RT-0137,32.7,1,26.33,39.5,2,3,19,5,0,5,0.0,0.0,0.633,65.5,65.5,83.0,0.4,39.994936708860756,31.42,0,1,8
STP-66811,RT-0137,27.9,1,23.88,35.8,3,3,20,5,0,5,1.0,20.3,0.633,98.2,32.7,86.0,0.6,40.02234636871509,49.47,0,1,8
STP-16400,RT-0137,51.2,1,42.73,64.1,4,3,21,5,0,5,0.0,0.0,0.633,126.1,27.9,63.0,0.8,39.99687987519501,26.47,0,1,8
STP-33758,RT-0137,26.5,1,22.75,34.1,5,3,22,5,0,5,0.0,0.0,0.633,177.3,51.2,89.0,1.0,40.02932551319648,52.47,0,1,8
STP-11647,RT-0138,35.9,0,31.6,42.1,1,1,18,5,0,5,1.0,27.4,0.633,0.0,0.0,75.0,0.16666666666666666,45.035629453681715,28.840000000000003,0,0,8
STP-43514,RT-0138,23.3,0,18.03,24.0,2,1,19,5,0,5,0.0,0.0,0.633,35.9,35.9,78.0,0.3333333333333333,45.075,31.840000000000003,0,0,8
STP-79414,RT-0138,22.2,1,19.14,25.5,3,1,20,5,0,5,1.0,27.4,0.633,59.2,23.3,67.0,0.5,45.03529411764706,25.299999999999997,0,0,8
STP-84041,RT-0138,43.9,1,36.51,48.7,4,1,21,5,0,5,0.0,0.0,0.633,81.4,22.2,73.0,0.6666666666666666,44.98151950718685,31.299999999999997,0,0,8
STP-27261,RT-0138,4.4,1,4.29,5.7,5,1,21,5,0,5,0.0,0.0,0.633,125.30000000000001,43.9,66.0,0.8333333333333334,45.1578947368421,24.299999999999997,0,0,8
STP-62575,RT-0138,41.0,1,32.8,43.7,6,1,22,5,0,5,0.0,0.0,0.633,129.70000000000002,4.4,74.0,1.0,45.034324942791756,32.3,0,0,8
STP-96008,RT-0139,30.4,0,44.5,66.8,1,3,16,0,3,4,0.0,0.0,0.333,0.0,0.0,86.0,0.1111111111111111,39.970059880239525,57.82,1,1,10
STP-28162,RT-0139,31.3,0,35.85,53.8,2,3,17,0,3,4,0.0,0.0,0.333,30.4,30.4,76.0,0.2222222222222222,39.98141263940521,47.82,1,1,10
STP-91984,RT-0139,18.6,0,23.13,34.7,3,3,18,0,3,4,0.0,25.1,0.333,61.7,31.3,88.0,0.3333333333333333,39.99423631123919,59.82,1,1,10
STP-31152,RT-0139,25.3,1,32.56,48.8,4,3,19,0,3,4,0.0,16.0,0.333,80.30000000000001,18.6,69.0,0.4444444444444444,40.03278688524591,40.82,1,1,10
STP-37132,RT-0139,14.2,1,15.76,23.6,5,3,20,0,3,4,1.0,0.0,0.333,105.60000000000001,25.3,90.0,0.5555555555555556,40.06779661016949,66.23,1,1,10
STP-89168,RT-0139,23.2,1,27.42,41.1,6,3,21,0,3,4,0.0,22.9,0.333,119.80000000000001,14.2,90.0,0.6666666666666666,40.02919708029197,66.23,1,1,10
STP-71631,RT-0139,30.3,1,41.18,61.8,7,3,22,0,3,4,0.0,1.7,0.333,143.0,23.2,64.0,0.7777777777777778,39.980582524271846,40.230000000000004,1,1,10
STP-80014,RT-0139,20.3,1,21.31,32.0,8,3,23,0,3,4,0.0,0.0,0.333,173.3,30.3,82.0,0.8888888888888888,39.95625,58.230000000000004,1,1,10
STP-67677,RT-0139,20.0,1,25.03,37.5,9,3,23,0,3,4,0.0,25.1,0.333,193.60000000000002,20.3,83.0,1.0,40.048,59.230000000000004,1,1,10
STP-84479,RT-0140,30.6,0,48.32,44.6,1,2,3,0,1,3,0.0,0.0,0.333,0.0,0.0,87.0,0.2,65.00448430493273,68.86,1,0,12
STP-48170,RT-0140,22.9,0,35.14,32.4,2,2,4,0,1,3,0.0,0.0,0.333,30.6,30.6,84.0,0.4,65.07407407407409,65.86,1,0,12
STP-48316,RT-0140,25.9,1,43.76,40.4,3,2,4,0,1,3,0.0,15.8,0.333,53.5,22.9,67.0,0.6,64.99009900990099,48.86,1,0,12
STP-76662,RT-0140,20.3,1,38.69,35.7,4,2,5,0,1,3,1.0,0.0,0.333,79.4,25.9,84.0,0.8,65.0252100840336,65.86,1,0,12
STP-51195,RT-0140,19.1,1,35.07,32.4,5,2,6,0,1,3,0.0,20.6,0.333,99.7,20.3,68.0,1.0,64.94444444444446,49.86,1,0,12
STP-78697,RT-0141,3.2,0,5.09,6.8,1,1,19,3,1,1,0.0,20.3,0.267,0.0,0.0,64.0,0.16666666666666666,44.911764705882355,36.69,0,0,6
STP-82520,RT-0141,3.8,0,6.86,9.1,2,1,19,3,1,1,0.0,0.0,0.267,3.2,3.2,78.0,0.3333333333333333,45.23076923076923,50.69,0,0,6
STP-33944,RT-0141,12.7,0,20.74,27.7,3,1,20,3,1,1,0.0,6.3,0.267,7.0,3.8,66.0,0.5,44.92418772563177,45.83,0,0,6
STP-46369,RT-0141,26.6,0,46.45,61.9,4,1,21,3,1,1,0.0,22.5,0.267,19.7,12.7,77.0,0.6666666666666666,45.02423263327948,56.83,0,0,6
STP-86765,RT-0141,28.7,1,47.11,62.8,5,1,22,3,1,1,0.0,0.0,0.267,46.3,26.6,81.0,0.8333333333333334,45.00955414012739,60.83,0,0,6
STP-25257,RT-0141,14.0,1,21.33,28.4,6,1,23,3,1,1,0.0,0.0,0.267,75.0,28.7,82.0,1.0,45.06338028169014,61.83,0,0,6
STP-94578,RT-0142,22.2,0,32.47,43.3,1,1,17,4,1,5,1.0,0.0,0.3,0.0,0.0,73.0,0.25,44.99307159353349,46.53,0,0,6
STP-33878,RT-0142,21.7,0,30.9,41.2,2,1,18,4,1,5,0.0,0.0,0.3,22.2,22.2,64.0,0.5,44.99999999999999,37.53,0,0,6
STP-22395,RT-0142,22.6,1,29.89,39.9,3,1,19,4,1,5,0.0,1.4,0.3,43.9,21.7,65.0,0.75,44.94736842105264,38.53,0,0,6
STP-75769,RT-0142,27.2,1,44.57,59.4,4,1,20,4,1,5,0.0,0.0,0.3,66.5,22.6,77.0,1.0,45.02020202020202,60.07,0,0,6
STP-58600,RT-0143,40.5,0,58.63,54.1,1,2,22,4,0,1,0.0,0.0,0.6,0.0,0.0,85.0,0.14285714285714285,65.02402957486137,50.02,0,0,8
STP-10743,RT-0143,27.4,0,41.34,38.2,2,2,23,4,0,1,0.0,20.7,0.6,40.5,40.5,80.0,0.2857142857142857,64.93193717277487,45.02,0,0,8
STP-36504,RT-0143,26.0,1,40.29,37.2,3,2,0,5,0,1,0.0,25.4,0.6,67.9,27.4,65.0,0.42857142857142855,64.98387096774194,28.04,0,0,8
STP-36142,RT-0143,28.4,1,39.62,36.6,4,2,1,5,0,1,0.0,0.0,0.6,93.9,26.0,83.0,0.5714285714285714,64.95081967213115,46.04,0,0,8
STP-87717,RT-0143,18.9,1,28.43,26.2,5,2,1,5,0,1,1.0,0.0,0.6,122.30000000000001,28.4,69.0,0.7142857142857143,65.10687022900764,32.04,0,0,8
STP-17774,RT-0143,20.4,1,29.94,27.6,6,2,2,5,0,1,1.0,0.0,0.6,141.20000000000002,18.9,87.0,0.8571428571428571,65.08695652173913,50.04,0,0,8
STP-64234,RT-0143,30.1,1,49.71,45.9,7,2,3,5,0,1,1.0,0.0,0.6,161.60000000000002,20.4,72.0,1.0,64.98039215686275,35.04,0,0,8
STP-57474,RT-0144,11.4,0,23.21,30.9,1,1,4,5,1,0,0.0,29.1,0.25,0.0,0.0,72.0,0.16666666666666666,45.067961165048544,56.11,0,0,3
STP-73747,RT-0144,20.5,0,32.02,42.7,2,1,5,5,1,0,0.0,0.0,0.25,11.4,11.4,67.0,0.3333333333333333,44.99297423887588,51.11,0,0,3
STP-52869,RT-0144,8.8,0,17.45,23.3,3,1,6,5,1,0,0.0,0.0,0.25,31.9,20.5,86.0,0.5,44.93562231759656,70.11,0,0,3
STP-79699,RT-0144,17.4,0,42.17,56.2,4,1,7,5,1,0,0.0,0.0,0.25,40.7,8.8,78.0,0.6666666666666666,45.021352313167256,51.06,0,0,3
STP-99647,RT-0144,12.8,1,21.91,29.2,5,1,8,5,1,0,0.0,0.0,0.25,58.1,17.4,69.0,0.8333333333333334,45.020547945205486,42.06,0,0,3
STP-54539,RT-0144,17.6,1,26.02,34.7,6,1,8,5,1,0,0.0,0.0,0.25,70.9,12.8,68.0,1.0,44.99135446685879,41.06,0,0,3
STP-29435,RT-0145,5.3,0,24.74,22.8,1,2,11,3,3,3,0.0,0.0,0.167,0.0,0.0,83.0,0.25,65.10526315789473,70.28,1,0,8
STP-51331,RT-0145,12.9,0,54.07,49.9,2,2,12,3,3,3,0.0,20.3,0.167,5.3,5.3,62.0,0.5,65.01402805611222,49.28,1,0,8
STP-13577,RT-0145,19.5,0,54.22,50.0,3,2,13,3,3,3,0.0,0.0,0.167,18.2,12.9,79.0,0.75,65.064,66.28,1,0,8
STP-68564,RT-0145,12.9,0,41.33,38.2,4,2,14,3,3,3,0.0,0.0,0.167,37.7,19.5,62.0,1.0,64.91623036649214,49.28,1,0,8
STP-59811,RT-0146,-0.2,0,21.86,20.2,1,2,5,6,2,5,0.0,0.0,0.067,0.0,0.0,61.0,0.25,64.93069306930693,53.54,0,0,2
STP-21069,RT-0146,-1.8,0,23.4,21.6,2,2,6,6,2,5,1.0,4.4,0.067,-0.2,-0.2,73.0,0.5,64.99999999999999,65.54,0,0,2
STP-42636,RT-0146,-0.7,0,51.95,48.0,3,2,7,6,2,5,0.0,0.0,0.067,-2.0,-1.8,80.0,0.75,64.9375,66.22,0,0,2
STP-96632,RT-0146,-0.3,0,32.32,29.8,4,2,8,6,2,5,0.0,29.1,0.067,-2.7,-0.7,70.0,1.0,65.0738255033557,56.22,0,0,2
STP-80710,RT-0147,2.6,0,18.38,17.0,1,2,21,6,2,3,0.0,0.0,0.1,0.0,0.0,77.0,0.1,64.87058823529412,68.19,1,0,4
STP-18693,RT-0147,4.0,0,18.76,17.3,2,2,21,6,2,3,0.0,0.0,0.1,2.6,2.6,83.0,0.2,65.0635838150289,74.19,1,0,4
STP-10094,RT-0147,2.8,0,13.28,12.3,3,2,22,6,2,3,0.0,0.0,0.1,6.6,4.0,65.0,0.3,64.78048780487804,56.19,1,0,4
STP-84873,RT-0147,1.1,0,15.02,13.9,4,2,22,6,2,3,0.0,0.0,0.1,9.399999999999999,2.8,79.0,0.4,64.83453237410072,70.19,1,0,4
STP-90611,RT-0147,1.0,0,6.09,5.6,5,2,23,6,2,3,0.0,0.0,0.1,10.499999999999998,1.1,78.0,0.5,65.25,69.19,1,0,4
STP-44960,RT-0147,6.3,0,43.95,40.6,6,2,23,6,2,3,1.0,4.9,0.1,11.499999999999998,1.0,67.0,0.6,64.95073891625617,58.19,1,0,4
STP-35938,RT-0147,1.0,0,15.84,14.6,7,2,0,0,2,3,1.0,0.0,0.1,17.799999999999997,6.3,88.0,0.7,65.0958904109589,82.04,1,0,4
STP-73418,RT-0147,1.8,0,12.05,11.1,8,2,0,0,2,3,0.0,4.9,0.1,18.799999999999997,1.0,65.0,0.8,65.13513513513514,59.04,1,0,4
STP-81549,RT-0147,7.8,0,39.97,36.9,9,2,1,0,2,3,1.0,0.0,0.1,20.599999999999998,1.8,74.0,0.9,64.99186991869918,68.04,1,0,4
STP-73878,RT-0147,3.6,0,26.67,24.6,10,2,2,0,2,3,0.0,14.3,0.1,28.4,7.8,65.0,1.0,65.04878048780488,59.04,1,0,4
STP-33935,RT-0148,34.1,0,37.98,50.6,1,1,2,0,0,0,0.0,0.0,0.583,0.0,0.0,83.0,0.125,45.03557312252964,46.72,0,0,4
STP-29892,RT-0148,22.0,0,23.85,31.8,2,1,3,0,0,0,1.0,21.0,0.583,34.1,34.1,69.0,0.25,45.0,32.72,0,0,4
STP-30807,RT-0148,32.5,1,36.15,48.2,3,1,4,0,0,0,0.0,0.0,0.583,56.1,22.0,71.0,0.375,45.0,34.72,0,0,4
STP-36502,RT-0148,40.0,1,42.65,56.9,4,1,5,0,0,0,0.0,0.0,0.583,88.6,32.5,70.0,0.5,44.973637961335676,33.72,0,0,4
STP-49320,RT-0148,30.5,1,40.99,54.7,5,1,6,0,0,0,1.0,10.5,0.583,128.6,40.0,72.0,0.625,44.96160877513711,35.72,0,0,4
STP-28389,RT-0148,29.4,1,31.02,41.4,6,1,7,0,0,0,0.0,0.0,0.583,159.1,30.5,62.0,0.75,44.95652173913044,20.759999999999998,0,0,4
STP-35345,RT-0148,21.5,1,25.35,33.8,7,1,8,0,0,0,0.0,0.0,0.583,188.5,29.4,69.0,0.875,45.00000000000001,27.759999999999998,0,0,4
STP-29902,RT-0148,9.0,1,11.11,14.8,8,1,8,0,0,0,0.0,0.0,0.583,210.0,21.5,79.0,1.0,45.04054054054054,37.76,0,0,4
STP-92168,RT-0149,8.4,0,30.02,27.7,1,2,22,0,1,0,1.0,22.3,0.25,0.0,0.0,75.0,0.14285714285714285,65.02527075812274,60.44,0,0,3
STP-89077,RT-0149,9.0,0,35.92,33.2,2,2,23,0,1,0,0.0,26.0,0.25,8.4,8.4,81.0,0.2857142857142857,64.91566265060241,66.44,0,0,3
STP-46726,RT-0149,3.4,0,10.38,9.6,3,2,23,0,1,0,0.0,0.0,0.25,17.4,9.0,72.0,0.42857142857142855,64.875,57.44,0,0,3
STP-20891,RT-0149,10.9,0,55.34,51.1,4,2,0,1,1,0,0.0,0.0,0.25,20.799999999999997,3.4,67.0,0.5714285714285714,64.97847358121331,47.8,0,0,3
STP-73945,RT-0149,7.7,0,37.1,34.2,5,2,1,1,1,0,0.0,0.0,0.25,31.699999999999996,10.9,60.0,0.7142857142857143,65.08771929824562,40.8,0,0,3
STP-94237,RT-0149,7.2,0,29.49,27.2,6,2,2,1,1,0,0.0,13.8,0.25,39.4,7.7,66.0,0.8571428571428571,65.05147058823529,46.8,0,0,3
STP-61608,RT-0149,7.8,0,31.68,29.2,7,2,2,1,1,0,0.0,0.0,0.25,46.6,7.2,75.0,1.0,65.0958904109589,55.8,0,0,3
STP-42597,RT-0150,2.9,0,42.64,56.9,1,1,9,0,2,1,0.0,22.2,0.033,0.0,0.0,84.0,0.1111111111111111,44.96309314586995,73.43,0,0,2
STP-81732,RT-0150,0.2,0,24.89,33.2,2,1,9,0,2,1,0.0,0.0,0.033,2.9,2.9,68.0,0.2222222222222222,44.98192771084337,57.43,0,0,2
STP-80547,RT-0150,0.8,0,7.84,10.5,3,1,10,0,2,1,1.0,4.4,0.033,3.1,0.2,60.0,0.3333333333333333,44.800000000000004,53.92,0,0,2
STP-93817,RT-0150,6.7,0,43.7,58.3,4,1,11,0,2,1,0.0,0.0,0.033,3.9000000000000004,0.8,86.0,0.4444444444444444,44.97427101200687,79.92,0,0,2
STP-32091,RT-0150,1.6,0,16.7,22.3,5,1,11,0,2,1,0.0,11.1,0.033,10.600000000000001,6.7,64.0,0.5555555555555556,44.93273542600896,57.92,0,0,2
STP-62162,RT-0150,1.9,0,19.81,26.4,6,1,12,0,2,1,0.0,0.0,0.033,12.200000000000001,1.6,64.0,0.6666666666666666,45.022727272727266,57.92,0,0,2
STP-62003,RT-0150,1.8,0,36.1,48.1,7,1,13,0,2,1,1.0,0.0,0.033,14.100000000000001,1.9,81.0,0.7777777777777778,45.03118503118503,74.92,0,0,2
STP-39468,RT-0150,1.1,0,27.24,36.3,8,1,14,0,2,1,0.0,29.1,0.033,15.900000000000002,1.8,71.0,0.8888888888888888,45.02479338842975,64.92,0,0,2
STP-39600,RT-0150,-1.9,0,39.7,52.9,9,1,15,0,2,1,0.0,7.5,0.033,17.000000000000004,1.1,76.0,1.0,45.02835538752364,69.92,0,0,2
STP-40763,RT-0151,14.7,0,28.19,26.0,1,2,21,5,1,2,0.0,0.0,0.383,0.0,0.0,84.0,0.125,65.05384615384615,59.85,0,0,9
STP-76512,RT-0151,14.8,0,27.48,25.4,2,2,22,5,1,2,0.0,4.6,0.383,14.7,14.7,72.0,0.25,64.91338582677166,47.85,0,0,9
STP-39355,RT-0151,7.7,0,16.34,15.1,3,2,23,5,1,2,1.0,22.3,0.383,29.5,14.8,73.0,0.375,64.9271523178808,48.85,0,0,9
STP-68781,RT-0151,13.0,0,27.32,25.2,4,2,23,5,1,2,0.0,8.2,0.383,37.2,7.7,68.0,0.5,65.04761904761905,43.85,0,0,9
STP-46187,RT-0151,19.1,0,45.79,42.3,5,2,0,6,1,2,1.0,0.0,0.383,50.2,13.0,75.0,0.625,64.95035460992908,53.14,0,0,9
STP-38207,RT-0151,17.7,1,33.36,30.8,6,2,1,6,1,2,0.0,17.5,0.383,69.30000000000001,19.1,67.0,0.75,64.98701298701299,45.14,0,0,9
STP-28904,RT-0151,17.0,1,35.14,32.4,7,2,2,6,1,2,0.0,0.0,0.383,87.00000000000001,17.7,68.0,0.875,65.07407407407409,46.14,0,0,9
STP-19307,RT-0151,13.6,1,25.28,23.3,8,2,2,6,1,2,1.0,0.0,0.383,104.00000000000001,17.0,66.0,1.0,65.09871244635193,44.14,0,0,9
STP-43031,RT-0152,10.3,0,24.96,23.0,1,2,13,6,3,4,0.0,13.1,0.333,0.0,0.0,87.0,0.14285714285714285,65.11304347826086,61.870000000000005,1,0,10
STP-78664,RT-0152,17.1,0,39.27,36.2,2,2,13,6,3,4,0.0,0.0,0.333,10.3,10.3,80.0,0.2857142857142857,65.08839779005525,54.870000000000005,1,0,10
STP-52842,RT-0152,21.6,0,44.72,41.3,3,2,14,6,3,4,1.0,0.0,0.333,27.400000000000002,17.1,80.0,0.42857142857142855,64.96852300242132,54.870000000000005,1,0,10
STP-80151,RT-0152,8.6,0,19.79,18.3,4,2,15,6,3,4,0.0,0.0,0.333,49.0,21.6,74.0,0.5714285714285714,64.88524590163934,48.870000000000005,1,0,10
STP-33264,RT-0152,13.0,1,30.92,28.5,5,2,16,6,3,4,0.0,0.0,0.333,57.6,8.6,66.0,0.7142857142857143,65.09473684210526,31.060000000000002,1,0,10
STP-24126,RT-0152,15.8,1,34.32,31.7,6,2,16,6,3,4,0.0,0.0,0.333,70.6,13.0,60.0,0.8571428571428571,64.95899053627761,25.060000000000002,1,0,10
STP-69594,RT-0152,20.1,1,43.04,39.7,7,2,17,6,3,4,0.0,14.5,0.333,86.39999999999999,15.8,87.0,1.0,65.04785894206549,52.06,1,0,10
STP-79720,RT-0153,-1.4,0,9.37,6.2,1,0,18,3,2,0,1.0,16.0,0.017,0.0,0.0,74.0,0.1,90.6774193548387,62.54,0,0,1
STP-65878,RT-0153,-1.8,0,21.07,14.0,2,0,18,3,2,0,0.0,0.0,0.017,-1.4,-1.4,86.0,0.2,90.3,74.53999999999999,0,0,1
STP-47643,RT-0153,-2.2,0,29.54,19.7,3,0,19,3,2,0,0.0,0.0,0.017,-3.2,-1.8,80.0,0.3,89.96954314720813,68.53999999999999,0,0,1
STP-94008,RT-0153,-5.4,0,45.31,30.2,4,0,19,3,2,0,0.0,0.0,0.017,-5.4,-2.2,87.0,0.4,90.01986754966889,75.53999999999999,0,0,1
STP-99674,RT-0153,-3.9,0,51.56,34.4,5,0,20,3,2,0,0.0,0.0,0.017,-10.8,-5.4,64.0,0.5,89.93023255813954,59.269999999999996,0,0,1
STP-34340,RT-0153,-0.2,0,1.83,1.2,6,0,20,3,2,0,0.0,0.0,0.017,-14.700000000000001,-3.9,75.0,0.6,91.5,70.27,0,0,1
STP-60002,RT-0153,-4.0,0,45.8,30.5,7,0,21,3,2,0,0.0,2.2,0.017,-14.9,-0.2,80.0,0.7,90.09836065573771,75.27,0,0,1
STP-58730,RT-0153,-4.8,0,49.72,33.1,8,0,22,3,2,0,0.0,26.2,0.017,-18.9,-4.0,85.0,0.8,90.12688821752266,80.27,0,0,1
STP-92076,RT-0153,-4.6,0,49.1,32.7,9,0,22,3,2,0,1.0,0.0,0.017,-23.7,-4.8,86.0,0.9,90.09174311926606,81.27,0,0,1
STP-34837,RT-0153,-2.1,0,41.05,27.4,10,0,23,3,2,0,1.0,0.0,0.017,-28.299999999999997,-4.6,83.0,1.0,89.8905109489051,78.27,0,0,1
STP-25650,RT-0154,47.3,0,41.68,38.5,1,2,11,2,0,4,0.0,0.0,0.833,0.0,0.0,73.0,0.25,64.95584415584415,21.61,1,0,20
STP-24331,RT-0154,54.6,1,47.64,44.0,2,2,12,2,0,4,0.0,0.0,0.833,47.3,47.3,67.0,0.5,64.96363636363637,15.61,1,0,20
STP-28711,RT-0154,51.5,1,43.69,40.3,3,2,12,2,0,4,0.0,0.0,0.833,101.9,54.6,76.0,0.75,65.04714640198512,24.61,1,0,20
STP-30016,RT-0154,12.8,1,11.51,10.6,4,2,13,2,0,4,0.0,11.8,0.833,153.4,51.5,81.0,1.0,65.15094339622641,29.61,1,0,20
STP-63729,RT-0155,43.8,0,46.17,69.3,1,3,0,5,1,3,0.0,0.0,0.333,0.0,0.0,61.0,0.25,39.97402597402598,42.68,1,1,12
STP-10773,RT-0155,35.1,1,29.53,44.3,2,3,1,5,1,3,0.0,0.0,0.333,43.8,43.8,71.0,0.5,39.99548532731377,52.68,1,1,12
STP-19689,RT-0155,24.1,1,27.63,41.4,3,3,2,5,1,3,0.0,0.0,0.333,78.9,35.1,62.0,0.75,40.04347826086957,43.68,1,1,12
STP-41151,RT-0155,43.2,1,45.56,68.3,4,3,4,5,1,3,0.0,6.3,0.333,103.0,24.1,83.0,1.0,40.02342606149342,64.68,1,1,12
STP-80975,RT-0156,1.4,0,29.76,39.7,1,1,5,4,2,1,0.0,0.0,0.033,0.0,0.0,62.0,0.2,44.97732997481108,56.34,0,0,2
STP-69285,RT-0156,5.6,0,41.1,54.8,2,1,6,4,2,1,0.0,21.8,0.033,1.4,1.4,63.0,0.4,45.0,57.34,0,0,2
STP-35030,RT-0156,-0.3,0,29.98,40.0,3,1,7,4,2,1,0.0,0.0,0.033,7.0,5.6,62.0,0.6,44.970000000000006,51.43,0,0,2
STP-50225,RT-0156,5.0,0,47.84,63.8,4,1,8,4,2,1,1.0,0.0,0.033,6.7,-0.3,76.0,0.8,44.99059561128527,65.43,0,0,2
STP-82311,RT-0156,2.1,0,52.42,69.9,5,1,9,4,2,1,0.0,13.8,0.033,11.7,5.0,64.0,1.0,44.99570815450644,53.43,0,0,2
STP-14627,RT-0157,8.4,0,12.69,11.7,1,2,1,0,0,1,1.0,13.7,0.6,0.0,0.0,62.0,0.1111111111111111,65.07692307692308,25.04,0,0,8
STP-56752,RT-0157,29.9,0,45.51,42.0,2,2,2,0,0,1,1.0,0.0,0.6,8.4,8.4,64.0,0.2222222222222222,65.01428571428572,27.04,0,0,8
STP-68538,RT-0157,22.2,0,33.8,31.2,3,2,3,0,0,1,0.0,0.0,0.6,38.3,29.9,88.0,0.3333333333333333,64.99999999999999,51.04,0,0,8
STP-25524,RT-0157,3.4,1,5.82,5.4,4,2,3,0,0,1,1.0,0.0,0.6,60.5,22.2,61.0,0.4444444444444444,64.66666666666666,24.04,0,0,8
STP-97014,RT-0157,18.8,1,31.35,28.9,5,2,4,0,0,1,0.0,26.0,0.6,63.9,3.4,66.0,0.5555555555555556,65.08650519031143,29.04,0,0,8
STP-86831,RT-0157,10.3,1,17.79,16.4,6,2,4,0,0,1,1.0,13.7,0.6,82.7,18.8,67.0,0.6666666666666666,65.08536585365854,30.04,0,0,8
STP-84289,RT-0157,19.0,1,33.67,31.1,7,2,5,0,0,1,0.0,0.0,0.6,93.0,10.3,87.0,0.7777777777777778,64.95819935691318,50.04,0,0,8
STP-24545,RT-0157,33.1,1,49.12,45.3,8,2,6,0,0,1,0.0,20.8,0.6,112.0,19.0,90.0,0.8888888888888888,65.05960264900662,53.04,0,0,8
STP-74847,RT-0157,41.0,1,65.38,60.4,9,2,7,0,0,1,0.0,0.0,0.6,145.1,33.1,86.0,1.0,64.94701986754967,43.03,0,0,8
STP-11399,RT-0158,21.0,0,47.48,31.7,1,0,15,6,0,5,0.0,5.2,0.633,0.0,0.0,74.0,0.16666666666666666,89.86750788643533,30.630000000000003,0,0,8
STP-53992,RT-0158,19.0,0,35.31,23.5,2,0,16,6,0,5,0.0,0.0,0.633,21.0,21.0,69.0,0.3333333333333333,90.1531914893617,16.270000000000003,0,0,8
STP-74071,RT-0158,9.0,0,22.85,15.2,3,0,16,6,0,5,0.0,0.0,0.633,40.0,19.0,76.0,0.5,90.19736842105264,23.270000000000003,0,0,8
STP-24031,RT-0158,2.5,0,5.48,3.7,4,0,16,6,0,5,0.0,0.0,0.633,49.0,9.0,90.0,0.6666666666666666,88.86486486486487,37.27,0,0,8
STP-54713,RT-0158,22.4,1,47.59,31.7,5,0,17,6,0,5,0.0,0.0,0.633,51.5,2.5,65.0,0.8333333333333334,90.07570977917982,12.270000000000003,0,0,8
STP-17361,RT-0158,11.7,1,24.15,16.1,6,0,17,6,0,5,1.0,6.3,0.633,73.9,22.4,89.0,1.0,89.99999999999999,36.27,0,0,8
STP-28860,RT-0159,-1.8,0,50.73,67.6,1,1,17,3,2,1,0.0,0.0,0.033,0.0,0.0,62.0,0.14285714285714285,45.02662721893491,48.04,0,0,2
STP-39847,RT-0159,6.7,0,47.85,63.8,2,1,18,3,2,1,1.0,2.2,0.033,-1.8,-1.8,67.0,0.2857142857142857,45.00000000000001,53.04,0,0,2
STP-55188,RT-0159,3.7,0,38.61,51.5,3,1,19,3,2,1,1.0,0.0,0.033,4.9,6.7,89.0,0.42857142857142855,44.98252427184466,75.03999999999999,0,0,2
STP-74739,RT-0159,2.4,0,28.1,37.5,4,1,20,3,2,1,0.0,22.2,0.033,8.600000000000001,3.7,83.0,0.5714285714285714,44.96,76.48,0,0,2
STP-57379,RT-0159,0.3,0,24.5,32.7,5,1,21,3,2,1,0.0,0.0,0.033,11.000000000000002,2.4,79.0,0.7142857142857143,44.95412844036697,72.48,0,0,2
STP-49353,RT-0159,1.2,0,15.62,20.8,6,1,22,3,2,1,0.0,0.0,0.033,11.300000000000002,0.3,87.0,0.8571428571428571,45.05769230769231,80.48,0,0,2
STP-70508,RT-0159,2.9,0,38.41,51.2,7,1,23,3,2,1,0.0,22.2,0.033,12.500000000000002,1.2,73.0,1.0,45.01171874999999,66.48,0,0,2
STP-29647,RT-0160,3.4,0,15.42,23.1,1,3,0,6,3,1,0.0,0.0,0.1,0.0,0.0,70.0,0.2,40.05194805194805,59.18,0,1,4
STP-75422,RT-0160,1.9,0,40.12,60.2,2,3,1,6,3,1,1.0,0.0,0.1,3.4,3.4,68.0,0.4,39.986710963455145,57.18,0,1,4
STP-72482,RT-0160,7.4,0,43.09,64.6,3,3,3,6,3,1,0.0,0.0,0.1,5.3,1.9,80.0,0.6,40.02167182662539,69.18,0,1,4
STP-54378,RT-0160,7.7,0,27.94,41.9,4,3,3,6,3,1,0.0,0.0,0.1,12.7,7.4,85.0,0.8,40.00954653937948,74.18,0,1,4
STP-26794,RT-0160,3.5,0,22.81,34.2,5,3,4,6,3,1,0.0,0.0,0.1,20.4,7.7,82.0,1.0,40.017543859649116,71.18,0,1,4
STP-51085,RT-0161,14.3,0,41.06,61.6,1,3,11,5,3,2,0.0,22.1,0.217,0.0,0.0,81.0,0.16666666666666666,39.993506493506494,67.78,0,1,6
STP-44866,RT-0161,15.4,0,33.28,49.9,2,3,12,5,3,2,0.0,0.0,0.217,14.3,14.3,85.0,0.3333333333333333,40.01603206412826,71.78,0,1,6
STP-39272,RT-0161,17.9,0,37.91,56.9,3,3,13,5,3,2,0.0,0.0,0.217,29.700000000000003,15.4,88.0,0.5,39.97539543057996,74.78,0,1,6
STP-89268,RT-0161,9.2,0,17.92,26.9,4,3,13,5,3,2,0.0,20.5,0.217,47.6,17.9,85.0,0.6666666666666666,39.970260223048335,71.78,0,1,6
STP-35551,RT-0161,9.2,0,28.64,43.0,5,3,14,5,3,2,1.0,0.0,0.217,56.8,9.2,72.0,0.8333333333333334,39.96279069767442,58.78,0,1,6
STP-13777,RT-0161,5.4,1,15.8,23.7,6,3,15,5,3,2,0.0,4.4,0.217,66.0,9.2,69.0,1.0,40.00000000000001,55.78,0,1,6
STP-59155,RT-0162,-1.1,0,29.18,19.5,1,0,20,6,2,1,0.0,9.8,0.033,0.0,0.0,82.0,0.16666666666666666,89.78461538461538,78.67,0,0,2
STP-52469,RT-0162,-0.2,0,3.27,2.2,2,0,20,6,2,1,0.0,0.0,0.033,-1.1,-1.1,80.0,0.3333333333333333,89.18181818181819,76.67,0,0,2
STP-23402,RT-0162,-1.1,0,19.33,12.9,3,0,21,6,2,1,0.0,0.0,0.033,-1.3,-0.2,65.0,0.5,89.90697674418604,61.67,0,0,2
STP-74547,RT-0162,-1.7,0,45.94,30.6,4,0,21,6,2,1,0.0,0.0,0.033,-2.4000000000000004,-1.1,66.0,0.6666666666666666,90.07843137254902,62.67,0,0,2
STP-25105,RT-0162,0.5,0,48.01,32.0,5,0,22,6,2,1,0.0,28.5,0.033,-4.1000000000000005,-1.7,78.0,0.8333333333333334,90.01875,74.67,0,0,2
STP-15528,RT-0162,-1.4,0,48.87,32.6,6,0,23,6,2,1,0.0,0.0,0.033,-3.6000000000000005,0.5,74.0,1.0,89.94478527607362,70.67,0,0,2
STP-37889,RT-0163,8.2,0,50.44,33.6,1,0,11,1,1,0,1.0,19.7,0.25,0.0,0.0,69.0,0.14285714285714285,90.07142857142856,47.879999999999995,0,0,3
STP-36422,RT-0163,6.7,0,42.15,28.1,2,0,11,1,1,0,0.0,6.3,0.25,8.2,8.2,69.0,0.2857142857142857,89.99999999999999,47.879999999999995,0,0,3
STP-89084,RT-0163,3.6,0,25.65,17.1,3,0,12,1,1,0,0.0,20.3,0.25,14.899999999999999,6.7,69.0,0.42857142857142855,89.99999999999999,47.879999999999995,0,0,3
STP-36946,RT-0163,8.5,0,51.48,34.3,4,0,13,1,1,0,0.0,27.8,0.25,18.5,3.6,70.0,0.5714285714285714,90.05247813411079,48.879999999999995,0,0,3
STP-94912,RT-0163,3.2,0,28.42,18.9,5,0,13,1,1,0,0.0,0.0,0.25,27.0,8.5,86.0,0.7142857142857143,90.22222222222223,64.88,0,0,3
STP-53769,RT-0163,4.9,0,34.17,22.8,6,0,14,1,1,0,0.0,0.0,0.25,30.2,3.2,73.0,0.8571428571428571,89.92105263157895,51.879999999999995,0,0,3
STP-88215,RT-0163,1.0,0,5.66,3.8,7,0,14,1,1,0,1.0,0.0,0.25,35.1,4.9,90.0,1.0,89.36842105263159,68.88,0,0,3
STP-48989,RT-0164,12.9,0,35.07,46.8,1,1,8,6,3,5,0.0,0.0,0.133,0.0,0.0,84.0,0.16666666666666666,44.96153846153847,69.35,0,0,4
STP-72456,RT-0164,19.4,0,56.73,75.6,2,1,9,6,3,5,0.0,0.0,0.133,12.9,12.9,79.0,0.3333333333333333,45.02380952380952,64.35,0,0,4
STP-72878,RT-0164,10.9,0,30.82,41.1,3,1,10,6,3,5,1.0,0.0,0.133,32.3,19.4,83.0,0.5,44.992700729927,72.28999999999999,0,0,4
STP-64057,RT-0164,12.3,0,35.83,47.8,4,1,11,6,3,5,0.0,0.0,0.133,43.199999999999996,10.9,81.0,0.6666666666666666,44.97489539748954,70.28999999999999,0,0,4
STP-13199,RT-0164,21.3,1,59.08,78.8,5,1,13,6,3,5,1.0,28.5,0.133,55.5,12.3,73.0,0.8333333333333334,44.984771573604064,62.29,0,0,4
STP-67061,RT-0164,4.8,1,15.34,20.5,6,1,13,6,3,5,0.0,16.0,0.133,76.8,21.3,67.0,1.0,44.89756097560976,56.29,0,0,4
STP-74816,RT-0165,32.3,0,33.04,30.5,1,2,9,2,0,3,1.0,20.7,0.667,0.0,0.0,82.0,0.125,64.99672131147541,29.5,1,0,16
STP-69083,RT-0165,22.6,0,23.9,22.1,2,2,9,2,0,3,1.0,0.0,0.667,32.3,32.3,78.0,0.25,64.8868778280543,25.5,1,0,16
STP-30896,RT-0165,14.4,0,16.16,14.9,3,2,10,2,0,3,0.0,29.9,0.667,54.9,22.6,79.0,0.375,65.0738255033557,35.15,1,0,16
STP-81302,RT-0165,54.7,1,59.16,54.6,4,2,11,2,0,3,0.0,0.0,0.667,69.3,14.4,68.0,0.5,65.01098901098901,24.15,1,0,16
STP-52662,RT-0165,53.4,1,58.26,53.8,5,2,12,2,0,3,0.0,0.0,0.667,124.0,54.7,72.0,0.625,64.97397769516729,28.15,1,0,16
STP-23949,RT-0165,29.9,1,34.67,32.0,6,2,13,2,0,3,0.0,0.0,0.667,177.4,53.4,76.0,0.75,65.00625000000001,32.15,1,0,16
STP-74907,RT-0165,27.1,1,30.01,27.7,7,2,13,2,0,3,0.0,0.0,0.667,207.3,29.9,63.0,0.875,65.00361010830325,19.15,1,0,16
STP-35035,RT-0165,8.1,1,8.34,7.7,8,2,14,2,0,3,0.0,0.0,0.667,234.4,27.1,77.0,1.0,64.98701298701299,33.15,1,0,16
STP-72075,RT-0166,13.9,0,34.64,46.2,1,1,13,0,2,3,0.0,26.2,0.1,0.0,0.0,87.0,0.14285714285714285,44.98701298701299,77.55,1,0,4
STP-59803,RT-0166,15.7,0,55.13,73.5,2,1,15,0,2,3,0.0,0.0,0.1,13.9,13.9,81.0,0.2857142857142857,45.00408163265306,71.55,1,0,4
STP-54221,RT-0166,9.4,0,28.99,38.7,3,1,16,0,2,3,1.0,0.0,0.1,29.6,15.7,89.0,0.42857142857142855,44.945736434108525,74.43,1,0,4
STP-26827,RT-0166,5.1,0,28.37,37.8,4,1,16,0,2,3,0.0,9.8,0.1,39.0,9.4,75.0,0.5714285714285714,45.03174603174603,60.43,1,0,4
STP-60879,RT-0166,5.5,0,15.61,20.8,5,1,17,0,2,3,1.0,0.0,0.1,44.1,5.1,88.0,0.7142857142857143,45.02884615384615,73.43,1,0,4
STP-31331,RT-0166,13.1,1,50.92,67.9,6,1,18,0,2,3,1.0,0.0,0.1,49.6,5.5,63.0,0.8571428571428571,44.995581737849776,48.43,1,0,4
STP-95704,RT-0166,22.3,1,58.42,77.9,7,1,20,0,2,3,0.0,0.0,0.1,62.7,13.1,62.0,1.0,44.99614890885751,53.11,1,0,4
STP-64869,RT-0167,7.4,0,15.34,10.2,1,0,21,6,0,5,0.0,0.0,0.633,0.0,0.0,79.0,0.25,90.23529411764707,38.36,0,0,8
STP-76468,RT-0167,20.1,0,43.87,29.2,2,0,22,6,0,5,1.0,11.4,0.633,7.4,7.4,83.0,0.5,90.14383561643835,42.36,0,0,8
STP-81554,RT-0167,26.0,0,49.21,32.8,3,0,22,6,0,5,0.0,12.2,0.633,27.5,20.1,81.0,0.75,90.01829268292684,40.36,0,0,8
STP-36535,RT-0167,7.5,0,16.49,11.0,4,0,23,6,0,5,0.0,19.7,0.633,53.5,26.0,70.0,1.0,89.94545454545454,29.36,0,0,8
STP-29151,RT-0168,13.8,0,8.83,13.2,1,3,20,0,0,3,1.0,0.0,0.667,0.0,0.0,62.0,0.125,40.13636363636363,22.93,1,1,16
STP-42383,RT-0168,37.5,0,23.0,34.5,2,3,21,0,0,3,0.0,0.0,0.667,13.8,13.8,85.0,0.25,40.0,45.93,1,1,16
STP-52006,RT-0168,36.4,1,22.32,33.5,3,3,22,0,0,3,0.0,5.2,0.667,51.3,37.5,66.0,0.375,39.97611940298508,26.93,1,1,16
STP-26688,RT-0168,78.9,1,51.48,77.2,4,3,0,1,0,3,1.0,0.0,0.667,87.69999999999999,36.4,81.0,0.5,40.01036269430052,42.82,1,1,16
STP-19837,RT-0168,73.8,1,47.4,71.1,5,3,1,1,0,3,1.0,0.0,0.667,166.6,78.9,61.0,0.625,40.00000000000001,22.82,1,1,16
STP-70883,RT-0168,78.3,1,51.28,76.9,6,3,2,1,0,3,0.0,0.0,0.667,240.39999999999998,73.8,74.0,0.75,40.01040312093628,35.82,1,1,16
STP-60606,RT-0168,15.7,1,10.41,15.6,7,3,3,1,0,3,0.0,0.0,0.667,318.7,78.3,76.0,0.875,40.03846153846154,37.82,1,1,16
STP-54181,RT-0168,74.3,1,47.98,72.0,8,3,4,1,0,3,0.0,0.0,0.667,334.4,15.7,73.0,1.0,39.983333333333334,34.82,1,1,16
STP-28255,RT-0169,6.4,0,10.4,9.6,1,2,10,3,0,1,0.0,0.0,0.6,0.0,0.0,68.0,0.125,65.0,29.61,0,0,8
STP-32729,RT-0169,27.1,0,45.74,42.2,2,2,10,3,0,1,1.0,0.0,0.6,6.4,6.4,64.0,0.25,65.03317535545024,25.61,0,0,8
STP-75136,RT-0169,17.3,0,24.24,22.4,3,2,11,3,0,1,0.0,0.0,0.6,33.5,27.1,65.0,0.375,64.92857142857143,26.61,0,0,8
STP-43100,RT-0169,9.5,0,16.74,15.5,4,2,11,3,0,1,1.0,0.0,0.6,50.8,17.3,88.0,0.5,64.79999999999998,49.61,0,0,8
STP-69606,RT-0169,34.4,1,54.8,50.6,5,2,13,3,0,1,0.0,22.6,0.6,60.3,9.5,68.0,0.625,64.98023715415019,29.61,0,0,8
STP-74167,RT-0169,13.4,1,22.97,21.2,6,2,13,3,0,1,1.0,0.0,0.6,94.69999999999999,34.4,69.0,0.75,65.00943396226415,30.61,0,0,8
STP-19211,RT-0169,14.5,1,21.53,19.9,7,2,14,3,0,1,0.0,25.6,0.6,108.1,13.4,73.0,0.875,64.91457286432161,34.61,0,0,8
STP-24605,RT-0169,3.3,1,5.61,5.2,8,2,14,3,0,1,0.0,0.0,0.6,122.6,14.5,87.0,1.0,64.73076923076923,48.61,0,0,8
STP-45353,RT-0170,2.9,0,44.11,29.4,1,0,18,4,3,2,0.0,22.5,0.217,0.0,0.0,61.0,0.16666666666666666,90.0204081632653,37.45,0,0,6
STP-46630,RT-0170,7.2,0,47.21,31.5,2,0,19,4,3,2,0.0,10.5,0.217,2.9,2.9,63.0,0.3333333333333333,89.92380952380952,39.45,0,0,6
STP-20747,RT-0170,3.7,0,22.71,15.1,3,0,20,4,3,2,0.0,21.8,0.217,10.1,7.2,79.0,0.5,90.2384105960265,66.81,0,0,6
STP-98252,RT-0170,2.2,0,18.63,12.4,4,0,20,4,3,2,0.0,0.0,0.217,13.8,3.7,87.0,0.6666666666666666,90.14516129032258,74.81,0,0,6
STP-58884,RT-0170,7.5,0,43.41,28.9,5,0,21,4,3,2,0.0,0.0,0.217,16.0,2.2,78.0,0.8333333333333334,90.12456747404845,65.81,0,0,6
STP-45932,RT-0170,1.5,0,13.02,8.7,6,0,21,4,3,2,1.0,0.0,0.217,23.5,7.5,66.0,1.0,89.79310344827587,53.81,0,0,6
STP-32091,RT-0171,30.2,0,52.19,48.2,1,2,7,6,1,3,1.0,2.2,0.333,0.0,0.0,73.0,0.14285714285714285,64.96680497925311,42.71,1,0,12
STP-39960,RT-0171,11.3,0,19.11,17.6,2,2,7,6,1,3,0.0,0.0,0.333,30.2,30.2,69.0,0.2857142857142857,65.14772727272727,38.71,1,0,12
STP-48424,RT-0171,14.0,0,25.03,23.1,3,2,8,6,1,3,0.0,0.0,0.333,41.5,11.3,70.0,0.42857142857142855,65.01298701298701,39.71,1,0,12
STP-22094,RT-0171,17.7,1,32.75,30.2,4,2,9,6,1,3,0.0,6.3,0.333,55.5,14.0,60.0,0.5714285714285714,65.06622516556291,29.71,1,0,12
STP-40965,RT-0171,24.9,1,44.99,41.5,5,2,10,6,1,3,1.0,0.0,0.333,73.2,17.7,76.0,0.7142857142857143,65.04578313253012,55.739999999999995,1,0,12
STP-70625,RT-0171,29.9,1,47.05,43.4,6,2,11,6,1,3,0.0,0.0,0.333,98.1,24.9,85.0,0.8571428571428571,65.04608294930875,64.74,1,0,12
STP-45695,RT-0171,9.8,1,18.12,16.7,7,2,11,6,1,3,0.0,0.0,0.333,128.0,29.9,84.0,1.0,65.10179640718563,63.739999999999995,1,0,12
STP-61775,RT-0172,9.7,0,12.24,16.3,1,1,23,0,2,4,0.0,0.0,0.267,0.0,0.0,85.0,0.125,45.05521472392638,69.22,1,0,5
STP-63110,RT-0172,9.6,0,17.0,22.7,2,1,0,1,2,4,1.0,0.0,0.267,9.7,9.7,66.0,0.25,44.93392070484582,49.33,1,0,5
STP-58169,RT-0172,13.2,0,21.8,29.1,3,1,1,1,2,4,0.0,8.5,0.267,19.299999999999997,9.6,80.0,0.375,44.94845360824742,63.33,1,0,5
STP-12102,RT-0172,34.9,0,53.84,71.8,4,1,2,1,2,4,0.0,22.2,0.267,32.5,13.2,89.0,0.5,44.99164345403901,72.33,1,0,5
STP-28653,RT-0172,17.2,1,31.27,41.7,5,1,3,1,2,4,1.0,0.0,0.267,67.4,34.9,84.0,0.625,44.99280575539568,67.33,1,0,5
STP-64499,RT-0172,33.8,1,62.94,83.9,6,1,5,1,2,4,0.0,0.0,0.267,84.60000000000001,17.2,75.0,0.75,45.010727056019064,58.33,1,0,5
STP-60666,RT-0172,15.2,1,32.51,43.3,7,1,5,1,2,4,1.0,0.0,0.267,118.4,33.8,70.0,0.875,45.04849884526559,53.33,1,0,5
STP-53444,RT-0172,24.7,1,46.34,61.8,8,1,7,1,2,4,1.0,0.0,0.267,133.6,15.2,89.0,1.0,44.990291262135926,63.5,1,0,5
STP-81826,RT-0173,2.9,0,15.22,20.3,1,1,3,4,2,2,0.0,6.3,0.15,0.0,0.0,81.0,0.16666666666666666,44.985221674876854,71.75,0,0,3
STP-93257,RT-0173,10.6,0,37.75,50.3,2,1,4,4,2,2,0.0,10.9,0.15,2.9,2.9,80.0,0.3333333333333333,45.02982107355865,70.75,0,0,3
STP-11587,RT-0173,14.8,0,45.88,61.2,3,1,5,4,2,2,0.0,0.0,0.15,13.5,10.6,79.0,0.5,44.98039215686275,69.75,0,0,3
STP-37605,RT-0173,13.7,0,63.92,85.2,4,1,6,4,2,2,0.0,0.0,0.15,28.3,14.8,82.0,0.6666666666666666,45.01408450704225,72.75,0,0,3
STP-74681,RT-0173,6.6,0,32.08,42.8,5,1,8,4,2,2,1.0,0.0,0.15,42.0,13.7,84.0,0.8333333333333334,44.97196261682243,68.35,0,0,3
STP-81817,RT-0173,9.4,0,52.24,69.7,6,1,9,4,2,2,0.0,0.0,0.15,48.6,6.6,78.0,1.0,44.969870875179346,62.35,0,0,3
STP-29394,RT-0174,35.3,0,43.14,28.8,1,0,14,6,0,4,0.0,0.0,0.833,0.0,0.0,89.0,0.125,89.875,38.62,1,0,20
STP-64086,RT-0174,22.6,0,25.19,16.8,2,0,14,6,0,4,0.0,0.0,0.833,35.3,35.3,78.0,0.25,89.96428571428571,27.619999999999997,1,0,20
STP-17458,RT-0174,24.6,1,28.87,19.2,3,0,14,6,0,4,0.0,0.0,0.833,57.9,22.6,84.0,0.375,90.21875,33.62,1,0,20
STP-73769,RT-0174,29.9,1,33.93,22.6,4,0,15,6,0,4,0.0,14.5,0.833,82.5,24.6,69.0,0.5,90.0796460176991,18.619999999999997,1,0,20
STP-31613,RT-0174,29.5,1,36.64,24.4,5,0,16,6,0,4,0.0,12.4,0.833,112.4,29.9,85.0,0.625,90.09836065573772,20.370000000000005,1,0,20
STP-66169,RT-0174,22.4,1,28.07,18.7,6,0,16,6,0,4,1.0,0.0,0.833,141.9,29.5,82.0,0.75,90.06417112299467,17.370000000000005,1,0,20
STP-14284,RT-0174,41.9,1,51.83,34.6,7,0,17,6,0,4,1.0,0.0,0.833,164.3,22.4,76.0,0.875,89.878612716763,11.370000000000005,1,0,20
STP-53272,RT-0174,2.0,1,2.33,1.6,8,0,17,6,0,4,1.0,0.0,0.833,206.20000000000002,41.9,73.0,1.0,87.375,8.370000000000005,1,0,20
STP-97164,RT-0175,4.1,0,21.46,28.6,1,1,18,2,2,2,0.0,5.4,0.15,0.0,0.0,75.0,0.16666666666666666,45.02097902097902,56.379999999999995,0,0,3
STP-40818,RT-0175,15.3,0,46.33,61.8,2,1,20,2,2,2,1.0,0.0,0.15,4.1,4.1,60.0,0.3333333333333333,44.98058252427184,48.58,0,0,3
STP-87028,RT-0175,8.9,0,36.31,48.4,3,1,21,2,2,2,1.0,26.5,0.15,19.4,15.3,83.0,0.5,45.01239669421488,71.58,0,0,3
STP-73123,RT-0175,7.9,0,29.37,39.2,4,1,22,2,2,2,1.0,25.1,0.15,28.299999999999997,8.9,65.0,0.6666666666666666,44.95408163265306,53.58,0,0,3
STP-96007,RT-0175,6.6,0,26.84,35.8,5,1,23,2,2,2,1.0,6.8,0.15,36.199999999999996,7.9,89.0,0.8333333333333334,44.983240223463696,77.58,0,0,3
STP-62099,RT-0175,14.9,0,61.86,82.5,6,1,0,3,2,2,1.0,0.0,0.15,42.8,6.6,76.0,1.0,44.98909090909091,66.75,0,0,3
STP-92776,RT-0176,26.0,0,22.38,20.7,1,2,8,6,0,4,0.0,27.4,0.833,0.0,0.0,67.0,0.1,64.86956521739131,4.5,1,0,20
STP-29373,RT-0176,19.5,0,16.38,15.1,2,2,9,6,0,4,0.0,12.4,0.833,26.0,26.0,67.0,0.2,65.08609271523179,4.5,1,0,20
STP-90245,RT-0176,12.2,0,10.72,9.9,3,2,9,6,0,4,0.0,0.0,0.833,45.5,19.5,89.0,0.3,64.96969696969697,26.5,1,0,20
STP-53595,RT-0176,18.5,1,15.13,14.0,4,2,10,6,0,4,1.0,0.0,0.833,57.7,12.2,69.0,0.4,64.84285714285714,17.61,1,0,20
STP-51311,RT-0176,64.7,1,57.68,53.2,5,2,11,6,0,4,0.0,15.8,0.833,76.2,18.5,71.0,0.5,65.05263157894737,19.61,1,0,20
STP-44782,RT-0176,63.1,1,55.41,51.1,6,2,12,6,0,4,0.0,0.0,0.833,140.9,64.7,67.0,0.6,65.06066536203522,15.61,1,0,20
STP-45865,RT-0176,58.9,1,49.5,45.7,7,2,13,6,0,4,0.0,0.0,0.833,204.0,63.1,77.0,0.7,64.9890590809628,25.61,1,0,20
STP-86044,RT-0176,29.2,1,24.73,22.8,8,2,13,6,0,4,0.0,2.2,0.833,262.9,58.9,63.0,0.8,65.07894736842105,11.61,1,0,20
STP-95996,RT-0176,1.8,1,1.51,1.4,9,2,14,6,0,4,0.0,2.2,0.833,292.09999999999997,29.2,77.0,0.9,64.71428571428572,25.61,1,0,20
STP-48314,RT-0176,41.8,1,34.39,31.7,10,2,14,6,0,4,0.0,0.0,0.833,293.9,1.8,90.0,1.0,65.09148264984228,38.61,1,0,20
STP-80070,RT-0177,18.3,0,40.36,60.5,1,3,20,3,1,0,1.0,25.1,0.25,0.0,0.0,69.0,0.125,40.026446280991735,50.41,0,1,3
STP-34811,RT-0177,4.4,0,8.49,12.7,2,3,20,3,1,0,0.0,14.0,0.25,18.3,18.3,61.0,0.25,40.110236220472444,42.41,0,1,3
STP-80098,RT-0177,27.9,0,44.8,67.2,3,3,22,3,1,0,0.0,0.0,0.25,22.700000000000003,4.4,86.0,0.375,39.99999999999999,67.41,0,1,3
STP-77163,RT-0177,19.3,1,49.24,73.9,4,3,23,3,1,0,0.0,0.0,0.25,50.6,27.9,64.0,0.5,39.978349120433016,45.41,0,1,3
STP-39720,RT-0177,13.4,1,27.56,41.3,5,3,0,4,1,0,0.0,0.0,0.25,69.9,19.3,60.0,0.625,40.038740920096856,41.33,0,1,3
STP-15500,RT-0177,20.1,1,65.66,98.5,6,3,2,4,1,0,1.0,6.8,0.25,83.30000000000001,13.4,80.0,0.75,39.99593908629441,61.33,0,1,3
STP-70749,RT-0177,20.6,1,34.0,51.0,7,3,3,4,1,0,0.0,0.0,0.25,103.4,20.1,73.0,0.875,40.0,54.33,0,1,3
STP-82299,RT-0177,21.7,1,49.97,75.0,8,3,4,4,1,0,0.0,0.0,0.25,124.0,20.6,90.0,1.0,39.976,71.33,0,1,3
STP-63329,RT-0178,17.2,0,34.11,22.7,1,0,8,5,0,1,1.0,16.5,0.6,0.0,0.0,70.0,0.1,90.15859030837005,26.159999999999997,0,0,8
STP-22472,RT-0178,29.5,0,64.45,43.0,2,0,9,5,0,1,0.0,20.8,0.6,17.2,17.2,84.0,0.2,89.93023255813954,40.16,0,0,8
STP-46243,RT-0178,20.0,0,44.24,29.5,3,0,10,5,0,1,0.0,22.2,0.6,46.7,29.5,83.0,0.3,89.97966101694917,42.04,0,0,8
STP-82399,RT-0178,19.7,1,41.1,27.4,4,0,10,5,0,1,0.0,0.0,0.6,66.7,20.0,63.0,0.4,90.0,22.04,0,0,8
STP-16822,RT-0178,13.3,1,34.76,23.2,5,0,11,5,0,1,0.0,0.0,0.6,86.4,19.7,73.0,0.5,89.89655172413792,32.04,0,0,8
STP-24010,RT-0178,10.5,1,27.0,18.0,6,0,12,5,0,1,0.0,9.4,0.6,99.7,13.3,60.0,0.6,90.0,19.04,0,0,8
STP-23614,RT-0178,15.7,1,38.37,25.6,7,0,12,5,0,1,1.0,5.5,0.6,110.2,10.5,86.0,0.7,89.92968749999999,45.04,0,0,8
STP-78547,RT-0178,15.8,1,33.05,22.0,8,0,13,5,0,1,0.0,29.9,0.6,125.9,15.7,65.0,0.8,90.13636363636364,24.04,0,0,8
STP-97409,RT-0178,14.9,1,34.89,23.3,9,0,13,5,0,1,0.0,22.2,0.6,141.70000000000002,15.8,78.0,0.9,89.84549356223175,37.04,0,0,8
STP-90790,RT-0178,21.9,1,47.65,31.8,10,0,14,5,0,1,0.0,22.5,0.6,156.60000000000002,14.9,63.0,1.0,89.90566037735849,22.04,0,0,8
STP-24760,RT-0179,4.3,0,36.98,24.7,1,0,16,0,3,2,0.0,21.2,0.217,0.0,0.0,76.0,0.1111111111111111,89.82995951417003,52.45,0,0,6
STP-29265,RT-0179,2.5,0,12.13,8.1,2,0,17,0,3,2,0.0,13.7,0.217,4.3,4.3,72.0,0.2222222222222222,89.85185185185188,48.45,0,0,6
STP-36417,RT-0179,3.2,0,34.03,22.7,3,0,17,0,3,2,0.0,22.5,0.217,6.8,2.5,86.0,0.3333333333333333,89.94713656387667,62.45,0,0,6
STP-43044,RT-0179,9.3,0,59.32,39.5,4,0,18,0,3,2,0.0,0.0,0.217,10.0,3.2,67.0,0.4444444444444444,90.10632911392405,43.45,0,0,6
STP-47645,RT-0179,1.2,0,13.23,8.8,5,0,19,0,3,2,1.0,10.5,0.217,19.3,9.3,63.0,0.5555555555555556,90.20454545454545,39.45,0,0,6
STP-39401,RT-0179,4.9,0,29.48,19.7,6,0,19,0,3,2,0.0,0.0,0.217,20.5,1.2,62.0,0.6666666666666666,89.78680203045685,38.45,0,0,6
STP-27496,RT-0179,5.0,0,37.15,24.8,7,0,20,0,3,2,0.0,10.5,0.217,25.4,4.9,81.0,0.7777777777777778,89.87903225806451,68.81,0,0,6
STP-58605,RT-0179,6.7,0,41.07,27.4,8,0,20,0,3,2,0.0,0.0,0.217,30.4,5.0,75.0,0.8888888888888888,89.93430656934306,62.81,0,0,6
STP-24040,RT-0179,3.1,0,28.13,18.8,9,0,21,0,3,2,0.0,1.5,0.217,37.1,6.7,66.0,1.0,89.77659574468085,53.81,0,0,6
STP-45643,RT-0180,1.0,0,11.31,7.5,1,0,19,2,3,5,0.0,9.8,0.133,0.0,0.0,62.0,0.125,90.48,41.46,0,0,4
STP-35725,RT-0180,1.6,0,25.61,17.1,2,0,20,2,3,5,1.0,7.8,0.133,1.0,1.0,76.0,0.25,89.859649122807,68.48,0,0,4
STP-83719,RT-0180,6.9,0,59.69,39.8,3,0,21,2,3,5,0.0,0.0,0.133,2.6,1.6,82.0,0.375,89.98492462311557,74.48,0,0,4
STP-19516,RT-0180,3.8,0,47.55,31.7,4,0,22,2,3,5,1.0,0.0,0.133,9.5,6.9,63.0,0.5,90.0,55.480000000000004,0,0,4
STP-11533,RT-0180,5.5,0,62.08,41.4,5,0,22,2,3,5,0.0,7.8,0.133,13.3,3.8,64.0,0.625,89.97101449275362,56.480000000000004,0,0,4
STP-22256,RT-0180,2.7,0,21.0,14.0,6,0,23,2,3,5,1.0,0.0,0.133,18.8,5.5,62.0,0.75,90.0,54.480000000000004,0,0,4
STP-96153,RT-0180,0.8,0,4.54,3.0,7,0,23,2,3,5,0.0,0.0,0.133,21.5,2.7,87.0,0.875,90.8,79.48,0,0,4
STP-86399,RT-0180,2.2,0,36.1,24.1,8,0,0,3,3,5,0.0,2.2,0.133,22.3,0.8,85.0,1.0,89.87551867219918,72.97,0,0,4
STP-14127,RT-0181,7.3,0,26.81,40.2,1,3,16,0,3,1,1.0,0.0,0.1,0.0,0.0,75.0,0.1111111111111111,40.014925373134325,55.96,0,1,4
STP-30849,RT-0181,15.5,0,52.35,78.5,2,3,18,0,3,1,0.0,29.1,0.1,7.3,7.3,76.0,0.2222222222222222,40.01273885350319,56.96,0,1,4
STP-30150,RT-0181,6.0,0,22.34,33.5,3,3,18,0,3,1,0.0,0.0,0.1,22.8,15.5,83.0,0.3333333333333333,40.01194029850746,63.96,0,1,4
STP-87553,RT-0181,6.9,0,40.72,61.1,4,3,20,0,3,1,0.0,11.4,0.1,28.8,6.0,90.0,0.4444444444444444,39.98690671031097,80.26,0,1,4
STP-68859,RT-0181,7.0,0,35.33,53.0,5,3,21,0,3,1,0.0,0.0,0.1,35.7,6.9,82.0,0.5555555555555556,39.99622641509434,72.26,0,1,4
STP-48736,RT-0181,0.8,0,5.1,7.7,6,3,21,0,3,1,0.0,0.0,0.1,42.7,7.0,60.0,0.6666666666666666,39.74025974025974,50.26,0,1,4
STP-79932,RT-0181,8.1,0,44.02,66.0,7,3,23,0,3,1,0.0,0.0,0.1,43.5,0.8,72.0,0.7777777777777778,40.018181818181816,62.26,0,1,4
STP-40382,RT-0181,2.2,0,11.99,18.0,8,3,23,0,3,1,0.0,15.8,0.1,51.6,8.1,89.0,0.8888888888888888,39.96666666666667,79.26,0,1,4
STP-78822,RT-0181,5.2,0,17.47,26.2,9,3,0,1,3,1,0.0,25.7,0.1,53.800000000000004,2.2,86.0,1.0,40.00763358778626,75.18,0,1,4
STP-13581,RT-0182,32.1,0,60.64,56.0,1,2,14,4,3,4,0.0,0.0,0.333,0.0,0.0,82.0,0.1111111111111111,64.97142857142858,56.870000000000005,1,0,10
STP-34958,RT-0182,9.7,0,20.51,18.9,2,2,15,4,3,4,0.0,0.0,0.333,32.1,32.1,74.0,0.2222222222222222,65.11111111111111,48.870000000000005,1,0,10
STP-29631,RT-0182,18.8,0,42.28,39.0,3,2,16,4,3,4,0.0,20.5,0.333,41.8,9.7,68.0,0.3333333333333333,65.04615384615384,33.06,1,0,10
STP-21146,RT-0182,14.7,1,30.72,28.4,4,2,17,4,3,4,0.0,0.0,0.333,60.599999999999994,18.8,66.0,0.4444444444444444,64.90140845070422,31.060000000000002,1,0,10
STP-47876,RT-0182,14.2,1,33.09,30.5,5,2,17,4,3,4,0.0,0.0,0.333,75.3,14.7,65.0,0.5555555555555556,65.09508196721312,30.060000000000002,1,0,10
STP-10366,RT-0182,6.4,1,11.83,10.9,6,2,18,4,3,4,0.0,4.4,0.333,89.5,14.2,68.0,0.6666666666666666,65.11926605504587,33.06,1,0,10
STP-63108,RT-0182,21.7,1,43.61,40.3,7,2,19,4,3,4,1.0,11.1,0.333,95.9,6.4,86.0,0.7777777777777778,64.92803970223325,51.06,1,0,10
STP-57999,RT-0182,2.6,1,5.13,4.7,8,2,19,4,3,4,0.0,11.1,0.333,117.60000000000001,21.7,70.0,0.8888888888888888,65.48936170212765,35.06,1,0,10
STP-41508,RT-0182,17.5,1,35.97,33.2,9,2,20,4,3,4,0.0,7.5,0.333,120.2,2.6,73.0,1.0,65.00602409638554,50.34,1,0,10
STP-35409,RT-0183,35.9,0,42.71,64.1,1,3,8,1,1,3,0.0,0.0,0.333,0.0,0.0,61.0,0.16666666666666666,39.978159126365064,32.0,1,1,12
STP-62439,RT-0183,28.0,1,29.0,43.5,2,3,9,1,1,3,0.0,0.0,0.333,35.9,35.9,66.0,0.3333333333333333,40.0,37.0,1,1,12
STP-65023,RT-0183,11.8,1,12.48,18.7,3,3,9,1,1,3,1.0,22.5,0.333,63.9,28.0,86.0,0.5,40.042780748663105,57.0,1,1,12
STP-15344,RT-0183,9.8,1,9.36,14.0,4,3,10,1,1,3,1.0,0.0,0.333,75.7,11.8,63.0,0.6666666666666666,40.114285714285714,40.42,1,1,12
STP-40025,RT-0183,6.9,1,7.82,11.7,5,3,10,1,1,3,0.0,14.1,0.333,85.5,9.8,63.0,0.8333333333333334,40.10256410256411,40.42,1,1,12
STP-63895,RT-0183,28.4,1,25.81,38.7,6,3,11,1,1,3,1.0,0.0,0.333,92.4,6.9,73.0,1.0,40.01550387596899,50.42,1,1,12
STP-36822,RT-0184,2.7,0,6.63,4.4,1,0,21,1,1,3,0.0,0.0,0.333,0.0,0.0,77.0,0.16666666666666666,90.4090909090909,53.53,1,0,12
STP-39082,RT-0184,10.8,0,31.5,21.0,2,0,22,1,1,3,0.0,0.0,0.333,2.7,2.7,86.0,0.3333333333333333,90.0,62.53,1,0,12
STP-89489,RT-0184,11.7,0,31.09,20.7,3,0,22,1,1,3,0.0,0.0,0.333,13.5,10.8,68.0,0.5,90.11594202898551,44.53,1,0,12
STP-15139,RT-0184,12.7,0,32.09,21.4,4,0,23,1,1,3,0.0,0.0,0.333,25.2,11.7,82.0,0.6666666666666666,89.97196261682245,58.53,1,0,12
STP-22492,RT-0184,12.3,0,33.45,22.3,5,0,23,1,1,3,0.0,0.0,0.333,37.9,12.7,89.0,0.8333333333333334,90.0,65.53,1,0,12
STP-13482,RT-0184,16.8,0,43.16,28.8,6,0,0,2,1,3,1.0,0.0,0.333,50.2,12.3,83.0,1.0,89.91666666666666,60.120000000000005,1,0,12
STP-55323,RT-0185,12.9,0,33.26,22.2,1,0,22,6,0,5,0.0,0.0,0.633,0.0,0.0,82.0,0.1111111111111111,89.89189189189189,41.36,0,0,8
STP-80677,RT-0185,6.5,0,13.84,9.2,2,0,22,6,0,5,1.0,0.0,0.633,12.9,12.9,73.0,0.2222222222222222,90.26086956521739,32.36,0,0,8
STP-30667,RT-0185,22.4,0,47.43,31.6,3,0,23,6,0,5,0.0,0.0,0.633,19.4,6.5,72.0,0.3333333333333333,90.05696202531645,31.36,0,0,8
STP-43442,RT-0185,2.5,0,4.59,3.1,4,0,23,6,0,5,0.0,13.8,0.633,41.8,22.4,87.0,0.4444444444444444,88.83870967741936,46.36,0,0,8
STP-92638,RT-0185,31.6,1,61.08,40.7,5,0,0,0,0,5,0.0,4.3,0.633,44.3,2.5,71.0,0.5555555555555556,90.04422604422604,28.740000000000002,0,0,8
STP-22580,RT-0185,16.4,1,34.86,23.2,6,0,1,0,0,5,0.0,0.0,0.633,75.9,31.6,74.0,0.6666666666666666,90.15517241379311,31.740000000000002,0,0,8
STP-36631,RT-0185,11.1,1,21.44,14.3,7,0,1,0,0,5,0.0,21.8,0.633,92.30000000000001,16.4,84.0,0.7777777777777778,89.95804195804196,41.74,0,0,8
STP-37899,RT-0185,11.1,1,20.87,13.9,8,0,2,0,0,5,0.0,0.0,0.633,103.4,11.1,73.0,0.8888888888888888,90.08633093525181,30.740000000000002,0,0,8
STP-67178,RT-0185,17.0,1,35.32,23.5,9,0,2,0,0,5,1.0,0.0,0.633,114.5,11.1,78.0,1.0,90.17872340425532,35.74,0,0,8
STP-27890,RT-0186,34.9,0,36.37,54.6,1,3,7,0,1,3,0.0,0.0,0.333,0.0,0.0,83.0,0.16666666666666666,39.967032967032964,54.0,1,1,12
STP-12366,RT-0186,14.1,0,15.7,23.5,2,3,7,0,1,3,1.0,0.0,0.333,34.9,34.9,62.0,0.3333333333333333,40.08510638297872,33.0,1,1,12
STP-69389,RT-0186,34.0,1,37.68,56.5,3,3,8,0,1,3,1.0,0.0,0.333,49.0,14.1,72.0,0.5,40.0141592920354,43.0,1,1,12
STP-85066,RT-0186,13.2,1,19.15,28.7,4,3,9,0,1,3,0.0,28.5,0.333,83.0,34.0,88.0,0.6666666666666666,40.03484320557491,59.0,1,1,12
STP-78447,RT-0186,38.0,1,38.28,57.4,5,3,10,0,1,3,0.0,0.0,0.333,96.2,13.2,70.0,0.8333333333333334,40.01393728222997,47.42,1,1,12
STP-12788,RT-0186,37.2,1,36.61,54.9,6,3,11,0,1,3,0.0,28.5,0.333,134.2,38.0,64.0,1.0,40.01092896174864,41.42,1,1,12
STP-14000,RT-0187,79.9,1,41.83,62.7,1,3,17,1,0,4,1.0,25.7,0.833,0.0,0.0,66.0,0.1,40.028708133971286,5.090000000000003,1,1,20
STP-88957,RT-0187,54.4,1,30.22,45.3,2,3,18,1,0,4,0.0,20.3,0.833,79.9,79.9,61.0,0.2,40.026490066225165,0.09000000000000341,1,1,20
STP-55178,RT-0187,23.5,1,12.65,19.0,3,3,19,1,0,4,1.0,11.4,0.833,134.3,54.4,60.0,0.3,39.94736842105264,-0.9099999999999966,1,1,20
STP-29299,RT-0187,69.9,1,37.49,56.2,4,3,20,1,0,4,0.0,0.0,0.833,157.8,23.5,71.0,0.4,40.02491103202847,17.89,1,1,20
STP-55182,RT-0187,74.7,1,35.57,53.4,5,3,21,1,0,4,1.0,0.0,0.833,227.70000000000002,69.9,88.0,0.5,39.96629213483146,34.89,1,1,20
STP-79272,RT-0187,29.2,1,14.96,22.4,6,3,21,1,0,4,1.0,0.0,0.833,302.40000000000003,74.7,88.0,0.6,40.07142857142858,34.89,1,1,20
STP-50729,RT-0187,68.0,1,35.92,53.9,7,3,23,1,0,4,0.0,15.8,0.833,331.6,29.2,76.0,0.7,39.98515769944342,22.89,1,1,20
STP-77357,RT-0187,58.2,1,28.39,42.6,8,3,0,2,0,4,0.0,0.0,0.833,399.6,68.0,80.0,0.8,39.985915492957744,27.86,1,1,20
STP-19837,RT-0187,50.7,1,25.66,38.5,9,3,1,2,0,4,1.0,22.5,0.833,457.8,58.2,60.0,0.9,39.989610389610384,7.859999999999999,1,1,20
STP-90224,RT-0187,72.9,1,38.28,57.4,10,3,2,2,0,4,1.0,0.0,0.833,508.5,50.7,73.0,1.0,40.01393728222997,20.86,1,1,20
STP-68854,RT-0188,42.0,0,48.25,64.3,1,1,4,2,0,0,0.0,20.3,0.583,0.0,0.0,77.0,0.1,45.02332814930016,40.72,0,0,4
STP-22067,RT-0188,14.8,1,15.2,20.3,2,1,5,2,0,0,0.0,0.0,0.583,42.0,42.0,69.0,0.2,44.926108374384235,32.72,0,0,4
STP-88878,RT-0188,49.9,1,47.64,63.5,3,1,6,2,0,0,1.0,0.0,0.583,56.8,14.8,82.0,0.3,45.01417322834646,45.72,0,0,4
STP-69489,RT-0188,11.9,1,13.77,18.4,4,1,6,2,0,0,1.0,0.0,0.583,106.69999999999999,49.9,83.0,0.4,44.902173913043484,46.72,0,0,4
STP-81393,RT-0188,48.2,1,52.37,69.8,5,1,8,2,0,0,0.0,14.5,0.583,118.6,11.9,75.0,0.5,45.01719197707736,33.76,0,0,4
STP-24761,RT-0188,39.0,1,47.31,63.1,6,1,9,2,0,0,0.0,0.0,0.583,166.8,48.2,69.0,0.6,44.985736925515056,27.759999999999998,0,0,4
STP-55215,RT-0188,14.4,1,15.89,21.2,7,1,10,2,0,0,0.0,10.9,0.583,205.8,39.0,64.0,0.7,44.97169811320755,22.96,0,0,4
STP-32111,RT-0188,28.0,1,33.3,44.4,8,1,11,2,0,0,0.0,21.3,0.583,220.20000000000002,14.4,66.0,0.8,45.0,24.96,0,0,4
STP-47324,RT-0188,8.6,1,9.76,13.0,9,1,11,2,0,0,0.0,0.0,0.583,248.20000000000002,28.0,74.0,0.9,45.04615384615384,32.96,0,0,4
STP-70713,RT-0188,19.9,1,21.67,28.9,10,1,12,2,0,0,0.0,0.0,0.583,256.8,8.6,73.0,1.0,44.98961937716264,31.96,0,0,4
STP-80694,RT-0189,81.6,1,55.17,73.6,1,1,20,4,0,3,0.0,0.0,0.667,0.0,0.0,60.0,0.125,44.975543478260875,21.61,1,0,16
STP-68935,RT-0189,69.7,1,48.05,64.1,2,1,21,4,0,3,1.0,0.0,0.667,81.6,81.6,60.0,0.25,44.97659906396257,21.61,1,0,16
STP-18007,RT-0189,78.1,1,59.96,79.9,3,1,23,4,0,3,1.0,0.0,0.667,151.3,69.7,74.0,0.375,45.026282853566954,35.61,1,0,16
STP-28825,RT-0189,32.4,1,21.82,29.1,4,1,23,4,0,3,0.0,0.0,0.667,229.4,78.1,80.0,0.5,44.98969072164948,41.61,1,0,16
STP-96449,RT-0189,28.4,1,19.08,25.4,5,1,0,5,0,3,0.0,0.0,0.667,261.8,32.4,84.0,0.625,45.07086614173228,40.68,1,0,16
STP-78529,RT-0189,28.5,1,20.73,27.6,6,1,1,5,0,3,0.0,0.0,0.667,290.2,28.4,88.0,0.75,45.065217391304344,44.68,1,0,16
STP-15168,RT-0189,32.9,1,21.64,28.9,7,1,1,5,0,3,1.0,0.0,0.667,318.7,28.5,87.0,0.875,44.92733564013841,43.68,1,0,16
STP-30753,RT-0189,42.9,1,34.9,46.5,8,1,2,5,0,3,1.0,0.0,0.667,351.59999999999997,32.9,62.0,1.0,45.03225806451613,18.68,1,0,16
STP-14692,RT-0190,-0.6,0,10.02,6.7,1,0,3,2,2,1,0.0,14.3,0.033,0.0,0.0,81.0,0.1111111111111111,89.73134328358209,79.91,0,0,2
STP-96078,RT-0190,-3.8,0,42.36,28.2,2,0,4,2,2,1,0.0,0.0,0.033,-0.6,-0.6,73.0,0.2222222222222222,90.12765957446808,71.91,0,0,2
STP-79756,RT-0190,-1.5,0,28.71,19.1,3,0,4,2,2,1,0.0,21.0,0.033,-4.3999999999999995,-3.8,61.0,0.3333333333333333,90.18848167539267,59.91,0,0,2
STP-26972,RT-0190,-0.7,0,11.64,7.8,4,0,5,2,2,1,0.0,0.0,0.033,-5.8999999999999995,-1.5,66.0,0.4444444444444444,89.53846153846153,64.91,0,0,2
STP-94351,RT-0190,-0.1,0,9.27,6.2,5,0,5,2,2,1,0.0,0.0,0.033,-6.6,-0.7,81.0,0.5555555555555556,89.70967741935483,79.91,0,0,2
STP-61138,RT-0190,-0.7,0,12.99,8.7,6,0,5,2,2,1,0.0,0.0,0.033,-6.699999999999999,-0.1,79.0,0.6666666666666666,89.58620689655173,77.91,0,0,2
STP-54909,RT-0190,-2.0,0,36.28,24.2,7,0,6,2,2,1,0.0,20.5,0.033,-7.3999999999999995,-0.7,86.0,0.7777777777777778,89.9504132231405,84.91,0,0,2
STP-90135,RT-0190,-3.7,0,41.83,27.9,8,0,7,2,2,1,0.0,9.4,0.033,-9.399999999999999,-2.0,80.0,0.8888888888888888,89.95698924731182,66.51,0,0,2
STP-39123,RT-0190,-1.7,0,44.48,29.7,9,0,7,2,2,1,0.0,26.5,0.033,-13.099999999999998,-3.7,76.0,1.0,89.85858585858585,62.51,0,0,2
STP-79434,RT-0191,7.5,0,29.5,44.2,1,3,21,4,3,5,0.0,9.8,0.133,0.0,0.0,67.0,0.16666666666666666,40.04524886877828,56.09,0,1,4
STP-13363,RT-0191,5.6,0,25.06,37.6,2,3,22,4,3,5,0.0,26.2,0.133,7.5,7.5,69.0,0.3333333333333333,39.98936170212765,58.09,0,1,4
STP-99142,RT-0191,15.5,0,45.85,68.8,3,3,23,4,3,5,1.0,0.0,0.133,13.1,5.6,72.0,0.5,39.985465116279066,61.09,0,1,4
STP-19766,RT-0191,14.9,0,43.31,65.0,4,3,0,5,3,5,1.0,8.5,0.133,28.6,15.5,63.0,0.6666666666666666,39.978461538461545,50.39,0,1,4
STP-45275,RT-0191,4.1,0,8.97,13.5,5,3,1,5,3,5,1.0,1.7,0.133,43.5,14.9,86.0,0.8333333333333334,39.86666666666667,73.39,0,1,4
STP-52960,RT-0191,11.2,0,40.01,60.0,6,3,2,5,3,5,0.0,0.0,0.133,47.6,4.1,76.0,1.0,40.01,63.39,0,1,4
STP-25992,RT-0192,0.8,0,20.89,13.9,1,0,19,3,2,3,0.0,14.3,0.1,0.0,0.0,68.0,0.14285714285714285,90.1726618705036,48.46,1,0,4
STP-77404,RT-0192,1.5,0,20.5,13.7,2,0,19,3,2,3,1.0,0.0,0.1,0.8,0.8,82.0,0.2857142857142857,89.78102189781022,62.46,1,0,4
STP-52526,RT-0192,2.3,0,26.51,17.7,3,0,20,3,2,3,0.0,0.0,0.1,2.3,1.5,75.0,0.42857142857142855,89.86440677966102,68.86,1,0,4
STP-54287,RT-0192,0.6,0,31.29,20.9,4,0,20,3,2,3,0.0,0.0,0.1,4.6,2.3,75.0,0.5714285714285714,89.82775119617224,68.86,1,0,4
STP-51592,RT-0192,0.1,0,19.89,13.3,5,0,21,3,2,3,1.0,0.0,0.1,5.199999999999999,0.6,63.0,0.7142857142857143,89.72932330827068,56.86,1,0,4
STP-66112,RT-0192,3.0,0,43.91,29.3,6,0,21,3,2,3,0.0,0.0,0.1,5.299999999999999,0.1,87.0,0.8571428571428571,89.91808873720136,80.86,1,0,4
STP-40090,RT-0192,5.5,0,51.26,34.2,7,0,22,3,2,3,1.0,0.0,0.1,8.299999999999999,3.0,70.0,1.0,89.92982456140349,63.86,1,0,4
STP-74307,RT-0193,9.8,0,25.14,23.2,1,2,21,6,1,5,0.0,0.0,0.3,0.0,0.0,77.0,0.16666666666666666,65.01724137931035,60.0,0,0,6
STP-48360,RT-0193,19.5,0,53.53,49.4,2,2,22,6,1,5,0.0,26.8,0.3,9.8,9.8,87.0,0.3333333333333333,65.01619433198381,70.0,0,0,6
STP-19121,RT-0193,12.4,0,34.63,32.0,3,2,23,6,1,5,0.0,0.0,0.3,29.3,19.5,76.0,0.5,64.93125,59.0,0,0,6
STP-89505,RT-0193,9.4,0,25.59,23.6,4,2,23,6,1,5,0.0,0.0,0.3,41.7,12.4,83.0,0.6666666666666666,65.0593220338983,66.0,0,0,6
STP-78103,RT-0193,12.3,0,30.63,28.3,5,2,0,0,1,5,1.0,0.0,0.3,51.1,9.4,87.0,0.8333333333333334,64.9399293286219,67.75,0,0,6
STP-62956,RT-0193,8.6,0,20.39,18.8,6,2,0,0,1,5,1.0,22.1,0.3,63.400000000000006,12.3,82.0,1.0,65.07446808510637,62.75,0,0,6
STP-82007,RT-0194,18.7,0,19.14,25.5,1,1,20,5,0,1,0.0,0.0,0.6,0.0,0.0,88.0,0.1111111111111111,45.03529411764706,52.44,0,0,8
STP-38478,RT-0194,4.8,0,4.98,6.6,2,1,20,5,0,1,1.0,0.0,0.6,18.7,18.7,76.0,0.2222222222222222,45.27272727272727,40.44,0,0,8
STP-84301,RT-0194,25.7,0,22.66,30.2,3,1,21,5,0,1,0.0,0.0,0.6,23.5,4.8,68.0,0.3333333333333333,45.01986754966888,32.44,0,0,8
STP-49740,RT-0194,45.4,1,48.15,64.2,4,1,22,5,0,1,0.0,2.2,0.6,49.2,25.7,82.0,0.4444444444444444,44.99999999999999,46.44,0,0,8
STP-80800,RT-0194,2.2,1,2.22,3.0,5,1,22,5,0,1,0.0,2.2,0.6,94.6,45.4,62.0,0.5555555555555556,44.4,26.439999999999998,0,0,8
STP-61522,RT-0194,22.0,1,20.73,27.6,6,1,23,5,0,1,1.0,0.0,0.6,96.8,2.2,71.0,0.6666666666666666,45.065217391304344,35.44,0,0,8
STP-25267,RT-0194,24.1,1,26.57,35.4,7,1,0,6,0,1,1.0,26.8,0.6,118.8,22.0,70.0,0.7777777777777778,45.03389830508475,31.880000000000003,0,0,8
STP-31245,RT-0194,14.6,1,13.29,17.7,8,1,1,6,0,1,1.0,10.5,0.6,142.9,24.1,60.0,0.8888888888888888,45.05084745762712,21.880000000000003,0,0,8
STP-52844,RT-0194,38.0,1,36.82,49.1,9,1,2,6,0,1,0.0,0.0,0.6,157.5,14.6,65.0,1.0,44.9938900203666,26.880000000000003,0,0,8
STP-58784,RT-0195,14.0,0,18.51,24.7,1,1,21,0,0,0,0.0,14.1,0.583,0.0,0.0,69.0,0.1111111111111111,44.96356275303644,32.93,0,0,4
STP-40970,RT-0195,17.6,0,22.55,30.1,2,1,22,0,0,0,0.0,20.3,0.583,14.0,14.0,69.0,0.2222222222222222,44.95016611295681,32.93,0,0,4
STP-31365,RT-0195,9.1,0,11.81,15.7,3,1,23,0,0,0,1.0,11.4,0.583,31.6,17.6,88.0,0.3333333333333333,45.133757961783445,51.93,0,0,4
STP-86923,RT-0195,16.3,0,17.34,23.1,4,1,23,0,0,0,0.0,0.0,0.583,40.7,9.1,78.0,0.4444444444444444,45.03896103896104,41.93,0,0,4
STP-90226,RT-0195,11.9,0,13.64,18.2,5,1,0,1,0,0,0.0,0.0,0.583,57.0,16.3,79.0,0.5555555555555556,44.96703296703297,42.72,0,0,4
STP-25095,RT-0195,51.0,1,63.42,84.6,6,1,1,1,0,0,0.0,0.0,0.583,68.9,11.9,75.0,0.6666666666666666,44.97872340425532,38.72,0,0,4
STP-96531,RT-0195,2.8,1,3.47,4.6,7,1,1,1,0,0,0.0,22.5,0.583,119.9,51.0,71.0,0.7777777777777778,45.2608695652174,34.72,0,0,4
STP-33685,RT-0195,25.3,1,26.76,35.7,8,1,2,1,0,0,1.0,0.0,0.583,122.7,2.8,70.0,0.8888888888888888,44.97478991596638,33.72,0,0,4
STP-91654,RT-0195,47.4,1,51.42,68.6,9,1,4,1,0,0,0.0,6.3,0.583,148.0,25.3,66.0,1.0,44.97376093294461,29.72,0,0,4
STP-88161,RT-0196,0.9,0,2.68,2.5,1,2,7,3,3,3,0.0,0.0,0.167,0.0,0.0,81.0,0.1111111111111111,64.32000000000001,61.21,1,0,8
STP-95872,RT-0196,13.9,0,45.58,42.1,2,2,8,3,3,3,1.0,0.0,0.167,0.9,0.9,80.0,0.2222222222222222,64.95961995249407,60.21,1,0,8
STP-12239,RT-0196,14.7,0,63.11,58.3,3,2,9,3,3,3,0.0,15.8,0.167,14.8,13.9,83.0,0.3333333333333333,64.95025728987994,63.21,1,0,8
STP-58062,RT-0196,11.7,0,37.78,34.9,4,2,10,3,3,3,0.0,0.0,0.167,29.5,14.7,66.0,0.4444444444444444,64.9512893982808,53.28,1,0,8
STP-73157,RT-0196,13.3,0,40.22,37.1,5,2,11,3,3,3,1.0,21.3,0.167,41.2,11.7,71.0,0.5555555555555556,65.04582210242587,58.28,1,0,8
STP-91189,RT-0196,18.9,0,59.93,55.3,6,2,12,3,3,3,0.0,9.9,0.167,54.5,13.3,86.0,0.6666666666666666,65.02350813743219,73.28,1,0,8
STP-46883,RT-0196,12.8,1,33.43,30.9,7,2,13,3,3,3,0.0,0.0,0.167,73.4,18.9,82.0,0.7777777777777778,64.9126213592233,69.28,1,0,8
STP-47415,RT-0196,17.5,1,56.55,52.2,8,2,14,3,3,3,0.0,22.5,0.167,86.2,12.8,78.0,0.8888888888888888,65.0,65.28,1,0,8
STP-50404,RT-0196,14.2,1,42.56,39.3,9,2,14,3,3,3,0.0,18.0,0.167,103.7,17.5,67.0,1.0,64.97709923664124,54.28,1,0,8
STP-40127,RT-0197,0.2,0,42.46,28.3,1,0,13,5,2,3,0.0,0.0,0.1,0.0,0.0,66.0,0.1,90.02120141342756,58.03,1,0,4
STP-22770,RT-0197,5.5,0,49.52,33.0,2,0,14,5,2,3,0.0,0.0,0.1,0.2,0.2,65.0,0.2,90.03636363636363,57.03,1,0,4
STP-35622,RT-0197,0.5,0,24.33,16.2,3,0,15,5,2,3,0.0,4.5,0.1,5.7,5.5,69.0,0.3,90.11111111111111,61.03,1,0,4
STP-47712,RT-0197,1.4,0,11.66,7.8,4,0,15,5,2,3,0.0,25.6,0.1,6.2,0.5,79.0,0.4,89.6923076923077,71.03,1,0,4
STP-84072,RT-0197,1.1,0,10.59,7.1,5,0,15,5,2,3,0.0,21.8,0.1,7.6,1.4,90.0,0.5,89.49295774647888,82.03,1,0,4
STP-13890,RT-0197,1.8,0,18.88,12.6,6,0,16,5,2,3,0.0,0.0,0.1,8.7,1.1,61.0,0.6,89.9047619047619,41.46,1,0,4
STP-67340,RT-0197,0.3,0,46.15,30.8,7,0,16,5,2,3,0.0,21.9,0.1,10.5,1.8,77.0,0.7,89.90259740259741,57.46,1,0,4
STP-72259,RT-0197,5.4,0,61.28,40.9,8,0,17,5,2,3,0.0,0.0,0.1,10.8,0.3,73.0,0.8,89.89731051344744,53.46,1,0,4
STP-18888,RT-0197,3.4,0,51.78,34.5,9,0,18,5,2,3,0.0,0.0,0.1,16.200000000000003,5.4,64.0,0.9,90.05217391304349,44.46,1,0,4
STP-81287,RT-0197,2.2,0,25.81,17.2,10,0,18,5,2,3,0.0,0.0,0.1,19.6,3.4,71.0,1.0,90.03488372093022,51.46,1,0,4
STP-18535,RT-0198,34.0,0,27.25,36.3,1,1,21,2,0,2,0.0,2.2,0.717,0.0,0.0,69.0,0.25,45.04132231404959,26.310000000000002,0,0,12
STP-60070,RT-0198,77.9,1,55.37,73.8,2,1,22,2,0,2,0.0,8.5,0.717,34.0,34.0,74.0,0.5,45.016260162601625,31.310000000000002,0,0,12
STP-32832,RT-0198,26.8,1,19.63,26.2,3,1,23,2,0,2,0.0,14.3,0.717,111.9,77.9,64.0,0.75,44.954198473282446,21.310000000000002,0,0,12
STP-24934,RT-0198,21.3,1,15.58,20.8,4,1,0,3,0,2,0.0,7.8,0.717,138.70000000000002,26.8,86.0,1.0,44.94230769230769,44.0,0,0,12
STP-40829,RT-0199,-2.5,0,38.64,35.7,1,2,13,0,2,0,0.0,0.0,0.017,0.0,0.0,88.0,0.125,64.94117647058823,84.36,0,0,1
STP-20944,RT-0199,-3.9,0,42.63,39.4,2,2,14,0,2,0,0.0,11.4,0.017,-2.5,-2.5,60.0,0.25,64.91878172588834,56.36,0,0,1
STP-19254,RT-0199,0.0,0,1.8,1.7,3,2,15,0,2,0,0.0,11.4,0.017,-6.4,-3.9,83.0,0.375,63.529411764705884,79.36,0,0,1
STP-56668,RT-0199,-3.4,0,31.49,29.1,4,2,15,0,2,0,1.0,0.0,0.017,-6.4,0.0,78.0,0.5,64.92783505154638,74.36,0,0,1
STP-18089,RT-0199,-3.5,0,31.27,28.9,5,2,16,0,2,0,0.0,15.8,0.017,-9.8,-3.4,85.0,0.625,64.9204152249135,71.9,0,0,1
STP-59840,RT-0199,-2.8,0,16.7,15.4,6,2,16,0,2,0,0.0,18.0,0.017,-13.3,-3.5,66.0,0.75,65.06493506493507,52.9,0,0,1
STP-87388,RT-0199,-1.0,0,20.74,19.1,7,2,17,0,2,0,0.0,10.9,0.017,-16.1,-2.8,73.0,0.875,65.15183246073298,59.9,0,0,1
STP-97854,RT-0199,-1.2,0,46.85,43.2,8,2,18,0,2,0,0.0,14.5,0.017,-17.1,-1.0,83.0,1.0,65.06944444444444,69.9,0,0,1
STP-96328,RT-0200,0.2,0,7.94,7.3,1,2,4,1,3,0,1.0,0.0,0.083,0.0,0.0,83.0,0.1,65.26027397260275,73.38,0,0,2
STP-59324,RT-0200,0.9,0,20.59,19.0,2,2,5,1,3,0,0.0,0.0,0.083,0.2,0.2,72.0,0.2,65.02105263157895,62.38,0,0,2
STP-68188,RT-0200,1.4,0,29.6,27.3,3,2,5,1,3,0,0.0,0.0,0.083,1.1,0.9,75.0,0.3,65.05494505494505,65.38,0,0,2
STP-81658,RT-0200,0.7,0,8.15,7.5,4,2,6,1,3,0,1.0,0.0,0.083,2.5,1.4,79.0,0.4,65.2,69.38,0,0,2
STP-39878,RT-0200,3.2,0,37.99,35.1,5,2,6,1,3,0,0.0,0.0,0.083,3.2,0.7,73.0,0.5,64.94017094017093,63.38,0,0,2
STP-85464,RT-0200,6.0,0,57.31,52.9,6,2,7,1,3,0,0.0,0.0,0.083,6.4,3.2,70.0,0.6,65.00189035916824,53.55,0,0,2
STP-42543,RT-0200,3.4,0,42.5,39.2,7,2,8,1,3,0,0.0,7.5,0.083,12.4,6.0,74.0,0.7,65.05102040816325,57.55,0,0,2
STP-63429,RT-0200,1.4,0,41.65,38.4,8,2,9,1,3,0,0.0,0.0,0.083,15.8,3.4,61.0,0.8,65.078125,44.55,0,0,2
STP-12874,RT-0200,0.2,0,1.41,1.3,9,2,10,1,3,0,0.0,26.2,0.083,17.2,1.4,77.0,0.9,65.07692307692307,65.97,0,0,2
STP-51665,RT-0200,1.2,0,31.52,29.1,10,2,10,1,3,0,0.0,0.0,0.083,17.4,0.2,78.0,1.0,64.98969072164948,66.97,0,0,2
