route_id,stop_sequence,stop_id,latitude,longitude,distance_from_prev_km,road_type,planned_arrival,actual_arrival,time_window_open,time_window_close,planned_service_min,actual_service_min,planned_travel_min,actual_travel_min,delay_at_stop_min,missed_time_window,delay_probability,package_count,package_weight_kg
RT-0001,1,STP-00001,39.310187,37.232487,11.28,urban,2025-06-01 07:10:42,2025-06-01 07:11:30,2025-06-01 06:42:42,2025-06-01 08:56:42,9.7,10.0,10.7,11.3,0.8,0,0.27,6,156.5
RT-0001,2,STP-00002,39.674753,37.215194,8.99,urban,2025-06-01 07:28:12,2025-06-01 07:23:30,2025-06-01 07:02:12,2025-06-01 08:12:12,11.6,12.4,7.8,7.3,-4.7,0,0.211,5,47.0
RT-0001,3,STP-00003,39.283989,37.14817,9.79,urban,2025-06-01 07:54:12,2025-06-01 08:08:36,2025-06-01 07:38:12,2025-06-01 08:41:12,5.8,4.2,14.4,14.5,14.4,0,0.172,4,63.8
RT-0001,4,STP-00004,39.213119,37.444814,5.84,urban,2025-06-01 08:03:30,2025-06-01 08:07:18,2025-06-01 07:51:30,2025-06-01 09:23:30,13.4,13.0,3.5,3.9,3.8,0,0.345,11,162.2
RT-0001,5,STP-00005,39.782418,37.443839,15.67,urban,2025-06-01 08:28:42,2025-06-01 08:30:54,2025-06-01 08:08:42,2025-06-01 09:19:42,11.3,8.7,11.8,12.7,2.2,0,0.035,2,84.0
RT-0001,6,STP-00006,39.557338,36.879819,21.58,urban,2025-06-01 09:06:12,2025-06-01 09:19:12,2025-06-01 08:46:12,2025-06-01 10:04:12,12.9,14.0,26.2,25.6,13.0,0,0.204,7,174.8
RT-0001,7,STP-00007,39.307009,37.331407,22.93,urban,2025-06-01 09:41:54,2025-06-01 09:58:42,2025-06-01 09:28:54,2025-06-01 10:29:54,17.3,18.5,22.8,22.8,16.8,0,0.03,14,33.8
RT-0001,8,STP-00008,39.804973,37.239052,23.93,urban,2025-06-01 10:24:00,2025-06-01 10:35:18,2025-06-01 09:56:00,2025-06-01 12:16:00,13.5,11.4,24.8,23.0,11.3,0,0.06,10,92.5
RT-0001,9,STP-00009,39.458116,37.000954,4.5,urban,2025-06-01 10:38:54,2025-06-01 10:59:06,2025-06-01 10:26:54,2025-06-01 11:47:54,9.1,9.2,1.4,0.9,20.2,0,0.258,1,73.6
RT-0001,10,STP-00010,39.331768,37.223504,24.5,urban,2025-06-01 11:23:06,2025-06-01 11:51:30,2025-06-01 11:12:06,2025-06-01 12:50:06,10.8,9.4,35.1,37.3,28.4,0,0.201,10,113.1
RT-0001,11,STP-00011,39.89369,37.166848,24.07,urban,2025-06-01 11:54:06,2025-06-01 12:30:12,2025-06-01 11:24:06,2025-06-01 12:46:06,17.6,18.4,20.2,23.2,36.1,0,0.244,12,21.4
RT-0001,12,STP-00012,39.590574,37.070595,11.01,urban,2025-06-01 12:29:12,2025-06-01 13:10:54,2025-06-01 11:59:12,2025-06-01 14:21:12,16.6,18.1,17.5,16.6,41.7,0,0.101,11,121.6
RT-0002,1,STP-00013,39.416707,37.063676,10.33,urban,2025-06-01 07:10:00,2025-06-01 07:08:36,2025-06-01 06:48:00,2025-06-01 07:56:00,10.2,7.5,10.0,6.1,-1.4,0,0.317,11,141.2
RT-0002,2,STP-00014,39.212761,37.016206,20.89,urban,2025-06-01 07:40:42,2025-06-01 07:35:42,2025-06-01 07:28:42,2025-06-01 09:32:42,16.1,14.0,20.5,19.4,-5.0,0,0.38,11,182.9
RT-0002,3,STP-00015,39.818578,36.826423,10.52,urban,2025-06-01 08:09:48,2025-06-01 08:06:36,2025-06-01 07:56:48,2025-06-01 09:43:48,20.0,16.2,13.0,13.5,-3.2,0,0.135,3,20.0
RT-0002,4,STP-00016,39.45501,37.30371,19.86,urban,2025-06-01 08:56:54,2025-06-01 09:00:30,2025-06-01 08:27:54,2025-06-01 09:47:54,7.4,6.8,27.1,27.0,3.6,0,0.388,14,140.1
RT-0002,5,STP-00017,39.889108,37.123176,16.43,urban,2025-06-01 09:24:06,2025-06-01 09:19:06,2025-06-01 08:59:06,2025-06-01 10:18:06,8.5,12.1,19.8,16.5,-5.0,0,0.113,4,65.3
RT-0002,6,STP-00018,39.588179,36.871813,11.4,urban,2025-06-01 09:33:30,2025-06-01 09:32:18,2025-06-01 09:15:30,2025-06-01 10:09:30,17.3,14.1,0.9,-1.7,-1.2,0,0.338,13,122.9
RT-0003,1,STP-00019,39.85133,37.090428,9.27,highway,2025-06-01 07:11:30,2025-06-01 07:07:30,2025-06-01 06:59:30,2025-06-01 08:09:30,18.6,14.8,11.5,19.9,-4.0,0,0.159,3,167.1
RT-0003,2,STP-00020,39.400816,37.380833,11.23,highway,2025-06-01 07:42:00,2025-06-01 07:43:24,2025-06-01 07:12:00,2025-06-01 08:54:00,8.4,7.3,11.9,19.1,1.4,0,0.278,6,186.5
RT-0003,3,STP-00021,39.56944,36.877831,6.05,highway,2025-06-01 07:56:12,2025-06-01 07:51:24,2025-06-01 07:40:12,2025-06-01 08:45:12,5.1,4.1,5.8,6.1,-4.8,0,0.115,2,8.7
RT-0003,4,STP-00022,39.602533,37.302981,9.63,highway,2025-06-01 08:17:48,2025-06-01 08:19:48,2025-06-01 07:52:48,2025-06-01 10:03:48,16.9,16.3,16.5,23.3,2.0,0,0.117,8,17.2
RT-0003,5,STP-00023,39.750489,37.155336,3.03,highway,2025-06-01 08:34:24,2025-06-01 08:40:36,2025-06-01 08:13:24,2025-06-01 09:12:24,7.8,7.1,-0.3,1.9,6.2,0,0.008,11,21.7
RT-0003,6,STP-00024,39.272565,37.207332,22.21,highway,2025-06-01 09:13:36,2025-06-01 09:17:48,2025-06-01 09:01:36,2025-06-01 10:27:36,10.6,13.5,31.4,49.8,4.2,0,0.303,12,8.2
RT-0003,7,STP-00025,39.294397,37.301232,5.94,highway,2025-06-01 09:28:36,2025-06-01 09:36:24,2025-06-01 09:04:36,2025-06-01 11:27:36,14.6,14.8,4.4,5.7,7.8,0,0.377,14,156.9
RT-0003,8,STP-00026,39.37732,37.327304,3.81,highway,2025-06-01 09:50:24,2025-06-01 10:05:18,2025-06-01 09:24:24,2025-06-01 11:10:24,18.3,18.1,7.2,13.9,14.9,0,0.076,6,187.0
RT-0003,9,STP-00027,39.470651,37.481607,10.85,highway,2025-06-01 10:23:36,2025-06-01 10:24:42,2025-06-01 10:00:36,2025-06-01 11:44:36,10.0,5.8,14.9,23.4,1.1,0,0.198,2,160.9
RT-0003,10,STP-00028,39.405636,36.871819,13.95,highway,2025-06-01 10:55:42,2025-06-01 11:04:12,2025-06-01 10:32:42,2025-06-01 12:42:42,17.0,17.0,22.1,36.2,8.5,0,0.131,12,87.8
RT-0003,11,STP-00029,39.647629,37.354034,9.5,highway,2025-06-01 11:16:36,2025-06-01 11:33:06,2025-06-01 11:05:36,2025-06-01 12:31:36,7.5,6.1,3.9,4.6,16.5,0,0.023,8,73.6
RT-0004,1,STP-00030,39.651614,37.053505,10.99,mountain,2025-06-01 07:15:36,2025-06-01 07:10:36,2025-06-01 06:51:36,2025-06-01 07:49:36,19.3,20.3,15.6,16.6,-5.0,0,0.38,3,170.5
RT-0004,2,STP-00031,39.654693,36.974728,3.71,mountain,2025-06-01 07:42:30,2025-06-01 07:47:00,2025-06-01 07:14:30,2025-06-01 08:29:30,10.6,10.2,7.6,5.6,4.5,0,0.045,8,153.8
RT-0004,3,STP-00032,39.841535,37.14384,19.18,mountain,2025-06-01 08:11:12,2025-06-01 08:12:36,2025-06-01 07:47:12,2025-06-01 09:08:12,13.4,13.4,18.1,19.7,1.4,0,0.049,5,156.1
RT-0004,4,STP-00033,39.57952,37.423932,21.76,mountain,2025-06-01 08:40:30,2025-06-01 08:45:24,2025-06-01 08:20:30,2025-06-01 10:35:30,11.7,12.3,15.9,15.5,4.9,0,0.341,2,163.1
RT-0004,5,STP-00034,39.452628,37.200594,18.66,mountain,2025-06-01 09:21:00,2025-06-01 09:21:06,2025-06-01 09:05:00,2025-06-01 10:08:00,16.9,19.2,28.8,29.0,0.1,0,0.187,9,48.7
RT-0005,1,STP-00035,39.880666,37.249637,16.46,urban,2025-06-01 09:23:24,2025-06-01 09:25:36,2025-06-01 09:00:24,2025-06-01 10:45:24,20.0,19.3,23.4,23.7,2.2,0,0.18,12,98.3
RT-0005,2,STP-00036,39.781974,37.162671,17.96,urban,2025-06-01 09:59:12,2025-06-01 10:08:24,2025-06-01 09:45:12,2025-06-01 11:24:12,16.7,16.6,15.8,11.8,9.2,0,0.122,11,119.6
RT-0005,3,STP-00037,39.392116,37.237516,6.56,urban,2025-06-01 10:27:00,2025-06-01 10:29:00,2025-06-01 10:15:00,2025-06-01 11:29:00,19.2,23.9,11.1,12.8,2.0,0,0.246,9,179.5
RT-0005,4,STP-00038,39.777665,36.819861,5.06,urban,2025-06-01 10:48:00,2025-06-01 10:46:48,2025-06-01 10:19:00,2025-06-01 12:01:00,13.7,11.5,1.8,3.2,-1.2,0,0.018,3,133.5
RT-0005,5,STP-00039,39.649335,37.011466,17.11,urban,2025-06-01 11:15:48,2025-06-01 11:16:30,2025-06-01 11:05:48,2025-06-01 12:48:48,16.5,14.9,14.1,16.0,0.7,0,0.098,7,125.5
RT-0005,6,STP-00040,39.418808,37.302854,20.76,urban,2025-06-01 11:52:36,2025-06-01 11:59:54,2025-06-01 11:27:36,2025-06-01 13:21:36,15.3,17.9,20.3,21.1,7.3,0,0.294,3,90.7
RT-0005,7,STP-00041,39.298614,36.835424,21.94,urban,2025-06-01 12:36:48,2025-06-01 12:42:48,2025-06-01 12:19:48,2025-06-01 14:05:48,10.6,12.1,28.9,30.5,6.0,0,0.378,9,25.7
RT-0005,8,STP-00042,39.897179,37.126771,22.01,urban,2025-06-01 13:02:36,2025-06-01 13:17:06,2025-06-01 12:34:36,2025-06-01 14:12:36,18.5,19.6,15.2,15.6,14.5,0,0.352,14,68.8
RT-0005,9,STP-00043,39.817638,37.257982,13.94,urban,2025-06-01 13:42:00,2025-06-01 13:57:12,2025-06-01 13:21:00,2025-06-01 14:18:00,11.9,12.6,20.9,23.1,15.2,0,0.188,4,47.0
RT-0005,10,STP-00044,39.593272,37.053767,14.81,urban,2025-06-01 14:14:42,2025-06-01 14:27:30,2025-06-01 13:52:42,2025-06-01 15:30:42,18.2,18.4,20.8,21.4,12.8,0,0.115,12,76.3
RT-0005,11,STP-00045,39.756428,37.03736,11.5,urban,2025-06-01 14:40:42,2025-06-01 15:03:36,2025-06-01 14:27:42,2025-06-01 15:26:42,17.4,17.1,7.8,9.8,22.9,0,0.376,10,137.7
RT-0005,12,STP-00046,39.825192,36.897847,19.61,urban,2025-06-01 15:23:30,2025-06-01 15:57:00,2025-06-01 15:03:30,2025-06-01 16:53:30,12.5,12.4,25.4,24.3,33.5,0,0.373,1,12.6
RT-0006,1,STP-00047,39.532425,36.811646,6.58,rural,2025-06-02 09:16:06,2025-06-02 09:15:36,2025-06-02 08:50:06,2025-06-02 10:54:06,9.5,9.7,16.1,22.2,-0.5,0,0.132,6,103.9
RT-0006,2,STP-00048,39.748033,37.343313,5.41,rural,2025-06-02 09:28:24,2025-06-02 09:30:30,2025-06-02 09:18:24,2025-06-02 11:14:24,18.5,19.3,2.8,-0.8,2.1,0,0.231,14,139.2
RT-0006,3,STP-00049,39.600799,37.290365,18.87,rural,2025-06-02 10:06:54,2025-06-02 10:06:00,2025-06-02 09:44:54,2025-06-02 10:54:54,14.4,13.1,20.0,31.4,-0.9,0,0.076,10,156.0
RT-0006,4,STP-00050,39.592621,37.498686,12.7,rural,2025-06-02 10:32:00,2025-06-02 10:35:12,2025-06-02 10:07:00,2025-06-02 11:09:00,8.1,5.8,10.7,15.8,3.2,0,0.191,9,156.1
RT-0006,5,STP-00051,39.870136,36.995304,11.29,rural,2025-06-02 10:59:00,2025-06-02 10:59:06,2025-06-02 10:29:00,2025-06-02 12:57:00,13.0,15.3,18.9,28.9,0.1,0,0.119,9,74.1
RT-0006,6,STP-00052,39.756784,36.99142,23.71,rural,2025-06-02 11:49:00,2025-06-02 11:49:42,2025-06-02 11:29:00,2025-06-02 13:20:00,15.6,19.4,37.0,54.3,0.7,0,0.049,12,142.5
RT-0006,7,STP-00053,39.442454,37.109663,17.89,rural,2025-06-02 12:15:54,2025-06-02 12:27:18,2025-06-02 11:56:54,2025-06-02 12:50:54,17.3,20.4,11.3,16.7,11.4,0,0.103,13,161.9
RT-0006,8,STP-00054,39.235536,37.433629,13.54,rural,2025-06-02 12:51:18,2025-06-02 13:02:30,2025-06-02 12:38:18,2025-06-02 14:39:18,19.0,17.5,18.1,27.8,11.2,0,0.09,12,58.0
RT-0006,9,STP-00055,39.657025,37.416453,8.12,rural,2025-06-02 13:23:42,2025-06-02 13:34:54,2025-06-02 13:13:42,2025-06-02 15:03:42,12.1,11.9,13.4,21.8,11.2,0,0.19,11,155.3
RT-0006,10,STP-00056,39.706182,37.455669,17.31,rural,2025-06-02 13:56:42,2025-06-02 14:04:36,2025-06-02 13:44:42,2025-06-02 15:49:42,9.3,8.2,20.9,30.0,7.9,0,0.365,1,182.0
RT-0006,11,STP-00057,39.848228,37.41372,6.85,rural,2025-06-02 14:16:30,2025-06-02 14:28:42,2025-06-02 13:51:30,2025-06-02 15:09:30,18.8,16.8,10.5,20.9,12.2,0,0.004,14,82.4
RT-0007,1,STP-00058,39.278853,36.913746,23.43,highway,2025-06-02 07:25:18,2025-06-02 07:30:00,2025-06-02 07:11:18,2025-06-02 08:59:18,14.6,14.9,25.3,35.4,4.7,0,0.184,9,101.3
RT-0007,2,STP-00059,39.483843,37.099392,8.66,highway,2025-06-02 07:53:30,2025-06-02 08:02:24,2025-06-02 07:37:30,2025-06-02 08:45:30,16.9,15.1,13.6,17.5,8.9,0,0.131,10,136.5
RT-0007,3,STP-00060,39.867824,37.011362,11.82,highway,2025-06-02 08:36:18,2025-06-02 08:48:24,2025-06-02 08:18:18,2025-06-02 09:55:18,12.2,15.5,25.9,37.9,12.1,0,0.289,15,53.4
RT-0007,4,STP-00061,39.821461,37.338889,3.25,highway,2025-06-02 08:48:00,2025-06-02 08:49:24,2025-06-02 08:33:00,2025-06-02 10:09:00,5.9,1.7,-0.5,-2.5,1.4,0,0.276,2,95.8
RT-0007,5,STP-00062,39.838958,37.330145,17.05,highway,2025-06-02 09:18:48,2025-06-02 09:25:12,2025-06-02 08:54:48,2025-06-02 11:05:48,8.3,10.5,24.9,33.9,6.4,0,0.321,3,98.2
RT-0007,6,STP-00063,39.594918,36.843231,21.16,highway,2025-06-02 09:53:06,2025-06-02 09:55:36,2025-06-02 09:29:06,2025-06-02 11:30:06,13.9,13.1,26.0,37.5,2.5,0,0.219,13,21.0
RT-0008,1,STP-00064,39.766084,37.117403,15.6,urban,2025-06-02 09:21:18,2025-06-02 09:24:54,2025-06-02 08:53:18,2025-06-02 10:53:18,12.8,14.1,21.3,28.0,3.6,0,0.205,2,137.7
RT-0008,2,STP-00065,39.231703,37.04117,13.05,urban,2025-06-02 09:55:00,2025-06-02 09:58:06,2025-06-02 09:37:00,2025-06-02 10:25:00,17.1,14.5,20.9,25.4,3.1,0,0.026,12,9.2
RT-0008,3,STP-00066,39.652117,37.094253,24.87,urban,2025-06-02 10:43:42,2025-06-02 10:45:00,2025-06-02 10:28:42,2025-06-02 11:30:42,19.0,13.5,31.6,39.1,1.3,0,0.397,1,61.0
RT-0008,4,STP-00067,39.324932,37.176081,11.41,urban,2025-06-02 11:23:48,2025-06-02 11:18:48,2025-06-02 10:56:48,2025-06-02 12:10:48,10.6,9.1,21.1,24.7,-5.0,0,0.212,11,193.0
RT-0008,5,STP-00068,39.373258,37.042312,19.01,urban,2025-06-02 11:57:18,2025-06-02 12:00:06,2025-06-02 11:30:18,2025-06-02 13:21:18,5.3,4.6,22.9,24.3,2.8,0,0.11,5,95.3
RT-0008,6,STP-00069,39.223503,37.218449,23.62,urban,2025-06-02 12:30:36,2025-06-02 12:31:24,2025-06-02 12:20:36,2025-06-02 13:30:36,17.1,18.0,28.0,34.4,0.8,0,0.281,7,124.9
RT-0008,7,STP-00070,39.77105,37.312062,4.07,urban,2025-06-02 12:52:18,2025-06-02 12:50:42,2025-06-02 12:41:18,2025-06-02 13:39:18,8.5,8.5,4.6,4.0,-1.6,0,0.128,4,152.1
RT-0008,8,STP-00071,39.589703,37.214167,16.15,urban,2025-06-02 13:18:06,2025-06-02 13:17:42,2025-06-02 12:52:06,2025-06-02 14:16:06,9.5,10.3,17.3,19.7,-0.4,0,0.294,3,197.2
RT-0009,1,STP-00072,39.409922,36.928715,16.77,urban,2025-06-02 09:14:54,2025-06-02 09:17:30,2025-06-02 08:48:54,2025-06-02 10:24:54,19.6,17.7,14.9,14.2,2.6,0,0.215,11,135.9
RT-0009,2,STP-00073,39.293865,36.970001,8.3,urban,2025-06-02 09:46:00,2025-06-02 09:56:30,2025-06-02 09:19:00,2025-06-02 11:08:00,7.2,6.7,11.5,14.0,10.5,0,0.081,8,183.4
RT-0009,3,STP-00074,39.227683,36.850949,17.23,urban,2025-06-02 10:22:24,2025-06-02 10:21:48,2025-06-02 10:11:24,2025-06-02 11:26:24,6.4,8.3,29.2,27.2,-0.6,0,0.322,12,166.7
RT-0009,4,STP-00075,39.282121,37.4997,15.93,urban,2025-06-02 10:46:18,2025-06-02 10:47:06,2025-06-02 10:36:18,2025-06-02 11:43:18,8.1,6.1,17.5,22.2,0.8,0,0.192,15,69.9
RT-0009,5,STP-00076,39.415896,37.051751,8.34,urban,2025-06-02 11:01:42,2025-06-02 11:03:48,2025-06-02 10:42:42,2025-06-02 12:19:42,18.7,19.3,7.3,4.5,2.1,0,0.353,9,67.7
RT-0009,6,STP-00077,39.354892,36.902146,13.25,urban,2025-06-02 11:38:54,2025-06-02 11:36:06,2025-06-02 11:17:54,2025-06-02 12:48:54,16.4,17.7,18.5,16.3,-2.8,0,0.104,6,183.3
RT-0010,1,STP-00078,39.542035,37.306491,9.49,mountain,2025-06-02 07:12:36,2025-06-02 07:16:00,2025-06-02 06:42:36,2025-06-02 09:09:36,13.5,16.4,12.6,10.8,3.4,0,0.296,4,102.4
RT-0010,2,STP-00079,39.787348,36.852031,13.14,mountain,2025-06-02 07:41:24,2025-06-02 07:37:48,2025-06-02 07:14:24,2025-06-02 09:33:24,7.1,6.5,15.3,17.6,-3.6,0,0.327,9,100.2
RT-0010,3,STP-00080,39.632485,37.266728,4.07,mountain,2025-06-02 07:56:06,2025-06-02 07:57:12,2025-06-02 07:46:06,2025-06-02 08:53:06,14.5,14.4,7.6,5.7,1.1,0,0.247,2,142.9
RT-0010,4,STP-00081,39.76921,37.271823,13.63,mountain,2025-06-02 08:26:24,2025-06-02 08:27:48,2025-06-02 08:08:24,2025-06-02 10:04:24,13.3,13.2,15.8,16.2,1.4,0,0.322,1,8.3
RT-0010,5,STP-00082,39.461136,37.084219,23.02,mountain,2025-06-02 09:09:06,2025-06-02 09:12:18,2025-06-02 08:51:06,2025-06-02 10:24:06,7.2,9.2,29.4,29.2,3.2,0,0.226,4,125.9
RT-0011,1,STP-00083,39.23928,36.806615,9.6,urban,2025-06-03 08:12:30,2025-06-03 08:10:42,2025-06-03 08:00:30,2025-06-03 09:33:30,19.9,21.6,12.5,12.9,-1.8,0,0.069,11,153.1
RT-0011,2,STP-00084,39.684601,37.196749,14.0,urban,2025-06-03 08:41:12,2025-06-03 08:44:42,2025-06-03 08:15:12,2025-06-03 09:16:12,13.5,17.8,8.8,10.9,3.5,0,0.108,14,194.9
RT-0011,3,STP-00085,39.726578,37.298898,23.33,urban,2025-06-03 09:21:06,2025-06-03 09:18:24,2025-06-03 09:01:06,2025-06-03 09:53:06,13.1,12.5,26.4,33.7,-2.7,0,0.159,11,11.4
RT-0011,4,STP-00086,39.753349,37.282517,4.69,urban,2025-06-03 09:41:48,2025-06-03 09:46:00,2025-06-03 09:14:48,2025-06-03 10:53:48,17.5,19.7,7.6,6.5,4.2,0,0.031,7,137.0
RT-0011,5,STP-00087,39.220738,36.991329,19.4,urban,2025-06-03 10:21:18,2025-06-03 10:25:30,2025-06-03 09:52:18,2025-06-03 12:07:18,8.5,10.6,22.0,23.2,4.2,0,0.397,2,71.4
RT-0011,6,STP-00088,39.372515,36.851455,13.79,urban,2025-06-03 10:39:00,2025-06-03 10:51:54,2025-06-03 10:17:00,2025-06-03 11:19:00,11.5,9.8,9.2,11.1,12.9,0,0.107,11,119.2
RT-0011,7,STP-00089,39.271562,36.861108,11.36,urban,2025-06-03 11:04:42,2025-06-03 11:09:18,2025-06-03 10:54:42,2025-06-03 12:13:42,10.8,12.0,14.2,13.6,4.6,0,0.172,6,25.8
RT-0012,1,STP-00090,39.25929,37.430795,5.27,mountain,2025-06-03 08:11:42,2025-06-03 08:15:06,2025-06-03 07:49:42,2025-06-03 08:42:42,14.0,15.9,11.7,11.2,3.4,0,0.362,13,68.3
RT-0012,2,STP-00091,39.393173,37.009827,24.52,mountain,2025-06-03 08:52:24,2025-06-03 08:52:06,2025-06-03 08:34:24,2025-06-03 10:25:24,10.7,11.7,26.7,27.4,-0.3,0,0.313,3,57.4
RT-0012,3,STP-00092,39.432552,37.234135,10.94,mountain,2025-06-03 09:23:42,2025-06-03 09:22:00,2025-06-03 09:10:42,2025-06-03 10:10:42,12.4,17.0,20.6,19.0,-1.7,0,0.322,10,43.1
RT-0012,4,STP-00093,39.419928,37.475202,10.25,mountain,2025-06-03 09:43:42,2025-06-03 09:52:36,2025-06-03 09:23:42,2025-06-03 11:30:42,17.9,17.5,7.6,8.9,8.9,0,0.387,10,31.5
RT-0012,5,STP-00094,39.33986,37.498085,9.41,mountain,2025-06-03 10:10:54,2025-06-03 10:09:06,2025-06-03 09:52:54,2025-06-03 11:30:54,13.6,17.1,9.3,6.2,-1.8,0,0.072,4,68.5
RT-0013,1,STP-00095,39.411983,36.976877,23.97,highway,2025-06-03 10:21:06,2025-06-03 10:23:00,2025-06-03 10:09:06,2025-06-03 11:43:06,11.6,10.6,21.1,20.6,1.9,0,0.062,5,167.1
RT-0013,2,STP-00096,39.8779,37.291144,12.31,highway,2025-06-03 10:43:36,2025-06-03 10:48:00,2025-06-03 10:17:36,2025-06-03 12:41:36,14.0,14.3,10.9,10.4,4.4,0,0.325,10,83.2
RT-0013,3,STP-00097,39.67423,37.079732,16.06,highway,2025-06-03 11:18:54,2025-06-03 11:19:36,2025-06-03 10:48:54,2025-06-03 13:06:54,8.7,10.3,21.3,26.8,0.7,0,0.301,11,74.2
RT-0013,4,STP-00098,39.461884,37.124144,24.25,highway,2025-06-03 11:56:00,2025-06-03 11:58:24,2025-06-03 11:29:00,2025-06-03 13:40:00,8.9,7.6,28.4,27.9,2.4,0,0.272,9,150.6
RT-0013,5,STP-00099,39.44383,37.040147,18.19,highway,2025-06-03 12:36:54,2025-06-03 12:53:54,2025-06-03 12:24:54,2025-06-03 13:20:54,12.2,9.4,32.0,33.6,17.0,0,0.314,5,86.1
RT-0013,6,STP-00100,39.794426,37.253579,14.46,highway,2025-06-03 13:05:06,2025-06-03 13:14:54,2025-06-03 12:46:06,2025-06-03 13:40:06,15.8,14.9,16.0,16.4,9.8,0,0.271,8,67.2
RT-0013,7,STP-00101,39.329116,37.248335,6.62,highway,2025-06-03 13:32:36,2025-06-03 13:43:06,2025-06-03 13:09:36,2025-06-03 15:01:36,7.6,9.6,11.7,11.9,10.5,0,0.173,3,69.5
RT-0013,8,STP-00102,39.757206,37.204144,3.64,highway,2025-06-03 13:42:06,2025-06-03 13:53:54,2025-06-03 13:26:06,2025-06-03 14:38:06,13.9,17.0,1.9,1.3,11.8,0,0.32,7,5.9
RT-0013,9,STP-00103,39.474781,36.879962,14.81,highway,2025-06-03 14:11:36,2025-06-03 14:31:36,2025-06-03 13:45:36,2025-06-03 16:02:36,6.7,8.5,15.6,14.8,20.0,0,0.141,11,173.2
RT-0013,10,STP-00104,39.413766,36.928131,13.07,highway,2025-06-03 14:37:30,2025-06-03 15:07:42,2025-06-03 14:25:30,2025-06-03 16:33:30,17.0,17.7,19.2,19.9,30.2,0,0.277,15,124.8
RT-0013,11,STP-00105,39.321264,36.916806,14.24,highway,2025-06-03 15:09:12,2025-06-03 15:43:06,2025-06-03 14:42:12,2025-06-03 17:07:12,10.8,8.6,14.7,18.7,33.9,0,0.116,3,99.9
RT-0014,1,STP-00106,39.546479,37.279288,9.92,urban,2025-06-03 08:10:18,2025-06-03 08:10:48,2025-06-03 07:54:18,2025-06-03 09:29:18,10.4,9.9,10.3,12.6,0.5,0,0.166,1,99.5
RT-0014,2,STP-00107,39.746518,37.195955,21.48,urban,2025-06-03 08:44:24,2025-06-03 08:44:42,2025-06-03 08:33:24,2025-06-03 09:49:24,5.5,7.1,23.7,24.0,0.3,0,0.309,13,48.0
RT-0014,3,STP-00108,39.703286,37.182447,13.9,urban,2025-06-03 09:00:06,2025-06-03 08:59:54,2025-06-03 08:39:06,2025-06-03 10:39:06,9.0,8.5,10.2,10.5,-0.2,0,0.396,9,165.5
RT-0014,4,STP-00109,39.742942,36.965862,5.25,urban,2025-06-03 09:19:24,2025-06-03 09:14:24,2025-06-03 08:58:24,2025-06-03 10:00:24,9.5,11.9,10.3,4.4,-5.0,0,0.324,1,92.7
RT-0014,5,STP-00110,39.572597,37.2178,15.93,urban,2025-06-03 09:43:24,2025-06-03 09:50:00,2025-06-03 09:27:24,2025-06-03 10:39:24,14.5,12.1,14.5,15.4,6.6,0,0.067,3,125.1
RT-0014,6,STP-00111,39.843138,37.49474,24.54,urban,2025-06-03 10:25:36,2025-06-03 10:34:06,2025-06-03 10:12:36,2025-06-03 11:12:36,19.3,18.5,27.7,31.1,8.5,0,0.347,9,197.2
RT-0014,7,STP-00112,39.639469,37.062621,5.79,urban,2025-06-03 10:54:24,2025-06-03 10:56:18,2025-06-03 10:32:24,2025-06-03 12:26:24,15.7,17.9,9.5,11.3,1.9,0,0.03,14,53.3
RT-0014,8,STP-00113,39.201731,37.341895,20.48,urban,2025-06-03 11:35:18,2025-06-03 11:35:36,2025-06-03 11:14:18,2025-06-03 13:03:18,16.2,15.7,25.2,26.9,0.3,0,0.293,12,187.6
RT-0014,9,STP-00114,39.5463,37.026006,19.08,urban,2025-06-03 12:07:18,2025-06-03 12:14:36,2025-06-03 11:45:18,2025-06-03 13:04:18,10.4,9.7,15.8,19.5,7.3,0,0.113,2,160.2
RT-0014,10,STP-00115,39.521707,36.886966,15.04,urban,2025-06-03 12:42:24,2025-06-03 12:57:12,2025-06-03 12:31:24,2025-06-03 13:17:24,16.8,18.9,24.7,27.5,14.8,0,0.343,15,138.1
RT-0014,11,STP-00116,39.391814,37.258212,12.71,urban,2025-06-03 13:27:00,2025-06-03 13:39:06,2025-06-03 12:57:00,2025-06-03 14:35:00,8.0,11.9,27.8,30.3,12.1,0,0.1,12,182.3
RT-0014,12,STP-00117,39.20076,37.133765,11.18,urban,2025-06-03 13:50:54,2025-06-03 14:04:54,2025-06-03 13:33:54,2025-06-03 15:14:54,10.9,8.3,15.9,14.2,14.0,0,0.053,5,146.6
RT-0015,1,STP-00118,39.468149,37.311534,14.43,urban,2025-06-03 08:16:42,2025-06-03 08:16:54,2025-06-03 07:53:42,2025-06-03 10:14:42,10.2,10.8,16.7,17.2,0.2,0,0.041,2,197.7
RT-0015,2,STP-00119,39.205932,37.255014,9.89,urban,2025-06-03 08:40:48,2025-06-03 08:39:00,2025-06-03 08:10:48,2025-06-03 10:36:48,16.6,18.5,13.9,15.4,-1.8,0,0.176,13,175.5
RT-0015,3,STP-00120,39.28621,37.311006,18.89,urban,2025-06-03 09:18:06,2025-06-03 09:16:06,2025-06-03 09:02:06,2025-06-03 09:59:06,11.2,10.5,20.7,21.6,-2.0,0,0.141,11,91.3
RT-0015,4,STP-00121,39.218777,37.392949,12.45,urban,2025-06-03 09:45:12,2025-06-03 09:41:36,2025-06-03 09:16:12,2025-06-03 11:32:12,14.7,19.3,15.9,14.9,-3.6,0,0.35,4,112.9
RT-0015,5,STP-00122,39.646658,36.849708,7.52,urban,2025-06-03 10:06:24,2025-06-03 10:04:24,2025-06-03 09:49:24,2025-06-03 11:39:24,10.9,11.9,6.5,5.4,-2.0,0,0.355,11,15.6
RT-0015,6,STP-00123,39.868117,37.339257,3.27,urban,2025-06-03 10:18:24,2025-06-03 10:21:48,2025-06-03 09:57:24,2025-06-03 11:57:24,10.8,7.7,1.1,-0.3,3.4,0,0.007,14,115.8
RT-0015,7,STP-00124,39.496503,37.081594,4.49,urban,2025-06-03 10:34:30,2025-06-03 10:37:00,2025-06-03 10:15:30,2025-06-03 12:24:30,5.9,2.6,5.3,4.5,2.5,0,0.256,13,82.6
RT-0015,8,STP-00125,39.734257,37.254888,14.83,urban,2025-06-03 10:59:24,2025-06-03 11:02:54,2025-06-03 10:45:24,2025-06-03 12:37:24,6.2,8.6,19.0,17.8,3.5,0,0.257,15,44.6
RT-0015,9,STP-00126,39.416503,37.319185,9.82,urban,2025-06-03 11:05:54,2025-06-03 11:13:30,2025-06-03 10:42:54,2025-06-03 11:49:54,8.6,9.4,0.3,-2.3,7.6,0,0.296,4,21.8
RT-0015,10,STP-00127,39.811422,37.313055,5.63,urban,2025-06-03 11:19:12,2025-06-03 11:16:54,2025-06-03 11:01:12,2025-06-03 12:10:12,7.5,9.9,4.7,2.4,-2.3,0,0.047,6,107.0
RT-0016,1,STP-00128,39.801552,36.916817,10.37,highway,2025-06-04 10:06:54,2025-06-04 10:09:30,2025-06-04 09:41:54,2025-06-04 11:34:54,8.9,8.9,6.9,10.2,2.6,0,0.063,10,127.4
RT-0016,2,STP-00129,39.468086,36.905059,20.01,highway,2025-06-04 10:45:42,2025-06-04 10:41:54,2025-06-04 10:34:42,2025-06-04 11:16:42,6.7,9.0,29.9,47.3,-3.8,0,0.372,12,104.2
RT-0016,3,STP-00130,39.778198,37.200075,21.86,highway,2025-06-04 11:08:12,2025-06-04 11:05:24,2025-06-04 10:51:12,2025-06-04 12:31:12,16.1,15.2,15.8,26.5,-2.8,0,0.048,7,48.8
RT-0016,4,STP-00131,39.417488,36.86047,17.81,highway,2025-06-04 11:49:00,2025-06-04 11:50:54,2025-06-04 11:37:00,2025-06-04 13:18:00,12.7,10.1,24.7,41.3,1.9,0,0.183,1,191.0
RT-0016,5,STP-00132,39.712724,37.182591,11.12,highway,2025-06-04 12:12:48,2025-06-04 12:22:36,2025-06-04 11:44:48,2025-06-04 13:45:48,16.1,16.1,11.1,21.0,9.8,0,0.318,4,95.5
RT-0016,6,STP-00133,39.794304,37.309051,6.31,highway,2025-06-04 12:37:30,2025-06-04 12:41:18,2025-06-04 12:27:30,2025-06-04 13:49:30,13.1,13.1,8.6,16.5,3.8,0,0.042,11,168.7
RT-0016,7,STP-00134,39.563831,37.290593,14.66,highway,2025-06-04 13:08:36,2025-06-04 13:19:48,2025-06-04 12:56:36,2025-06-04 13:43:36,5.9,3.9,18.0,32.2,11.2,0,0.149,3,143.8
RT-0017,1,STP-00135,39.382694,37.020506,15.78,highway,2025-06-04 07:11:48,2025-06-04 07:11:36,2025-06-04 06:48:48,2025-06-04 09:05:48,10.9,10.6,11.8,19.8,-0.2,0,0.32,10,115.7
RT-0017,2,STP-00136,39.514697,37.019823,18.42,highway,2025-06-04 07:44:24,2025-06-04 07:40:00,2025-06-04 07:30:24,2025-06-04 09:28:24,9.1,9.7,21.7,34.6,-4.4,0,0.048,2,189.0
RT-0017,3,STP-00137,39.622312,36.950515,10.88,highway,2025-06-04 08:07:18,2025-06-04 08:02:18,2025-06-04 07:52:18,2025-06-04 10:04:18,12.0,14.9,13.8,20.5,-5.0,0,0.343,14,28.4
RT-0017,4,STP-00138,39.516541,37.323655,6.26,highway,2025-06-04 08:23:36,2025-06-04 08:18:36,2025-06-04 08:05:36,2025-06-04 09:15:36,10.9,11.3,4.3,8.7,-5.0,0,0.1,1,137.1
RT-0017,5,STP-00139,39.6804,37.456302,13.16,highway,2025-06-04 08:51:12,2025-06-04 08:48:36,2025-06-04 08:34:12,2025-06-04 09:37:12,5.2,7.1,16.7,26.7,-2.6,0,0.034,14,157.3
RT-0017,6,STP-00140,39.766221,36.885769,15.89,highway,2025-06-04 09:17:12,2025-06-04 09:16:12,2025-06-04 08:53:12,2025-06-04 10:03:12,20.0,22.1,20.8,35.7,-1.0,0,0.377,4,181.0
RT-0017,7,STP-00141,39.392487,37.112208,4.11,highway,2025-06-04 09:46:54,2025-06-04 09:44:30,2025-06-04 09:23:54,2025-06-04 10:38:54,15.9,19.4,9.7,12.5,-2.4,0,0.059,8,10.7
RT-0018,1,STP-00142,39.56807,37.241528,17.24,urban,2025-06-04 09:10:18,2025-06-04 09:10:24,2025-06-04 08:56:18,2025-06-04 10:33:18,12.2,16.1,10.3,17.4,0.1,0,0.321,2,59.6
RT-0018,2,STP-00143,39.325871,37.023214,20.49,urban,2025-06-04 09:55:48,2025-06-04 09:55:12,2025-06-04 09:34:48,2025-06-04 11:37:48,10.4,10.4,33.3,50.0,-0.6,0,0.088,9,157.4
RT-0018,3,STP-00144,39.659805,36.986569,22.71,urban,2025-06-04 10:33:48,2025-06-04 10:32:06,2025-06-04 10:05:48,2025-06-04 11:32:48,19.9,19.8,27.6,44.0,-1.7,0,0.327,9,74.7
RT-0018,4,STP-00145,39.321598,36.965586,23.18,urban,2025-06-04 11:37:18,2025-06-04 11:43:06,2025-06-04 11:15:18,2025-06-04 12:52:18,8.3,5.9,43.6,73.7,5.8,0,0.127,14,196.6
RT-0018,5,STP-00146,39.891604,37.417138,19.24,urban,2025-06-04 12:04:30,2025-06-04 12:11:30,2025-06-04 11:36:30,2025-06-04 12:52:30,15.6,15.1,18.9,28.3,7.0,0,0.197,6,189.8
RT-0018,6,STP-00147,39.764512,37.038531,9.8,urban,2025-06-04 12:29:42,2025-06-04 12:33:42,2025-06-04 12:04:42,2025-06-04 12:59:42,8.5,10.9,9.6,13.6,4.0,0,0.071,4,8.9
RT-0018,7,STP-00148,39.461514,37.459346,20.65,urban,2025-06-04 13:04:12,2025-06-04 13:08:00,2025-06-04 12:51:12,2025-06-04 14:41:12,7.2,3.3,26.0,43.8,3.8,0,0.158,12,183.9
RT-0018,8,STP-00149,39.593384,37.42272,5.22,urban,2025-06-04 13:16:48,2025-06-04 13:25:36,2025-06-04 12:51:48,2025-06-04 15:09:48,7.4,10.3,5.4,7.1,8.8,0,0.245,7,159.4
RT-0018,9,STP-00150,39.864089,37.074121,10.85,urban,2025-06-04 13:32:36,2025-06-04 13:33:30,2025-06-04 13:18:36,2025-06-04 14:24:36,10.7,5.9,8.4,12.5,0.9,0,0.398,12,139.3
RT-0019,1,STP-00151,39.442767,37.023663,7.01,highway,2025-06-04 09:04:36,2025-06-04 09:12:54,2025-06-04 08:39:36,2025-06-04 09:52:36,14.2,14.9,4.6,4.2,8.3,0,0.254,11,115.3
RT-0019,2,STP-00152,39.379661,36.875624,24.19,highway,2025-06-04 09:51:06,2025-06-04 09:46:54,2025-06-04 09:33:06,2025-06-04 10:47:06,15.9,16.6,32.3,32.3,-4.2,0,0.001,6,92.1
RT-0019,3,STP-00153,39.752111,37.204639,11.49,highway,2025-06-04 10:19:18,2025-06-04 10:14:18,2025-06-04 09:58:18,2025-06-04 11:58:18,18.3,21.0,12.3,9.6,-5.0,0,0.303,8,176.9
RT-0019,4,STP-00154,39.312633,36.852502,7.96,highway,2025-06-04 10:38:36,2025-06-04 10:43:48,2025-06-04 10:25:36,2025-06-04 11:17:36,5.5,9.0,1.0,-1.3,5.2,0,0.377,1,67.1
RT-0019,5,STP-00155,39.237489,37.031766,24.52,highway,2025-06-04 11:05:54,2025-06-04 11:22:18,2025-06-04 10:35:54,2025-06-04 11:56:54,18.4,17.1,21.8,20.1,16.4,0,0.39,12,11.0
RT-0019,6,STP-00156,39.787898,36.907513,12.0,highway,2025-06-04 11:28:00,2025-06-04 11:33:12,2025-06-04 11:11:00,2025-06-04 12:10:00,13.1,13.9,3.7,6.2,5.2,0,0.144,11,59.9
RT-0019,7,STP-00157,39.531499,36.880856,12.41,highway,2025-06-04 11:54:00,2025-06-04 12:11:36,2025-06-04 11:38:00,2025-06-04 12:45:00,14.0,9.8,12.9,9.3,17.6,0,0.314,4,23.9
RT-0019,8,STP-00158,39.507818,36.984381,13.36,highway,2025-06-04 12:27:06,2025-06-04 12:40:30,2025-06-04 12:05:06,2025-06-04 13:44:06,14.6,15.2,19.1,19.3,13.4,0,0.335,7,41.1
RT-0019,9,STP-00159,39.587521,37.388558,15.41,highway,2025-06-04 13:04:42,2025-06-04 13:30:48,2025-06-04 12:37:42,2025-06-04 14:26:42,6.5,6.0,23.0,25.6,26.1,0,0.327,11,72.0
RT-0019,10,STP-00160,39.22431,37.199854,12.21,highway,2025-06-04 13:16:06,2025-06-04 13:41:30,2025-06-04 12:57:06,2025-06-04 13:56:06,12.1,14.5,4.9,1.8,25.4,0,0.207,15,51.0
RT-0019,11,STP-00161,39.496362,37.491796,15.57,highway,2025-06-04 13:49:42,2025-06-04 14:24:42,2025-06-04 13:34:42,2025-06-04 14:46:42,19.2,18.2,21.5,21.9,35.0,0,0.174,8,38.7
RT-0020,1,STP-00162,39.563782,37.442013,21.35,urban,2025-06-04 07:25:06,2025-06-04 07:36:06,2025-06-04 06:58:06,2025-06-04 08:45:06,18.7,17.4,25.1,23.9,11.0,0,0.005,2,22.0
RT-0020,2,STP-00163,39.84745,37.193879,18.41,urban,2025-06-04 07:58:30,2025-06-04 07:57:12,2025-06-04 07:30:30,2025-06-04 09:42:30,6.7,2.0,14.7,16.4,-1.3,0,0.04,3,33.9
RT-0020,3,STP-00164,39.482082,37.232771,9.29,urban,2025-06-04 08:11:54,2025-06-04 08:14:12,2025-06-04 07:43:54,2025-06-04 09:58:54,11.2,11.4,6.7,6.2,2.3,0,0.272,7,132.7
RT-0020,4,STP-00165,39.412138,36.996243,11.84,urban,2025-06-04 08:29:12,2025-06-04 08:39:24,2025-06-04 08:11:12,2025-06-04 09:46:12,15.4,15.9,6.1,10.4,10.2,0,0.197,1,150.4
RT-0020,5,STP-00166,39.262501,37.109202,18.32,urban,2025-06-04 09:14:48,2025-06-04 09:27:42,2025-06-04 08:54:48,2025-06-04 10:18:48,7.0,4.3,30.2,32.9,12.9,0,0.365,12,91.4
RT-0020,6,STP-00167,39.294955,37.395907,11.96,urban,2025-06-04 09:30:12,2025-06-04 09:41:42,2025-06-04 09:15:12,2025-06-04 10:08:12,10.6,12.8,8.4,8.3,11.5,0,0.352,1,105.5
RT-0020,7,STP-00168,39.776454,37.153588,3.64,urban,2025-06-04 09:48:30,2025-06-04 10:11:42,2025-06-04 09:37:30,2025-06-04 11:04:30,17.6,16.1,7.7,8.0,23.2,0,0.254,4,11.4
RT-0020,8,STP-00169,39.786358,36.981062,5.73,urban,2025-06-04 10:17:42,2025-06-04 10:40:00,2025-06-04 09:52:42,2025-06-04 12:02:42,13.9,13.3,11.6,11.0,22.3,0,0.332,3,192.3
RT-0020,9,STP-00170,39.656111,37.159297,4.99,urban,2025-06-04 10:39:12,2025-06-04 11:07:30,2025-06-04 10:22:12,2025-06-04 12:31:12,17.8,19.1,7.6,8.6,28.3,0,0.346,13,193.2
RT-0020,10,STP-00171,39.413822,37.476917,24.28,urban,2025-06-04 11:23:48,2025-06-04 11:55:06,2025-06-04 11:13:48,2025-06-04 12:21:48,7.0,10.6,26.8,29.4,31.3,0,0.257,3,122.2
RT-0020,11,STP-00172,39.55806,37.263649,12.32,urban,2025-06-04 11:42:18,2025-06-04 12:31:24,2025-06-04 11:16:18,2025-06-04 13:31:18,8.8,9.4,11.5,11.9,49.1,0,0.337,8,63.9
RT-0020,12,STP-00173,39.382803,37.297766,11.23,urban,2025-06-04 12:00:30,2025-06-04 12:55:42,2025-06-04 11:40:30,2025-06-04 13:05:30,9.5,6.4,9.4,7.8,55.2,0,0.357,2,98.9
RT-0021,1,STP-00174,39.704898,37.25878,7.14,rural,2025-06-05 09:04:54,2025-06-05 09:04:30,2025-06-05 08:35:54,2025-06-05 10:25:54,5.9,3.3,4.9,3.2,-0.4,0,0.399,14,161.5
RT-0021,2,STP-00175,39.574245,37.349428,8.71,rural,2025-06-05 09:16:54,2025-06-05 09:19:18,2025-06-05 09:00:54,2025-06-05 10:29:54,5.5,4.1,6.1,5.8,2.4,0,0.363,12,199.0
RT-0021,3,STP-00176,39.707631,37.191322,17.78,rural,2025-06-05 09:34:06,2025-06-05 09:34:24,2025-06-05 09:15:06,2025-06-05 10:16:06,17.6,18.2,11.7,8.4,0.3,0,0.365,15,113.9
RT-0021,4,STP-00177,39.382391,37.005836,23.83,rural,2025-06-05 10:26:12,2025-06-05 10:22:42,2025-06-05 10:07:12,2025-06-05 11:49:12,8.3,6.6,34.5,34.6,-3.5,0,0.34,4,150.1
RT-0022,1,STP-00178,39.408849,36.837843,4.18,mountain,2025-06-05 09:00:36,2025-06-05 08:55:42,2025-06-05 08:34:36,2025-06-05 09:45:36,14.3,12.8,0.6,1.9,-4.9,0,0.342,8,178.4
RT-0022,2,STP-00179,39.256568,37.032841,6.02,mountain,2025-06-05 09:23:42,2025-06-05 09:28:36,2025-06-05 09:09:42,2025-06-05 10:33:42,13.5,12.5,8.8,9.6,4.9,0,0.395,15,197.4
RT-0022,3,STP-00180,39.290584,37.103598,9.9,mountain,2025-06-05 09:54:12,2025-06-05 09:57:36,2025-06-05 09:39:12,2025-06-05 11:26:12,8.1,4.7,17.0,17.8,3.4,0,0.172,13,37.9
RT-0022,4,STP-00181,39.212541,36.802887,12.44,mountain,2025-06-05 10:16:42,2025-06-05 10:19:18,2025-06-05 10:06:42,2025-06-05 11:27:42,13.0,10.5,14.4,14.5,2.6,0,0.293,12,77.8
RT-0022,5,STP-00182,39.403579,37.309482,7.98,mountain,2025-06-05 10:42:24,2025-06-05 10:42:42,2025-06-05 10:27:24,2025-06-05 11:20:24,6.5,5.0,12.7,13.5,0.3,0,0.239,9,119.8
RT-0022,6,STP-00183,39.482374,36.959893,10.43,mountain,2025-06-05 11:13:54,2025-06-05 11:08:54,2025-06-05 10:57:54,2025-06-05 12:04:54,10.1,8.7,25.0,29.2,-5.0,0,0.291,15,100.6
RT-0022,7,STP-00184,39.574313,36.834011,5.89,mountain,2025-06-05 11:30:24,2025-06-05 11:27:06,2025-06-05 11:19:24,2025-06-05 12:48:24,7.5,6.4,6.4,7.5,-3.3,0,0.398,6,143.7
RT-0022,8,STP-00185,39.343846,37.280018,17.56,mountain,2025-06-05 11:58:24,2025-06-05 12:00:54,2025-06-05 11:45:24,2025-06-05 13:38:24,15.3,18.4,20.5,20.4,2.5,0,0.004,7,91.6
RT-0022,9,STP-00186,39.279809,36.874385,12.26,mountain,2025-06-05 12:33:18,2025-06-05 12:41:00,2025-06-05 12:20:18,2025-06-05 14:08:18,14.3,13.3,19.6,19.4,7.7,0,0.079,12,31.7
RT-0022,10,STP-00187,39.681743,37.136465,7.39,mountain,2025-06-05 12:56:00,2025-06-05 13:08:30,2025-06-05 12:41:00,2025-06-05 13:31:00,8.0,6.7,8.4,4.2,12.5,0,0.094,12,84.9
RT-0022,11,STP-00188,39.833346,37.251036,3.28,mountain,2025-06-05 13:10:00,2025-06-05 13:21:30,2025-06-05 12:58:00,2025-06-05 14:45:00,13.6,15.1,6.0,8.9,11.5,0,0.183,8,34.1
RT-0022,12,STP-00189,39.716978,36.866499,24.5,mountain,2025-06-05 13:52:54,2025-06-05 14:08:06,2025-06-05 13:33:54,2025-06-05 15:08:54,17.2,15.6,29.3,29.9,15.2,0,0.303,14,12.7
RT-0023,1,STP-00190,39.770475,36.928009,3.21,highway,2025-06-05 10:08:30,2025-06-05 10:14:00,2025-06-05 09:39:30,2025-06-05 11:12:30,9.9,9.3,8.5,9.1,5.5,0,0.16,15,90.4
RT-0023,2,STP-00191,39.887098,37.391045,24.17,highway,2025-06-05 10:46:42,2025-06-05 10:53:12,2025-06-05 10:31:42,2025-06-05 11:30:42,17.8,20.2,28.3,30.5,6.5,0,0.041,13,87.2
RT-0023,3,STP-00192,39.786976,37.481411,23.05,highway,2025-06-05 11:25:42,2025-06-05 11:30:00,2025-06-05 11:04:42,2025-06-05 13:13:42,11.6,12.1,21.2,24.2,4.3,0,0.052,10,79.1
RT-0023,4,STP-00193,39.720537,37.306641,23.25,highway,2025-06-05 12:09:06,2025-06-05 12:17:18,2025-06-05 11:59:06,2025-06-05 14:09:06,5.7,3.9,31.8,33.5,8.2,0,0.09,5,132.7
RT-0023,5,STP-00194,39.469414,37.387323,24.03,highway,2025-06-05 12:47:54,2025-06-05 12:50:54,2025-06-05 12:30:54,2025-06-05 14:18:54,15.3,17.8,33.1,31.4,3.0,0,0.223,10,23.6
RT-0023,6,STP-00195,39.368624,37.479102,24.73,highway,2025-06-05 13:39:36,2025-06-05 13:50:18,2025-06-05 13:14:36,2025-06-05 14:30:36,7.4,8.5,36.4,38.5,10.7,0,0.02,14,96.5
RT-0024,1,STP-00196,39.283095,37.148161,15.11,urban,2025-06-05 08:11:30,2025-06-05 08:17:54,2025-06-05 07:47:30,2025-06-05 08:52:30,6.2,4.5,11.5,12.9,6.4,0,0.261,8,161.2
RT-0024,2,STP-00197,39.344796,37.270032,5.26,urban,2025-06-05 08:18:36,2025-06-05 08:23:54,2025-06-05 07:49:36,2025-06-05 10:09:36,5.0,7.2,0.9,0.1,5.3,0,0.38,2,159.4
RT-0024,3,STP-00198,39.516773,36.868206,10.99,urban,2025-06-05 08:40:06,2025-06-05 08:44:48,2025-06-05 08:11:06,2025-06-05 10:10:06,11.8,9.9,16.5,16.1,4.7,0,0.264,9,154.6
RT-0024,4,STP-00199,39.775287,37.319758,3.05,urban,2025-06-05 08:51:12,2025-06-05 09:01:42,2025-06-05 08:38:12,2025-06-05 09:26:12,17.0,15.6,-0.7,1.2,10.5,0,0.164,9,106.8
RT-0024,5,STP-00200,39.848639,37.386226,8.59,urban,2025-06-05 09:19:24,2025-06-05 09:29:54,2025-06-05 09:03:24,2025-06-05 10:32:24,17.8,19.1,11.2,12.8,10.5,0,0.236,4,94.1
RT-0024,6,STP-00201,39.502967,37.209584,19.99,urban,2025-06-05 09:54:12,2025-06-05 10:07:42,2025-06-05 09:44:12,2025-06-05 11:31:12,19.3,16.8,17.0,16.8,13.5,0,0.37,3,193.0
RT-0025,1,STP-00202,39.626296,37.284761,18.22,urban,2025-06-05 10:26:06,2025-06-05 10:34:18,2025-06-05 10:06:06,2025-06-05 12:00:06,6.6,5.2,26.1,42.8,8.2,0,0.099,11,122.1
RT-0025,2,STP-00203,39.419738,37.315773,11.75,urban,2025-06-05 10:44:30,2025-06-05 10:50:24,2025-06-05 10:18:30,2025-06-05 11:52:30,17.1,15.0,11.8,20.0,5.9,0,0.221,3,85.5
RT-0025,3,STP-00204,39.425667,36.880784,7.78,urban,2025-06-05 11:12:54,2025-06-05 11:24:48,2025-06-05 10:42:54,2025-06-05 12:04:54,15.3,15.2,11.3,14.8,11.9,0,0.141,15,136.1
RT-0025,4,STP-00205,39.208939,36.874529,13.57,urban,2025-06-05 11:37:48,2025-06-05 11:42:24,2025-06-05 11:10:48,2025-06-05 12:43:48,11.3,9.8,9.6,16.7,4.6,0,0.152,12,179.3
RT-0025,5,STP-00206,39.727516,36.822614,4.17,urban,2025-06-05 11:57:48,2025-06-05 12:08:24,2025-06-05 11:43:48,2025-06-05 12:34:48,16.8,15.2,8.7,13.1,10.6,0,0.326,5,138.3
RT-0025,6,STP-00207,39.68729,37.285055,5.25,urban,2025-06-05 12:26:24,2025-06-05 12:32:42,2025-06-05 12:04:24,2025-06-05 13:26:24,18.0,17.8,11.8,15.1,6.3,0,0.019,12,131.2
RT-0025,7,STP-00208,39.809083,37.380988,11.39,urban,2025-06-05 12:50:24,2025-06-05 13:09:06,2025-06-05 12:32:24,2025-06-05 13:45:24,15.3,12.9,6.0,6.9,18.7,0,0.365,9,15.5
RT-0025,8,STP-00209,39.252128,37.473733,18.5,urban,2025-06-05 13:22:54,2025-06-05 13:36:00,2025-06-05 13:06:54,2025-06-05 14:29:54,13.2,15.0,17.2,21.7,13.1,0,0.294,10,43.3
RT-0026,1,STP-00210,39.227958,37.45004,11.3,highway,2025-06-06 09:07:48,2025-06-06 09:10:36,2025-06-06 08:57:48,2025-06-06 10:19:48,7.0,8.0,7.8,4.3,2.8,0,0.239,10,170.0
RT-0026,2,STP-00211,39.353973,36.928708,20.02,highway,2025-06-06 09:32:00,2025-06-06 09:27:00,2025-06-06 09:11:00,2025-06-06 10:11:00,9.5,7.8,17.2,20.0,-5.0,0,0.027,13,116.7
RT-0026,3,STP-00212,39.726859,37.171349,14.11,highway,2025-06-06 09:53:06,2025-06-06 09:57:06,2025-06-06 09:33:06,2025-06-06 11:05:06,6.4,7.5,11.6,12.3,4.0,0,0.399,4,177.3
RT-0026,4,STP-00213,39.227914,37.419962,21.12,highway,2025-06-06 10:25:30,2025-06-06 10:27:30,2025-06-06 09:55:30,2025-06-06 12:13:30,15.0,14.3,26.0,30.9,2.0,0,0.153,8,51.9
RT-0026,5,STP-00214,39.230696,37.428797,20.52,highway,2025-06-06 11:08:00,2025-06-06 11:13:12,2025-06-06 10:47:00,2025-06-06 12:43:00,15.9,13.8,27.5,32.1,5.2,0,0.077,1,182.7
RT-0027,1,STP-00215,39.679784,37.384966,23.86,highway,2025-06-06 08:34:48,2025-06-06 08:45:42,2025-06-06 08:18:48,2025-06-06 10:29:48,13.1,12.1,34.8,33.8,10.9,0,0.082,1,127.3
RT-0027,2,STP-00216,39.261265,36.837988,21.23,highway,2025-06-06 09:19:18,2025-06-06 09:16:54,2025-06-06 09:05:18,2025-06-06 09:52:18,11.5,12.0,31.4,29.7,-2.4,0,0.318,14,188.3
RT-0027,3,STP-00217,39.282814,36.804129,15.28,highway,2025-06-06 09:45:54,2025-06-06 09:47:30,2025-06-06 09:23:54,2025-06-06 11:10:54,8.9,10.7,15.1,14.3,1.6,0,0.288,7,93.0
RT-0027,4,STP-00218,39.260554,37.335692,4.39,highway,2025-06-06 10:00:00,2025-06-06 10:02:12,2025-06-06 09:47:00,2025-06-06 11:07:00,17.7,16.1,5.2,5.6,2.2,0,0.175,6,186.0
RT-0027,5,STP-00219,39.674102,37.439918,11.69,highway,2025-06-06 10:28:42,2025-06-06 10:28:18,2025-06-06 10:01:42,2025-06-06 11:35:42,13.0,12.7,11.0,12.1,-0.4,0,0.318,3,150.6
RT-0027,6,STP-00220,39.583268,36.859589,19.05,highway,2025-06-06 10:56:00,2025-06-06 11:09:06,2025-06-06 10:45:00,2025-06-06 11:26:00,13.3,12.4,14.3,12.5,13.1,0,0.084,9,32.6
RT-0027,7,STP-00221,39.336028,36.926951,19.31,highway,2025-06-06 11:32:00,2025-06-06 11:36:54,2025-06-06 11:17:00,2025-06-06 12:25:00,18.6,22.3,22.7,23.4,4.9,0,0.32,14,104.9
RT-0027,8,STP-00222,39.338192,37.206417,21.75,highway,2025-06-06 12:23:36,2025-06-06 12:24:06,2025-06-06 12:11:36,2025-06-06 13:30:36,19.9,18.6,33.0,32.3,0.5,0,0.381,8,130.7
RT-0027,9,STP-00223,39.413973,37.208919,10.86,highway,2025-06-06 12:54:48,2025-06-06 13:01:30,2025-06-06 12:34:48,2025-06-06 14:26:48,9.3,10.1,11.3,8.7,6.7,0,0.226,2,180.5
RT-0027,10,STP-00224,39.675706,37.032094,11.02,highway,2025-06-06 13:15:12,2025-06-06 13:32:00,2025-06-06 12:45:12,2025-06-06 14:40:12,5.1,7.0,11.1,10.8,16.8,0,0.192,4,158.2
RT-0028,1,STP-00225,39.713481,37.238633,10.89,mountain,2025-06-06 08:10:54,2025-06-06 08:16:54,2025-06-06 07:52:54,2025-06-06 08:57:54,7.6,6.8,10.9,17.7,6.0,0,0.291,10,21.0
RT-0028,2,STP-00226,39.580429,37.49911,22.63,mountain,2025-06-06 08:49:48,2025-06-06 08:45:54,2025-06-06 08:21:48,2025-06-06 09:46:48,17.2,15.8,31.3,50.0,-3.9,0,0.189,10,84.0
RT-0028,3,STP-00227,39.454706,36.807414,20.05,mountain,2025-06-06 09:28:42,2025-06-06 09:33:12,2025-06-06 09:14:42,2025-06-06 10:57:42,16.6,16.6,21.7,32.3,4.5,0,0.096,12,172.1
RT-0028,4,STP-00228,39.877415,37.315144,24.21,mountain,2025-06-06 10:21:54,2025-06-06 10:24:12,2025-06-06 10:06:54,2025-06-06 12:03:54,16.4,15.5,36.6,58.8,2.3,0,0.193,3,92.0
RT-0028,5,STP-00229,39.528772,37.11825,10.89,mountain,2025-06-06 10:52:30,2025-06-06 11:02:00,2025-06-06 10:36:30,2025-06-06 12:28:30,5.9,4.9,14.2,23.3,9.5,0,0.019,6,50.6
RT-0028,6,STP-00230,39.657573,37.055708,24.57,mountain,2025-06-06 11:24:24,2025-06-06 11:38:06,2025-06-06 11:06:24,2025-06-06 13:08:24,12.8,12.5,26.0,38.6,13.7,0,0.261,14,58.3
RT-0028,7,STP-00231,39.204618,37.417424,21.38,mountain,2025-06-06 11:58:00,2025-06-06 12:08:18,2025-06-06 11:37:00,2025-06-06 13:30:00,18.6,14.6,20.8,32.9,10.3,0,0.176,9,84.1
RT-0028,8,STP-00232,39.704179,37.137062,8.06,mountain,2025-06-06 12:22:12,2025-06-06 12:35:42,2025-06-06 12:09:12,2025-06-06 14:16:12,7.3,10.9,5.6,9.0,13.5,0,0.192,3,75.6
RT-0028,9,STP-00233,39.823558,36.902806,7.64,mountain,2025-06-06 12:43:42,2025-06-06 13:09:42,2025-06-06 12:15:42,2025-06-06 13:33:42,5.3,7.1,14.2,23.3,26.0,0,0.067,1,29.9
RT-0028,10,STP-00234,39.529989,37.137168,23.29,mountain,2025-06-06 13:11:54,2025-06-06 13:37:06,2025-06-06 12:52:54,2025-06-06 13:51:54,19.5,22.2,22.9,35.6,25.2,0,0.088,11,8.6
RT-0029,1,STP-00235,39.613417,36.96087,16.22,mountain,2025-06-06 10:22:00,2025-06-06 10:17:00,2025-06-06 10:07:00,2025-06-06 12:19:00,7.7,9.5,22.0,20.8,-5.0,0,0.154,11,104.6
RT-0029,2,STP-00236,39.61987,37.414427,5.39,mountain,2025-06-06 10:39:06,2025-06-06 10:48:36,2025-06-06 10:10:06,2025-06-06 11:21:06,12.6,16.5,9.4,11.3,9.5,0,0.213,7,166.2
RT-0029,3,STP-00237,39.230407,37.170872,19.55,mountain,2025-06-06 11:21:18,2025-06-06 11:28:12,2025-06-06 10:51:18,2025-06-06 12:46:18,18.5,18.2,29.6,27.7,6.9,0,0.092,9,166.4
RT-0029,4,STP-00238,39.736101,37.43706,20.65,mountain,2025-06-06 12:05:48,2025-06-06 12:06:00,2025-06-06 11:37:48,2025-06-06 12:47:48,13.8,14.5,26.0,24.6,0.2,0,0.034,12,182.0
RT-0029,5,STP-00239,39.658182,37.281437,16.16,mountain,2025-06-06 12:35:18,2025-06-06 12:39:12,2025-06-06 12:07:18,2025-06-06 14:11:18,5.1,5.3,15.7,15.9,3.9,0,0.126,12,158.9
RT-0029,6,STP-00240,39.478218,36.942586,10.97,mountain,2025-06-06 12:57:42,2025-06-06 13:09:48,2025-06-06 12:29:42,2025-06-06 14:13:42,8.8,4.8,17.3,12.6,12.1,0,0.221,14,109.5
RT-0029,7,STP-00241,39.72347,37.112616,15.27,mountain,2025-06-06 13:27:36,2025-06-06 13:43:06,2025-06-06 13:05:36,2025-06-06 14:14:36,12.3,10.0,21.1,22.9,15.5,0,0.28,5,117.6
RT-0030,1,STP-00242,39.763059,37.376279,5.21,urban,2025-06-06 07:57:30,2025-06-06 07:57:00,2025-06-06 07:46:30,2025-06-06 08:47:30,17.0,18.8,-2.5,-4.5,-0.5,0,0.189,10,140.9
RT-0030,2,STP-00243,39.698124,37.218231,16.21,urban,2025-06-06 08:37:18,2025-06-06 08:39:24,2025-06-06 08:15:18,2025-06-06 09:58:18,10.6,9.0,22.8,19.4,2.1,0,0.378,10,12.4
RT-0030,3,STP-00244,39.557383,37.288915,21.05,urban,2025-06-06 09:09:42,2025-06-06 09:06:12,2025-06-06 08:43:42,2025-06-06 10:15:42,8.0,11.3,21.8,21.5,-3.5,0,0.246,11,186.5
RT-0030,4,STP-00245,39.340217,36.810757,17.83,urban,2025-06-06 09:34:30,2025-06-06 09:40:48,2025-06-06 09:12:30,2025-06-06 10:49:30,19.6,17.8,16.8,14.6,6.3,0,0.281,2,199.4
RT-0030,5,STP-00246,39.8508,37.202435,23.22,urban,2025-06-06 10:14:18,2025-06-06 10:14:24,2025-06-06 09:56:18,2025-06-06 11:12:18,13.4,12.6,20.2,17.8,0.1,0,0.104,10,72.9
RT-0030,6,STP-00247,39.685934,37.476239,11.96,urban,2025-06-06 10:43:36,2025-06-06 10:47:24,2025-06-06 10:25:36,2025-06-06 12:21:36,9.4,7.0,15.9,15.8,3.8,0,0.225,2,161.6
RT-0030,7,STP-00248,39.643563,37.495939,19.94,urban,2025-06-06 11:17:30,2025-06-06 11:12:30,2025-06-06 11:07:30,2025-06-06 12:48:30,11.9,12.4,24.5,23.3,-5.0,0,0.271,8,179.8
RT-0031,1,STP-00249,39.774752,36.85322,20.6,urban,2025-06-07 07:20:42,2025-06-07 07:23:06,2025-06-07 07:03:42,2025-06-07 08:26:42,13.0,14.7,20.7,23.2,2.4,0,0.373,12,167.3
RT-0031,2,STP-00250,39.36944,36.985784,13.48,urban,2025-06-07 07:43:30,2025-06-07 07:52:42,2025-06-07 07:27:30,2025-06-07 09:16:30,9.0,7.5,9.8,9.7,9.2,0,0.092,12,138.2
RT-0031,3,STP-00251,39.870595,37.393607,21.37,urban,2025-06-07 08:20:36,2025-06-07 08:20:06,2025-06-07 07:55:36,2025-06-07 10:08:36,16.7,16.9,28.1,32.0,-0.5,0,0.148,2,184.4
RT-0031,4,STP-00252,39.289772,37.168015,9.94,urban,2025-06-07 08:57:30,2025-06-07 08:54:48,2025-06-07 08:31:30,2025-06-07 10:02:30,13.6,15.6,20.2,17.5,-2.7,0,0.169,5,100.7
RT-0031,5,STP-00253,39.205893,37.271872,23.67,urban,2025-06-07 09:44:00,2025-06-07 09:48:24,2025-06-07 09:31:00,2025-06-07 11:43:00,17.9,17.7,32.9,31.2,4.4,0,0.152,13,39.1
RT-0032,1,STP-00254,39.347373,37.290499,10.16,highway,2025-06-07 09:09:12,2025-06-07 09:06:42,2025-06-07 08:40:12,2025-06-07 10:22:12,13.2,15.0,9.2,7.6,-2.5,0,0.149,4,57.5
RT-0032,2,STP-00255,39.799416,36.937244,21.8,highway,2025-06-07 09:48:00,2025-06-07 09:51:06,2025-06-07 09:35:00,2025-06-07 10:52:00,7.0,4.6,25.6,26.4,3.1,0,0.32,10,138.8
RT-0032,3,STP-00256,39.540634,36.975682,19.25,highway,2025-06-07 10:17:24,2025-06-07 10:18:24,2025-06-07 09:47:24,2025-06-07 11:53:24,11.3,10.9,22.4,20.7,1.0,0,0.343,3,199.1
RT-0032,4,STP-00257,39.452673,37.192245,4.05,highway,2025-06-07 10:36:00,2025-06-07 10:39:00,2025-06-07 10:06:00,2025-06-07 11:18:00,8.2,8.8,7.3,5.6,3.0,0,0.373,5,97.9
RT-0032,5,STP-00258,39.746216,37.048576,8.67,highway,2025-06-07 10:57:06,2025-06-07 10:59:30,2025-06-07 10:29:06,2025-06-07 12:50:06,18.0,17.0,12.9,12.2,2.4,0,0.269,10,43.8
RT-0032,6,STP-00259,39.495272,37.228617,13.72,highway,2025-06-07 11:30:42,2025-06-07 11:25:42,2025-06-07 11:16:42,2025-06-07 12:21:42,10.7,7.1,15.6,12.7,-5.0,0,0.162,5,95.4
RT-0032,7,STP-00260,39.511429,37.403965,22.96,highway,2025-06-07 12:13:00,2025-06-07 12:18:00,2025-06-07 11:55:00,2025-06-07 14:00:00,9.7,8.4,31.6,30.6,5.0,0,0.145,11,61.8
RT-0032,8,STP-00261,39.724818,36.9474,15.91,highway,2025-06-07 12:46:48,2025-06-07 12:50:00,2025-06-07 12:29:48,2025-06-07 14:40:48,7.8,11.1,24.1,24.1,3.2,0,0.159,1,29.4
RT-0032,9,STP-00262,39.658383,37.41983,5.1,highway,2025-06-07 13:05:54,2025-06-07 13:09:00,2025-06-07 12:53:54,2025-06-07 13:48:54,5.8,7.0,11.3,11.2,3.1,0,0.124,13,82.4
RT-0032,10,STP-00263,39.804969,37.127035,8.44,highway,2025-06-07 13:20:18,2025-06-07 13:33:24,2025-06-07 13:09:18,2025-06-07 15:14:18,7.0,10.5,8.6,5.8,13.1,0,0.348,14,38.3
RT-0032,11,STP-00264,39.594789,37.166422,23.57,highway,2025-06-07 13:53:00,2025-06-07 14:02:24,2025-06-07 13:24:00,2025-06-07 15:21:00,19.2,17.1,25.7,23.8,9.4,0,0.256,9,39.5
RT-0033,1,STP-00265,39.770766,37.393563,23.0,rural,2025-06-07 10:24:00,2025-06-07 10:24:24,2025-06-07 10:06:00,2025-06-07 11:13:00,6.3,6.3,24.0,22.8,0.4,0,0.138,5,76.3
RT-0033,2,STP-00266,39.583749,36.932,13.32,rural,2025-06-07 10:57:36,2025-06-07 10:58:18,2025-06-07 10:34:36,2025-06-07 12:04:36,19.2,17.2,27.3,23.0,0.7,0,0.353,8,63.4
RT-0033,3,STP-00267,39.735177,37.436968,12.62,rural,2025-06-07 11:31:54,2025-06-07 11:40:12,2025-06-07 11:13:54,2025-06-07 12:11:54,14.7,15.4,15.1,13.0,8.3,0,0.323,14,78.8
RT-0033,4,STP-00268,39.51874,37.116937,18.06,rural,2025-06-07 12:06:30,2025-06-07 12:17:24,2025-06-07 11:54:30,2025-06-07 12:59:30,17.1,17.8,19.9,19.5,10.9,0,0.28,7,41.7
RT-0033,5,STP-00269,39.708975,36.962967,13.82,rural,2025-06-07 12:39:00,2025-06-07 12:47:42,2025-06-07 12:26:00,2025-06-07 13:45:00,19.5,22.6,15.4,14.2,8.7,0,0.06,1,41.3
RT-0033,6,STP-00270,39.302261,36.986553,13.86,rural,2025-06-07 13:12:48,2025-06-07 13:25:06,2025-06-07 13:01:48,2025-06-07 14:24:48,17.0,18.6,14.3,16.5,12.3,0,0.157,6,95.4
RT-0033,7,STP-00271,39.373014,37.496175,14.95,rural,2025-06-07 13:52:12,2025-06-07 14:14:18,2025-06-07 13:39:12,2025-06-07 14:53:12,8.8,12.4,22.4,17.2,22.1,0,0.08,7,166.5
RT-0034,1,STP-00272,39.584706,36.885499,14.47,highway,2025-06-07 10:23:00,2025-06-07 10:22:24,2025-06-07 10:08:00,2025-06-07 12:13:00,15.2,11.9,23.0,22.5,-0.6,0,0.192,5,187.6
RT-0034,2,STP-00273,39.609288,37.077066,9.57,highway,2025-06-07 10:48:36,2025-06-07 10:49:54,2025-06-07 10:25:36,2025-06-07 11:59:36,15.0,15.3,10.4,13.9,1.3,0,0.097,2,51.0
RT-0034,3,STP-00274,39.633051,37.451594,24.31,highway,2025-06-07 11:26:06,2025-06-07 11:22:48,2025-06-07 11:14:06,2025-06-07 12:27:06,15.3,16.0,22.5,23.0,-3.3,0,0.399,3,77.4
RT-0034,4,STP-00275,39.651252,37.043122,16.75,highway,2025-06-07 12:08:12,2025-06-07 12:11:12,2025-06-07 11:43:12,2025-06-07 13:07:12,15.5,17.8,26.8,25.8,3.0,0,0.357,13,25.9
RT-0034,5,STP-00276,39.687926,36.932843,19.13,highway,2025-06-07 12:51:30,2025-06-07 12:53:24,2025-06-07 12:26:30,2025-06-07 14:51:30,15.9,16.5,27.8,26.3,1.9,0,0.075,5,180.2
RT-0034,6,STP-00277,39.773593,37.179124,10.65,highway,2025-06-07 13:19:42,2025-06-07 13:17:36,2025-06-07 13:04:42,2025-06-07 13:57:42,17.5,17.1,12.3,10.2,-2.1,0,0.182,15,172.8
RT-0034,7,STP-00278,39.877014,37.373335,20.07,highway,2025-06-07 13:53:12,2025-06-07 13:54:48,2025-06-07 13:24:12,2025-06-07 14:53:12,18.2,18.9,16.0,15.7,1.6,0,0.076,10,172.1
RT-0034,8,STP-00279,39.784635,36.890842,18.03,highway,2025-06-07 14:33:18,2025-06-07 14:32:48,2025-06-07 14:20:18,2025-06-07 15:15:18,9.2,9.1,21.9,21.2,-0.5,0,0.349,7,130.0
RT-0034,9,STP-00280,39.23436,36.954506,7.45,highway,2025-06-07 14:49:12,2025-06-07 14:51:42,2025-06-07 14:24:12,2025-06-07 16:26:12,13.6,11.7,6.7,4.8,2.5,0,0.287,14,80.8
RT-0035,1,STP-00281,39.823301,37.375419,23.46,highway,2025-06-07 10:29:36,2025-06-07 10:35:12,2025-06-07 09:59:36,2025-06-07 11:06:36,18.3,20.8,29.6,27.5,5.6,0,0.318,2,96.3
RT-0035,2,STP-00282,39.572163,36.932622,4.28,highway,2025-06-07 10:48:30,2025-06-07 10:46:06,2025-06-07 10:32:30,2025-06-07 12:24:30,16.0,17.8,0.6,3.2,-2.4,0,0.21,14,64.3
RT-0035,3,STP-00283,39.66567,37.417977,8.47,highway,2025-06-07 11:12:24,2025-06-07 11:11:54,2025-06-07 10:42:24,2025-06-07 12:55:24,16.2,17.9,7.9,6.5,-0.5,0,0.067,7,150.5
RT-0035,4,STP-00284,39.791398,37.08864,6.97,highway,2025-06-07 11:33:18,2025-06-07 11:37:36,2025-06-07 11:12:18,2025-06-07 12:43:18,7.4,5.3,4.7,-1.8,4.3,0,0.253,10,91.4
RT-0035,5,STP-00285,39.477963,37.308419,21.18,highway,2025-06-07 12:04:30,2025-06-07 12:10:48,2025-06-07 11:46:30,2025-06-07 13:20:30,13.2,12.7,23.8,25.9,6.3,0,0.393,7,154.3
RT-0035,6,STP-00286,39.682803,36.99317,16.11,highway,2025-06-07 12:21:18,2025-06-07 12:24:24,2025-06-07 12:05:18,2025-06-07 13:31:18,9.5,10.0,3.6,7.3,3.1,0,0.221,5,197.0
RT-0035,7,STP-00287,39.379371,37.010212,15.24,highway,2025-06-07 12:51:42,2025-06-07 12:56:12,2025-06-07 12:33:42,2025-06-07 14:07:42,5.6,4.6,20.9,22.1,4.5,0,0.228,6,35.4
RT-0035,8,STP-00288,39.711553,37.203399,15.52,highway,2025-06-07 13:16:18,2025-06-07 13:25:24,2025-06-07 12:48:18,2025-06-07 13:58:18,9.9,8.9,19.0,17.6,9.1,0,0.031,8,38.7
RT-0035,9,STP-00289,39.850057,37.243721,4.23,highway,2025-06-07 13:31:54,2025-06-07 13:37:12,2025-06-07 13:18:54,2025-06-07 14:30:54,17.3,13.4,5.7,5.6,5.3,0,0.253,7,186.4
RT-0035,10,STP-00290,39.475018,37.111931,4.19,highway,2025-06-07 13:49:54,2025-06-07 14:00:42,2025-06-07 13:32:54,2025-06-07 14:38:54,13.5,14.5,0.7,3.8,10.8,0,0.238,6,103.0
RT-0035,11,STP-00291,39.383791,37.078969,14.1,highway,2025-06-07 14:21:00,2025-06-07 14:39:48,2025-06-07 13:56:00,2025-06-07 16:04:00,10.9,8.4,17.6,17.5,18.8,0,0.174,3,70.6
RT-0035,12,STP-00292,39.372372,36.850151,18.35,highway,2025-06-07 14:54:24,2025-06-07 15:09:00,2025-06-07 14:38:24,2025-06-07 16:35:24,8.0,5.8,22.5,20.1,14.6,0,0.311,7,132.2
RT-0036,1,STP-00293,39.413373,37.491356,18.06,rural,2025-06-08 07:19:30,2025-06-08 07:18:24,2025-06-08 06:59:30,2025-06-08 08:33:30,11.2,11.0,19.5,23.0,-1.1,0,0.246,6,72.9
RT-0036,2,STP-00294,39.27866,36.838177,24.78,rural,2025-06-08 07:57:48,2025-06-08 07:58:48,2025-06-08 07:36:48,2025-06-08 08:46:48,5.7,1.8,27.1,32.7,1.0,0,0.38,14,50.5
RT-0036,3,STP-00295,39.718009,36.948313,23.39,rural,2025-06-08 08:37:54,2025-06-08 08:32:54,2025-06-08 08:18:54,2025-06-08 10:04:54,5.2,5.5,34.4,39.5,-5.0,0,0.219,12,161.8
RT-0036,4,STP-00296,39.230437,36.919224,19.51,rural,2025-06-08 08:59:54,2025-06-08 08:58:06,2025-06-08 08:49:54,2025-06-08 10:17:54,19.9,18.4,16.8,17.6,-1.8,0,0.114,12,141.3
RT-0037,1,STP-00297,39.654588,36.961818,4.17,rural,2025-06-08 09:04:36,2025-06-08 09:04:06,2025-06-08 08:43:36,2025-06-08 09:47:36,10.8,11.3,4.6,9.9,-0.5,0,0.152,5,134.3
RT-0037,2,STP-00298,39.698728,36.827827,24.49,rural,2025-06-08 09:48:18,2025-06-08 09:50:48,2025-06-08 09:32:18,2025-06-08 11:22:18,18.0,17.5,32.9,44.6,2.5,0,0.369,9,22.2
RT-0037,3,STP-00299,39.550876,37.368325,9.71,rural,2025-06-08 10:09:42,2025-06-08 10:11:00,2025-06-08 09:39:42,2025-06-08 11:17:42,5.3,10.8,3.4,4.8,1.3,0,0.25,11,73.6
RT-0037,4,STP-00300,39.296082,37.310923,22.33,rural,2025-06-08 10:48:54,2025-06-08 10:44:12,2025-06-08 10:31:54,2025-06-08 11:37:54,5.4,7.1,33.9,42.3,-4.7,0,0.208,9,190.1
RT-0037,5,STP-00301,39.34473,36.897004,17.92,rural,2025-06-08 11:21:06,2025-06-08 11:16:48,2025-06-08 11:02:06,2025-06-08 13:08:06,11.3,13.5,26.8,33.1,-4.3,0,0.217,10,34.8
RT-0037,6,STP-00302,39.310634,36.84747,20.6,rural,2025-06-08 11:59:54,2025-06-08 11:57:48,2025-06-08 11:36:54,2025-06-08 12:47:54,15.6,13.5,27.5,33.8,-2.1,0,0.213,9,182.4
RT-0037,7,STP-00303,39.775189,37.245793,18.83,rural,2025-06-08 12:41:54,2025-06-08 12:51:48,2025-06-08 12:18:54,2025-06-08 14:03:54,7.2,10.3,26.4,32.7,9.9,0,0.295,1,154.3
RT-0037,8,STP-00304,39.361639,36.818259,6.34,rural,2025-06-08 12:57:42,2025-06-08 13:04:18,2025-06-08 12:28:42,2025-06-08 14:39:42,5.4,3.7,8.6,9.0,6.6,0,0.032,10,125.3
RT-0037,9,STP-00305,39.358391,37.086012,20.16,rural,2025-06-08 13:33:42,2025-06-08 13:47:00,2025-06-08 13:11:42,2025-06-08 15:05:42,12.0,12.2,30.6,38.0,13.3,0,0.388,11,77.9
RT-0037,10,STP-00306,39.80699,37.14296,23.36,rural,2025-06-08 14:17:06,2025-06-08 14:26:06,2025-06-08 14:05:06,2025-06-08 15:09:06,15.1,12.5,31.4,45.4,9.0,0,0.13,4,152.8
RT-0037,11,STP-00307,39.615664,37.167661,13.07,rural,2025-06-08 14:48:00,2025-06-08 15:05:54,2025-06-08 14:28:00,2025-06-08 16:08:00,5.6,3.5,15.8,17.7,17.9,0,0.35,12,165.7
RT-0038,1,STP-00308,39.641454,36.834507,14.45,highway,2025-06-08 08:08:24,2025-06-08 08:11:12,2025-06-08 07:46:24,2025-06-08 08:43:24,5.6,4.7,8.4,6.1,2.8,0,0.116,4,106.1
RT-0038,2,STP-00309,39.780925,37.116189,11.76,highway,2025-06-08 08:25:00,2025-06-08 08:34:42,2025-06-08 08:14:00,2025-06-08 10:23:00,11.9,11.8,11.0,9.9,9.7,0,0.289,7,62.4
RT-0038,3,STP-00310,39.827632,37.427056,5.49,highway,2025-06-08 08:45:36,2025-06-08 08:40:36,2025-06-08 08:25:36,2025-06-08 10:12:36,15.4,15.7,8.7,10.9,-5.0,0,0.353,3,81.6
RT-0038,4,STP-00311,39.45406,37.166672,4.98,highway,2025-06-08 09:03:42,2025-06-08 09:13:54,2025-06-08 08:50:42,2025-06-08 09:44:42,15.7,17.1,2.7,4.3,10.2,0,0.154,3,145.1
RT-0038,5,STP-00312,39.305063,37.408173,20.4,highway,2025-06-08 09:31:42,2025-06-08 09:37:36,2025-06-08 09:16:42,2025-06-08 10:43:42,10.7,9.5,12.3,9.6,5.9,0,0.072,7,13.6
RT-0038,6,STP-00313,39.202473,37.335777,18.67,highway,2025-06-08 10:01:00,2025-06-08 10:11:42,2025-06-08 09:46:00,2025-06-08 10:46:00,16.5,13.5,18.6,22.7,10.7,0,0.005,8,61.3
RT-0039,1,STP-00314,39.620071,36.971299,21.82,mountain,2025-06-08 07:25:42,2025-06-08 07:25:36,2025-06-08 07:00:42,2025-06-08 08:53:42,18.2,18.6,25.7,25.0,-0.1,0,0.219,4,47.3
RT-0039,2,STP-00315,39.604665,37.2223,16.63,mountain,2025-06-08 07:55:06,2025-06-08 07:51:48,2025-06-08 07:34:06,2025-06-08 08:29:06,5.7,6.1,11.2,11.5,-3.3,0,0.132,3,15.7
RT-0039,3,STP-00316,39.518736,37.205276,4.93,mountain,2025-06-08 08:19:06,2025-06-08 08:29:12,2025-06-08 07:50:06,2025-06-08 10:02:06,7.4,6.2,18.3,18.6,10.1,0,0.373,5,124.2
RT-0039,4,STP-00317,39.686234,36.992093,5.05,mountain,2025-06-08 08:31:06,2025-06-08 08:38:42,2025-06-08 08:04:06,2025-06-08 09:09:06,10.7,11.7,4.6,4.3,7.6,0,0.211,2,152.9
RT-0039,5,STP-00318,39.853724,37.490395,14.54,mountain,2025-06-08 08:57:00,2025-06-08 08:55:48,2025-06-08 08:31:00,2025-06-08 09:38:00,6.6,6.9,15.2,12.2,-1.2,0,0.115,12,196.0
RT-0039,6,STP-00319,39.548419,37.365586,16.39,mountain,2025-06-08 09:20:48,2025-06-08 09:31:42,2025-06-08 08:51:48,2025-06-08 11:02:48,19.9,20.0,17.2,14.0,10.9,0,0.353,6,185.8
RT-0039,7,STP-00320,39.489829,37.033655,8.12,mountain,2025-06-08 09:49:36,2025-06-08 10:01:24,2025-06-08 09:36:36,2025-06-08 10:45:36,6.8,-0.3,8.9,11.2,11.8,0,0.224,8,127.0
RT-0039,8,STP-00321,39.279686,37.033298,17.03,mountain,2025-06-08 10:20:12,2025-06-08 10:32:36,2025-06-08 10:01:12,2025-06-08 11:54:12,9.2,8.1,23.8,20.6,12.4,0,0.158,13,18.2
RT-0039,9,STP-00322,39.537047,37.23904,15.52,mountain,2025-06-08 10:57:12,2025-06-08 11:10:42,2025-06-08 10:32:12,2025-06-08 12:27:12,7.9,5.1,27.8,28.6,13.5,0,0.357,14,70.9
RT-0039,10,STP-00323,39.588624,36.813103,14.81,mountain,2025-06-08 11:18:24,2025-06-08 11:45:48,2025-06-08 10:52:24,2025-06-08 12:26:24,11.2,10.0,13.3,10.5,27.4,0,0.231,12,15.9
RT-0040,1,STP-00324,39.599687,37.072696,20.59,rural,2025-06-08 10:28:18,2025-06-08 10:25:18,2025-06-08 10:08:18,2025-06-08 11:46:18,19.5,16.8,28.3,35.5,-3.0,0,0.238,5,168.9
RT-0040,2,STP-00325,39.78062,37.01184,22.02,rural,2025-06-08 11:14:18,2025-06-08 11:09:18,2025-06-08 11:02:18,2025-06-08 12:47:18,9.7,8.4,26.5,37.2,-5.0,0,0.21,1,57.9
RT-0040,3,STP-00326,39.438081,37.13843,6.85,rural,2025-06-08 11:31:12,2025-06-08 11:32:12,2025-06-08 11:21:12,2025-06-08 13:02:12,8.0,7.3,7.2,10.7,1.0,0,0.35,2,91.5
RT-0040,4,STP-00327,39.699574,37.165641,9.83,rural,2025-06-08 11:47:00,2025-06-08 11:54:54,2025-06-08 11:33:00,2025-06-08 12:43:00,6.5,4.3,7.8,10.2,7.9,0,0.002,9,137.0
RT-0040,5,STP-00328,39.215736,37.330946,23.51,rural,2025-06-08 12:19:06,2025-06-08 12:15:36,2025-06-08 12:06:06,2025-06-08 13:55:06,6.3,3.0,25.6,34.9,-3.5,0,0.256,8,178.4
RT-0040,6,STP-00329,39.21068,37.236061,7.62,rural,2025-06-08 12:35:48,2025-06-08 12:42:24,2025-06-08 12:22:48,2025-06-08 13:39:48,13.0,14.3,10.4,15.0,6.6,0,0.206,13,91.0
RT-0040,7,STP-00330,39.82457,37.178404,7.54,rural,2025-06-08 12:55:18,2025-06-08 13:03:30,2025-06-08 12:27:18,2025-06-08 13:56:18,7.1,8.6,6.5,9.6,8.2,0,0.02,12,161.8
RT-0040,8,STP-00331,39.785322,37.289556,3.64,rural,2025-06-08 13:08:06,2025-06-08 13:14:18,2025-06-08 12:53:06,2025-06-08 15:08:06,10.8,9.3,5.7,5.5,6.2,0,0.247,2,88.2
RT-0040,9,STP-00332,39.843782,37.127793,9.87,rural,2025-06-08 13:34:00,2025-06-08 13:35:48,2025-06-08 13:10:00,2025-06-08 15:16:00,15.1,17.8,15.1,22.9,1.8,0,0.182,9,20.3
RT-0041,1,STP-00333,39.752145,37.417683,13.35,mountain,2025-06-09 09:18:42,2025-06-09 09:17:48,2025-06-09 08:56:42,2025-06-09 10:11:42,18.4,15.6,18.7,22.1,-0.9,0,0.181,5,183.0
RT-0041,2,STP-00334,39.48398,37.299991,3.67,mountain,2025-06-09 09:36:54,2025-06-09 09:37:36,2025-06-09 09:15:54,2025-06-09 11:23:54,11.9,10.8,-0.2,-2.4,0.7,0,0.043,3,60.0
RT-0041,3,STP-00335,39.468672,37.0385,15.24,mountain,2025-06-09 10:10:54,2025-06-09 10:12:54,2025-06-09 09:41:54,2025-06-09 11:11:54,11.9,10.3,22.1,22.0,2.0,0,0.326,10,85.6
RT-0041,4,STP-00336,39.698336,37.385724,16.0,mountain,2025-06-09 10:43:06,2025-06-09 10:38:42,2025-06-09 10:28:06,2025-06-09 12:37:06,16.8,13.9,20.3,23.4,-4.4,0,0.046,9,140.4
RT-0041,5,STP-00337,39.73994,37.065238,16.11,mountain,2025-06-09 11:18:12,2025-06-09 11:21:00,2025-06-09 11:06:12,2025-06-09 13:04:12,11.7,14.0,18.3,25.4,2.8,0,0.198,5,191.4
RT-0041,6,STP-00338,39.404052,37.230901,17.52,mountain,2025-06-09 11:58:42,2025-06-09 12:05:18,2025-06-09 11:48:42,2025-06-09 12:46:42,18.3,16.4,28.8,34.3,6.6,0,0.179,15,152.2
RT-0041,7,STP-00339,39.628044,37.157297,7.52,mountain,2025-06-09 12:29:06,2025-06-09 12:29:48,2025-06-09 12:06:06,2025-06-09 13:43:06,16.9,16.7,12.1,17.5,0.7,0,0.339,11,64.4
RT-0041,8,STP-00340,39.364669,37.291555,21.76,mountain,2025-06-09 13:22:06,2025-06-09 13:30:06,2025-06-09 13:01:06,2025-06-09 14:06:06,19.5,16.4,36.1,47.0,8.0,0,0.158,1,142.2
RT-0041,9,STP-00341,39.452202,37.092065,10.0,mountain,2025-06-09 13:50:00,2025-06-09 13:59:30,2025-06-09 13:36:00,2025-06-09 14:44:00,13.2,11.9,8.4,6.7,9.5,0,0.115,11,38.8
RT-0041,10,STP-00342,39.259264,37.24957,22.2,mountain,2025-06-09 14:30:24,2025-06-09 14:40:00,2025-06-09 14:05:24,2025-06-09 16:24:24,14.7,17.1,27.2,27.8,9.6,0,0.166,3,145.7
RT-0041,11,STP-00343,39.358019,37.09734,13.03,mountain,2025-06-09 15:02:24,2025-06-09 15:07:48,2025-06-09 14:39:24,2025-06-09 16:42:24,11.4,9.6,17.3,22.1,5.4,0,0.003,3,93.6
RT-0041,12,STP-00344,39.693418,36.879215,13.96,mountain,2025-06-09 15:29:36,2025-06-09 15:35:24,2025-06-09 15:08:36,2025-06-09 16:03:36,9.0,8.6,15.8,22.0,5.8,0,0.193,15,111.5
RT-0042,1,STP-00345,39.371662,37.241464,6.13,highway,2025-06-09 10:05:42,2025-06-09 10:00:42,2025-06-09 09:39:42,2025-06-09 10:45:42,19.8,19.4,5.7,3.7,-5.0,0,0.265,13,59.5
RT-0042,2,STP-00346,39.558864,37.128463,17.71,highway,2025-06-09 10:44:12,2025-06-09 10:39:12,2025-06-09 10:24:12,2025-06-09 12:22:12,13.7,11.5,18.7,21.5,-5.0,0,0.294,10,15.3
RT-0042,3,STP-00347,39.242992,37.131212,12.26,highway,2025-06-09 11:21:18,2025-06-09 11:19:06,2025-06-09 10:52:18,2025-06-09 12:29:18,9.3,6.8,23.4,26.1,-2.2,0,0.068,1,140.5
RT-0042,4,STP-00348,39.376436,37.231058,4.14,highway,2025-06-09 11:44:36,2025-06-09 11:44:00,2025-06-09 11:30:36,2025-06-09 13:18:36,14.4,16.0,14.0,18.9,-0.6,0,0.11,5,99.5
RT-0043,1,STP-00349,39.539443,37.35956,3.31,rural,2025-06-09 08:06:18,2025-06-09 08:08:18,2025-06-09 07:45:18,2025-06-09 08:58:18,13.9,17.0,6.3,7.6,2.0,0,0.345,3,133.5
RT-0043,2,STP-00350,39.646302,36.9476,10.54,rural,2025-06-09 08:35:18,2025-06-09 08:37:18,2025-06-09 08:12:18,2025-06-09 09:54:18,19.0,21.1,15.1,18.9,2.0,0,0.294,3,168.3
RT-0043,3,STP-00351,39.845721,36.963563,10.59,rural,2025-06-09 09:01:48,2025-06-09 08:56:48,2025-06-09 08:36:48,2025-06-09 10:09:48,6.7,7.4,7.5,4.5,-5.0,0,0.273,3,95.5
RT-0043,4,STP-00352,39.678013,36.828712,11.58,rural,2025-06-09 09:21:54,2025-06-09 09:29:12,2025-06-09 08:57:54,2025-06-09 10:39:54,11.5,6.9,13.4,14.4,7.3,0,0.367,5,185.8
RT-0043,5,STP-00353,39.608924,37.122776,17.02,rural,2025-06-09 09:58:54,2025-06-09 10:00:48,2025-06-09 09:40:54,2025-06-09 11:02:54,18.8,17.3,25.5,32.1,1.9,0,0.27,14,58.2
RT-0043,6,STP-00354,39.782183,36.808373,8.32,rural,2025-06-09 10:23:36,2025-06-09 10:20:00,2025-06-09 10:08:36,2025-06-09 11:33:36,12.8,11.9,5.9,4.5,-3.6,0,0.039,11,139.6
RT-0043,7,STP-00355,39.825777,36.951777,5.29,rural,2025-06-09 10:39:24,2025-06-09 10:44:30,2025-06-09 10:10:24,2025-06-09 11:20:24,9.2,10.1,3.0,6.2,5.1,0,0.24,4,11.6
RT-0043,8,STP-00356,39.277592,36.928984,5.68,rural,2025-06-09 10:57:30,2025-06-09 11:02:24,2025-06-09 10:27:30,2025-06-09 12:39:30,14.1,12.9,8.9,11.5,4.9,0,0.118,7,133.0
RT-0043,9,STP-00357,39.743974,37.067959,17.53,rural,2025-06-09 11:37:30,2025-06-09 11:47:00,2025-06-09 11:17:30,2025-06-09 12:39:30,19.9,20.6,25.9,32.5,9.5,0,0.133,13,88.3
RT-0043,10,STP-00358,39.275901,37.178443,4.32,rural,2025-06-09 12:06:24,2025-06-09 12:15:06,2025-06-09 11:50:24,2025-06-09 13:54:24,11.6,13.4,9.0,8.9,8.7,0,0.173,8,196.0
RT-0043,11,STP-00359,39.548391,37.257006,16.51,rural,2025-06-09 12:42:06,2025-06-09 12:57:54,2025-06-09 12:14:06,2025-06-09 13:44:06,8.9,8.5,24.1,30.0,15.8,0,0.0,1,19.2
RT-0044,1,STP-00360,39.746656,37.349767,17.62,highway,2025-06-09 09:20:18,2025-06-09 09:28:00,2025-06-09 08:55:18,2025-06-09 10:51:18,18.6,20.1,20.3,18.4,7.7,0,0.216,10,5.7
RT-0044,2,STP-00361,39.642591,37.471177,3.07,highway,2025-06-09 09:51:24,2025-06-09 09:51:06,2025-06-09 09:30:24,2025-06-09 11:03:24,12.2,10.4,12.5,12.7,-0.3,0,0.036,10,109.4
RT-0044,3,STP-00362,39.662514,37.009209,14.76,highway,2025-06-09 10:23:18,2025-06-09 10:25:06,2025-06-09 10:07:18,2025-06-09 11:15:18,11.9,10.1,19.7,16.3,1.8,0,0.156,13,61.5
RT-0044,4,STP-00363,39.615062,37.142463,5.35,highway,2025-06-09 10:39:30,2025-06-09 10:37:00,2025-06-09 10:25:30,2025-06-09 11:13:30,18.3,21.3,4.3,5.8,-2.5,0,0.025,8,148.4
RT-0044,5,STP-00364,39.704708,37.083855,14.89,highway,2025-06-09 11:13:30,2025-06-09 11:22:06,2025-06-09 11:03:30,2025-06-09 11:47:30,17.5,19.0,15.7,16.0,8.6,0,0.085,8,193.5
RT-0044,6,STP-00365,39.299113,37.257682,17.38,highway,2025-06-09 11:40:06,2025-06-09 11:43:48,2025-06-09 11:12:06,2025-06-09 12:39:06,18.1,17.9,9.1,10.3,3.7,0,0.188,9,34.0
RT-0044,7,STP-00366,39.61373,37.37246,23.2,highway,2025-06-09 12:33:30,2025-06-09 12:42:12,2025-06-09 12:14:30,2025-06-09 13:15:30,7.0,7.3,35.3,36.9,8.7,0,0.043,3,128.4
RT-0044,8,STP-00367,39.582119,37.025113,13.94,highway,2025-06-09 12:58:18,2025-06-09 13:04:06,2025-06-09 12:36:18,2025-06-09 14:09:18,17.1,19.2,17.8,21.4,5.8,0,0.386,7,70.8
RT-0044,9,STP-00368,39.507063,37.447973,7.69,highway,2025-06-09 13:27:36,2025-06-09 13:39:24,2025-06-09 13:04:36,2025-06-09 14:18:36,5.9,3.5,12.2,12.3,11.8,0,0.016,5,32.5
RT-0044,10,STP-00369,39.694719,37.215611,5.2,highway,2025-06-09 13:43:42,2025-06-09 13:52:30,2025-06-09 13:31:42,2025-06-09 14:13:42,16.7,16.9,10.2,15.6,8.8,0,0.113,1,176.5
RT-0044,11,STP-00370,39.627377,36.826335,18.26,highway,2025-06-09 14:23:48,2025-06-09 14:35:24,2025-06-09 13:57:48,2025-06-09 15:50:48,6.9,9.4,23.4,21.3,11.6,0,0.072,3,129.8
RT-0045,1,STP-00371,39.266979,37.053331,16.47,mountain,2025-06-09 09:27:42,2025-06-09 09:32:36,2025-06-09 09:10:42,2025-06-09 10:21:42,9.5,11.2,27.7,29.5,4.9,0,0.304,7,5.9
RT-0045,2,STP-00372,39.532089,36.923427,14.87,mountain,2025-06-09 09:56:42,2025-06-09 10:06:36,2025-06-09 09:43:42,2025-06-09 10:45:42,14.9,10.1,19.5,17.4,9.9,0,0.268,5,15.3
RT-0045,3,STP-00373,39.576152,36.910632,3.95,mountain,2025-06-09 10:13:48,2025-06-09 10:15:00,2025-06-09 09:49:48,2025-06-09 10:48:48,11.5,11.9,2.2,2.7,1.2,0,0.012,6,125.3
RT-0045,4,STP-00374,39.277093,36.959447,14.33,mountain,2025-06-09 10:45:48,2025-06-09 10:52:12,2025-06-09 10:29:48,2025-06-09 12:41:48,11.7,10.8,20.5,21.7,6.4,0,0.095,10,68.6
RT-0045,5,STP-00375,39.324643,37.06144,12.08,mountain,2025-06-09 11:15:18,2025-06-09 11:32:00,2025-06-09 10:52:18,2025-06-09 12:03:18,6.1,8.8,17.8,18.4,16.7,0,0.183,10,99.5
RT-0045,6,STP-00376,39.521005,36.919841,7.27,mountain,2025-06-09 11:27:36,2025-06-09 11:42:24,2025-06-09 11:16:36,2025-06-09 12:32:36,10.0,13.0,6.2,8.8,14.8,0,0.137,1,140.0
RT-0045,7,STP-00377,39.799882,37.142449,22.5,mountain,2025-06-09 11:57:36,2025-06-09 12:08:24,2025-06-09 11:29:36,2025-06-09 13:37:36,14.6,13.9,20.0,20.5,10.8,0,0.398,10,181.6
RT-0046,1,STP-00378,39.862377,37.439628,21.41,mountain,2025-06-10 10:24:12,2025-06-10 10:32:12,2025-06-10 10:01:12,2025-06-10 12:08:12,16.0,20.5,24.2,25.0,8.0,0,0.359,4,53.3
RT-0046,2,STP-00379,39.774904,37.116709,12.19,mountain,2025-06-10 11:09:36,2025-06-10 11:16:12,2025-06-10 10:43:36,2025-06-10 12:29:36,16.0,16.5,29.4,25.9,6.6,0,0.096,9,11.6
RT-0046,3,STP-00380,39.668325,36.913262,15.29,mountain,2025-06-10 11:52:00,2025-06-10 11:57:00,2025-06-10 11:35:00,2025-06-10 13:44:00,19.2,19.2,26.4,26.8,5.0,0,0.184,3,74.9
RT-0046,4,STP-00381,39.525007,37.243382,15.55,mountain,2025-06-10 12:18:00,2025-06-10 12:17:00,2025-06-10 11:56:00,2025-06-10 13:11:00,12.0,10.1,6.8,7.3,-1.0,0,0.344,3,175.5
RT-0047,1,STP-00382,39.679266,37.234319,11.47,highway,2025-06-10 08:11:30,2025-06-10 08:06:30,2025-06-10 07:42:30,2025-06-10 09:50:30,9.4,8.8,11.5,10.3,-5.0,0,0.134,13,57.6
RT-0047,2,STP-00383,39.322687,37.191153,23.51,highway,2025-06-10 08:38:12,2025-06-10 08:37:12,2025-06-10 08:17:12,2025-06-10 10:07:12,10.5,9.2,17.3,15.9,-1.0,0,0.027,1,26.6
RT-0047,3,STP-00384,39.357806,37.046898,18.61,highway,2025-06-10 09:15:00,2025-06-10 09:28:30,2025-06-10 08:47:00,2025-06-10 11:14:00,8.6,11.8,26.3,27.1,13.5,0,0.107,2,131.6
RT-0047,4,STP-00385,39.572999,37.004585,17.96,highway,2025-06-10 09:44:48,2025-06-10 09:50:36,2025-06-10 09:31:48,2025-06-10 11:14:48,10.2,7.3,21.2,20.4,5.8,0,0.248,8,102.8
RT-0047,5,STP-00386,39.401861,37.469639,20.6,highway,2025-06-10 10:28:18,2025-06-10 10:31:00,2025-06-10 10:04:18,2025-06-10 11:09:18,19.1,21.2,33.3,37.0,2.7,0,0.044,2,41.7
RT-0047,6,STP-00387,39.852205,37.131733,9.07,highway,2025-06-10 10:56:24,2025-06-10 10:57:30,2025-06-10 10:46:24,2025-06-10 12:03:24,18.1,19.6,9.0,6.4,1.1,0,0.168,9,190.7
RT-0047,7,STP-00388,39.659032,37.350777,19.23,highway,2025-06-10 11:40:48,2025-06-10 11:48:12,2025-06-10 11:14:48,2025-06-10 13:32:48,5.3,7.6,26.3,24.9,7.4,0,0.194,13,50.3
RT-0047,8,STP-00389,39.460332,37.001702,17.65,highway,2025-06-10 12:01:06,2025-06-10 12:09:06,2025-06-10 11:42:06,2025-06-10 12:52:06,11.9,10.5,15.0,15.4,8.0,0,0.338,10,30.7
RT-0048,1,STP-00390,39.666449,36.907439,10.77,urban,2025-06-10 09:10:00,2025-06-10 09:10:48,2025-06-10 08:55:00,2025-06-10 10:02:00,18.9,16.3,10.0,11.6,0.8,0,0.095,12,109.4
RT-0048,2,STP-00391,39.46104,37.177907,3.91,urban,2025-06-10 09:32:30,2025-06-10 09:35:06,2025-06-10 09:21:30,2025-06-10 11:27:30,8.9,10.6,3.6,2.9,2.6,0,0.065,3,45.0
RT-0048,3,STP-00392,39.882921,37.031896,9.63,urban,2025-06-10 09:57:24,2025-06-10 09:56:00,2025-06-10 09:37:24,2025-06-10 10:46:24,12.5,12.6,16.0,19.3,-1.4,0,0.282,3,189.8
RT-0048,4,STP-00393,39.535287,36.828057,13.43,urban,2025-06-10 10:23:00,2025-06-10 10:35:42,2025-06-10 09:55:00,2025-06-10 11:49:00,19.7,20.5,13.1,12.6,12.7,0,0.271,10,135.0
RT-0049,1,STP-00394,39.746898,37.336967,9.78,highway,2025-06-10 10:03:54,2025-06-10 10:09:30,2025-06-10 09:34:54,2025-06-10 11:55:54,11.7,14.0,3.9,4.7,5.6,0,0.078,2,68.6
RT-0049,2,STP-00395,39.239233,37.266736,4.84,highway,2025-06-10 10:25:48,2025-06-10 10:21:24,2025-06-10 10:00:48,2025-06-10 11:35:48,19.4,18.0,10.2,8.3,-4.4,0,0.159,9,81.9
RT-0049,3,STP-00396,39.510954,37.494818,18.75,highway,2025-06-10 11:03:18,2025-06-10 11:07:06,2025-06-10 10:39:18,2025-06-10 12:44:18,5.2,6.9,18.1,20.9,3.8,0,0.321,6,73.5
RT-0049,4,STP-00397,39.532229,37.407268,9.35,highway,2025-06-10 11:24:18,2025-06-10 11:19:18,2025-06-10 10:56:18,2025-06-10 13:10:18,11.4,12.1,15.8,17.0,-5.0,0,0.395,15,85.8
RT-0049,5,STP-00398,39.597541,37.44041,4.45,highway,2025-06-10 11:49:12,2025-06-10 11:49:54,2025-06-10 11:31:12,2025-06-10 13:12:12,6.3,8.3,13.5,14.5,0.7,0,0.08,7,129.6
RT-0049,6,STP-00399,39.218788,36.801713,21.31,highway,2025-06-10 12:19:36,2025-06-10 12:28:18,2025-06-10 12:00:36,2025-06-10 13:52:36,17.3,16.5,24.1,22.0,8.7,0,0.105,5,167.7
RT-0049,7,STP-00400,39.21991,37.335303,24.03,highway,2025-06-10 13:08:36,2025-06-10 13:09:24,2025-06-10 12:53:36,2025-06-10 14:40:36,14.8,13.2,31.7,34.1,0.8,0,0.197,15,61.1
RT-0049,8,STP-00401,39.283709,37.158768,24.35,highway,2025-06-10 13:48:48,2025-06-10 13:51:54,2025-06-10 13:18:48,2025-06-10 15:45:48,12.2,12.7,25.4,22.4,3.1,0,0.23,7,174.3
RT-0049,9,STP-00402,39.645373,37.468609,21.6,highway,2025-06-10 14:27:48,2025-06-10 14:36:06,2025-06-10 14:06:48,2025-06-10 15:17:48,9.8,10.4,26.8,28.6,8.3,0,0.019,15,140.2
RT-0049,10,STP-00403,39.81071,37.378775,9.42,highway,2025-06-10 14:47:36,2025-06-10 14:55:24,2025-06-10 14:34:36,2025-06-10 16:33:36,7.9,5.4,10.0,10.0,7.8,0,0.274,11,40.7
RT-0049,11,STP-00404,39.745165,37.088396,9.62,highway,2025-06-10 15:04:00,2025-06-10 15:08:36,2025-06-10 14:50:00,2025-06-10 15:35:00,6.4,7.6,8.5,9.6,4.6,0,0.368,10,73.6
RT-0050,1,STP-00405,39.761806,37.092142,5.25,urban,2025-06-10 08:08:18,2025-06-10 08:11:12,2025-06-10 07:42:18,2025-06-10 09:46:18,7.8,4.8,8.3,7.6,2.9,0,0.366,15,113.9
RT-0050,2,STP-00406,39.320545,37.013279,5.56,urban,2025-06-10 08:23:24,2025-06-10 08:25:00,2025-06-10 07:59:24,2025-06-10 10:09:24,10.2,9.4,7.3,2.1,1.6,0,0.298,12,75.7
RT-0050,3,STP-00407,39.278206,36.813164,5.61,urban,2025-06-10 08:45:36,2025-06-10 08:52:30,2025-06-10 08:31:36,2025-06-10 09:25:36,15.3,16.8,12.0,9.0,6.9,0,0.194,5,29.4
RT-0050,4,STP-00408,39.207191,36.867553,12.49,urban,2025-06-10 09:16:18,2025-06-10 09:20:54,2025-06-10 09:03:18,2025-06-10 10:18:18,14.9,15.4,15.4,17.0,4.6,0,0.05,10,16.6
RT-0050,5,STP-00409,39.550444,37.309988,16.24,urban,2025-06-10 09:47:48,2025-06-10 09:50:54,2025-06-10 09:29:48,2025-06-10 11:31:48,15.1,16.1,16.6,15.9,3.1,0,0.097,1,22.7
RT-0051,1,STP-00410,39.846962,37.444334,5.18,highway,2025-06-11 10:05:30,2025-06-11 10:05:06,2025-06-11 09:50:30,2025-06-11 11:43:30,8.3,8.4,5.5,9.9,-0.4,0,0.341,4,193.0
RT-0051,2,STP-00411,39.485305,37.332987,13.44,highway,2025-06-11 10:28:54,2025-06-11 10:25:54,2025-06-11 10:07:54,2025-06-11 11:46:54,15.1,16.2,15.1,16.1,-3.0,0,0.126,2,40.3
RT-0051,3,STP-00412,39.398528,37.220273,13.25,highway,2025-06-11 10:54:06,2025-06-11 10:53:24,2025-06-11 10:43:06,2025-06-11 11:34:06,10.4,11.3,10.1,11.8,-0.7,0,0.125,5,113.6
RT-0051,4,STP-00413,39.20895,37.271911,24.48,highway,2025-06-11 11:27:54,2025-06-11 11:30:06,2025-06-11 11:15:54,2025-06-11 12:57:54,9.4,8.7,23.4,30.1,2.2,0,0.269,14,88.5
RT-0051,5,STP-00414,39.318106,37.054597,11.72,highway,2025-06-11 11:43:54,2025-06-11 11:43:30,2025-06-11 11:15:54,2025-06-11 12:26:54,6.8,2.6,6.6,7.8,-0.4,0,0.08,7,83.1
RT-0051,6,STP-00415,39.760689,37.460258,7.41,highway,2025-06-11 12:02:24,2025-06-11 11:58:48,2025-06-11 11:44:24,2025-06-11 13:46:24,8.5,6.6,11.7,11.4,-3.6,0,0.142,7,146.4
RT-0051,7,STP-00416,39.63986,36.894226,17.67,highway,2025-06-11 12:46:12,2025-06-11 12:42:18,2025-06-11 12:33:12,2025-06-11 13:31:12,12.7,15.0,35.3,42.7,-3.9,0,0.04,3,154.8
RT-0051,8,STP-00417,39.73212,37.262756,4.16,highway,2025-06-11 13:10:42,2025-06-11 13:14:30,2025-06-11 12:50:42,2025-06-11 13:59:42,19.6,22.2,11.8,13.4,3.8,0,0.208,7,122.9
RT-0051,9,STP-00418,39.222119,37.101284,13.83,highway,2025-06-11 13:42:48,2025-06-11 13:45:30,2025-06-11 13:22:48,2025-06-11 15:21:48,12.5,11.1,12.5,10.4,2.7,0,0.366,9,56.0
RT-0051,10,STP-00419,39.418722,37.072356,11.44,highway,2025-06-11 14:07:06,2025-06-11 14:14:12,2025-06-11 13:48:06,2025-06-11 16:07:06,11.9,13.7,11.8,15.4,7.1,0,0.306,1,39.5
RT-0051,11,STP-00420,39.613732,37.064458,15.51,highway,2025-06-11 14:31:18,2025-06-11 14:36:24,2025-06-11 14:16:18,2025-06-11 16:05:18,13.1,13.6,12.3,16.4,5.1,0,0.271,8,97.8
RT-0051,12,STP-00421,39.43888,36.868145,19.86,highway,2025-06-11 15:07:48,2025-06-11 15:15:48,2025-06-11 14:46:48,2025-06-11 16:51:48,13.9,14.6,23.4,32.5,8.0,0,0.138,3,168.2
RT-0052,1,STP-00422,39.576892,36.826164,12.06,rural,2025-06-11 07:18:00,2025-06-11 07:19:18,2025-06-11 07:06:00,2025-06-11 08:27:00,8.5,9.3,18.0,18.9,1.3,0,0.263,5,120.5
RT-0052,2,STP-00423,39.268408,37.141851,12.29,rural,2025-06-11 07:36:00,2025-06-11 07:35:54,2025-06-11 07:16:00,2025-06-11 08:54:00,5.3,4.5,9.5,7.9,-0.1,0,0.276,8,119.7
RT-0052,3,STP-00424,39.881875,36.852725,7.53,rural,2025-06-11 07:41:12,2025-06-11 07:41:48,2025-06-11 07:20:12,2025-06-11 09:06:12,15.0,17.7,-0.1,0.7,0.6,0,0.34,3,124.9
RT-0052,4,STP-00425,39.247089,37.36083,7.71,rural,2025-06-11 08:05:06,2025-06-11 08:09:54,2025-06-11 07:53:06,2025-06-11 09:49:06,13.6,14.6,8.9,10.4,4.8,0,0.19,13,49.0
RT-0052,5,STP-00426,39.637475,37.11726,7.61,rural,2025-06-11 08:29:54,2025-06-11 08:24:54,2025-06-11 08:02:54,2025-06-11 09:39:54,9.5,11.4,11.2,11.8,-5.0,0,0.305,13,63.5
RT-0052,6,STP-00427,39.630096,37.338383,6.97,rural,2025-06-11 08:55:30,2025-06-11 08:58:24,2025-06-11 08:31:30,2025-06-11 09:59:30,17.9,17.0,16.1,18.4,2.9,0,0.173,10,102.3
RT-0052,7,STP-00428,39.837796,37.243749,15.45,rural,2025-06-11 09:27:42,2025-06-11 09:26:12,2025-06-11 09:08:42,2025-06-11 10:52:42,10.5,12.6,14.3,10.9,-1.5,0,0.338,3,51.9
RT-0052,8,STP-00429,39.77906,37.124912,8.87,rural,2025-06-11 09:48:12,2025-06-11 09:54:00,2025-06-11 09:35:12,2025-06-11 10:37:12,15.3,16.7,10.0,10.5,5.8,0,0.224,4,84.1
RT-0053,1,STP-00430,39.229563,37.305732,12.28,mountain,2025-06-11 09:17:30,2025-06-11 09:15:36,2025-06-11 08:59:30,2025-06-11 11:11:30,9.1,8.2,17.5,14.8,-1.9,0,0.313,1,55.4
RT-0053,2,STP-00431,39.477827,37.387867,4.22,mountain,2025-06-11 09:35:06,2025-06-11 09:32:30,2025-06-11 09:12:06,2025-06-11 10:51:06,9.5,5.8,8.5,6.5,-2.6,0,0.337,2,180.6
RT-0053,3,STP-00432,39.619875,37.341234,8.19,mountain,2025-06-11 09:49:06,2025-06-11 09:46:36,2025-06-11 09:23:06,2025-06-11 10:51:06,6.8,6.8,4.5,3.6,-2.5,0,0.125,11,166.7
RT-0053,4,STP-00433,39.507633,36.978014,21.31,mountain,2025-06-11 10:20:42,2025-06-11 10:15:42,2025-06-11 10:06:42,2025-06-11 11:03:42,16.2,20.9,24.8,27.2,-5.0,0,0.236,15,87.5
RT-0053,5,STP-00434,39.454099,37.30097,13.79,mountain,2025-06-11 10:44:48,2025-06-11 10:53:24,2025-06-11 10:27:48,2025-06-11 11:49:48,9.7,6.5,7.9,11.3,8.6,0,0.329,7,97.6
RT-0053,6,STP-00435,39.377088,37.069283,3.46,mountain,2025-06-11 11:05:18,2025-06-11 11:06:30,2025-06-11 10:54:18,2025-06-11 13:03:18,17.6,16.1,10.8,13.4,1.2,0,0.256,11,160.8
RT-0053,7,STP-00436,39.884595,36.978874,18.41,mountain,2025-06-11 11:51:12,2025-06-11 11:49:48,2025-06-11 11:29:12,2025-06-11 12:22:12,13.0,11.9,28.3,30.0,-1.4,0,0.036,4,172.2
RT-0053,8,STP-00437,39.806511,37.376238,21.1,mountain,2025-06-11 12:29:48,2025-06-11 12:36:12,2025-06-11 12:09:48,2025-06-11 14:21:48,18.4,18.7,25.6,25.2,6.4,0,0.376,15,90.6
RT-0053,9,STP-00438,39.446299,37.221481,13.36,mountain,2025-06-11 12:56:00,2025-06-11 13:05:48,2025-06-11 12:43:00,2025-06-11 13:46:00,15.8,13.5,7.8,7.0,9.8,0,0.325,15,184.1
RT-0054,1,STP-00439,39.413883,37.203067,12.97,rural,2025-06-11 10:17:12,2025-06-11 10:17:30,2025-06-11 09:47:12,2025-06-11 11:04:12,14.6,14.6,17.2,23.4,0.3,0,0.044,11,91.5
RT-0054,2,STP-00440,39.293457,36.921435,8.49,rural,2025-06-11 10:40:00,2025-06-11 10:35:00,2025-06-11 10:17:00,2025-06-11 11:50:00,14.7,15.9,8.2,6.6,-5.0,0,0.237,3,170.2
RT-0054,3,STP-00441,39.590971,37.228402,10.21,rural,2025-06-11 11:06:30,2025-06-11 11:08:36,2025-06-11 10:38:30,2025-06-11 12:04:30,10.5,10.6,11.8,15.5,2.1,0,0.091,7,175.9
RT-0054,4,STP-00442,39.457544,37.46307,4.96,rural,2025-06-11 11:19:12,2025-06-11 11:20:48,2025-06-11 10:56:12,2025-06-11 13:05:12,17.8,18.7,2.2,2.8,1.6,0,0.047,1,83.2
RT-0055,1,STP-00443,39.29114,37.399436,20.01,mountain,2025-06-11 10:32:24,2025-06-11 10:28:18,2025-06-11 10:16:24,2025-06-11 11:36:24,12.4,14.7,32.4,50.6,-4.1,0,0.24,4,144.1
RT-0055,2,STP-00444,39.515684,36.973823,24.89,mountain,2025-06-11 11:13:06,2025-06-11 11:20:30,2025-06-11 11:03:06,2025-06-11 12:20:06,11.3,11.1,28.3,46.2,7.4,0,0.233,7,159.5
RT-0055,3,STP-00445,39.379358,36.866696,17.24,mountain,2025-06-11 11:49:54,2025-06-11 11:55:00,2025-06-11 11:33:54,2025-06-11 13:08:54,18.1,14.9,25.5,39.4,5.1,0,0.024,12,82.5
RT-0055,4,STP-00446,39.37756,37.233761,10.32,mountain,2025-06-11 12:21:24,2025-06-11 12:36:00,2025-06-11 11:52:24,2025-06-11 14:21:24,20.0,19.4,13.4,21.2,14.6,0,0.121,11,193.6
RT-0055,5,STP-00447,39.527659,36.862754,11.68,mountain,2025-06-11 12:46:24,2025-06-11 13:04:00,2025-06-11 12:31:24,2025-06-11 14:20:24,13.4,13.5,5.0,6.1,17.6,0,0.284,10,40.0
RT-0055,6,STP-00448,39.813855,37.229052,12.52,mountain,2025-06-11 13:14:30,2025-06-11 13:32:12,2025-06-11 12:56:30,2025-06-11 14:30:30,19.7,19.0,14.7,24.7,17.7,0,0.305,8,175.0
RT-0055,7,STP-00449,39.758754,36.837256,8.8,mountain,2025-06-11 13:40:42,2025-06-11 14:09:12,2025-06-11 13:26:42,2025-06-11 15:21:42,9.7,7.4,6.5,12.0,28.5,0,0.059,8,153.9
RT-0055,8,STP-00450,39.592598,37.120432,8.06,mountain,2025-06-11 14:03:54,2025-06-11 14:32:00,2025-06-11 13:38:54,2025-06-11 14:38:54,15.6,17.8,13.5,15.7,28.1,0,0.045,7,27.6
RT-0055,9,STP-00451,39.664196,36.948677,18.83,mountain,2025-06-11 14:44:54,2025-06-11 15:24:18,2025-06-11 14:29:54,2025-06-11 16:19:54,8.1,5.8,25.4,41.3,39.4,0,0.399,5,40.2
RT-0055,10,STP-00452,39.676448,37.075919,3.09,mountain,2025-06-11 14:57:00,2025-06-11 15:41:24,2025-06-11 14:44:00,2025-06-11 16:09:00,18.8,19.3,4.0,9.3,44.4,0,0.236,4,154.8
RT-0055,11,STP-00453,39.660604,37.030599,23.93,mountain,2025-06-11 15:46:00,2025-06-11 16:44:24,2025-06-11 15:21:00,2025-06-11 17:14:00,6.2,5.1,30.2,46.6,58.4,0,0.018,14,143.0
RT-0056,1,STP-00454,39.72066,37.183009,10.15,mountain,2025-06-12 08:11:12,2025-06-12 08:06:12,2025-06-12 08:00:12,2025-06-12 10:03:12,19.4,22.9,11.2,11.5,-5.0,0,0.241,10,30.2
RT-0056,2,STP-00455,39.653018,37.468103,5.04,mountain,2025-06-12 08:36:30,2025-06-12 08:40:12,2025-06-12 08:20:30,2025-06-12 09:26:30,16.6,17.9,5.9,4.9,3.7,0,0.062,7,22.4
RT-0056,3,STP-00456,39.558857,37.142736,9.57,mountain,2025-06-12 09:07:12,2025-06-12 09:02:12,2025-06-12 08:53:12,2025-06-12 10:22:12,18.8,15.5,14.1,13.5,-5.0,0,0.354,15,138.6
RT-0056,4,STP-00457,39.559339,37.48129,13.48,mountain,2025-06-12 09:37:18,2025-06-12 09:36:24,2025-06-12 09:22:18,2025-06-12 11:02:18,16.3,15.7,11.3,11.7,-0.9,0,0.271,13,76.8
RT-0056,5,STP-00458,39.534328,36.904025,17.25,mountain,2025-06-12 10:11:42,2025-06-12 10:06:42,2025-06-12 09:52:42,2025-06-12 11:40:42,12.9,14.6,18.1,15.7,-5.0,0,0.051,11,107.3
RT-0056,6,STP-00459,39.266139,37.262599,22.86,mountain,2025-06-12 10:55:18,2025-06-12 10:51:18,2025-06-12 10:44:18,2025-06-12 12:30:18,9.4,10.7,30.7,35.1,-4.0,0,0.227,1,112.4
RT-0056,7,STP-00460,39.231681,37.091376,8.57,mountain,2025-06-12 11:14:54,2025-06-12 11:18:06,2025-06-12 10:50:54,2025-06-12 12:06:54,12.6,8.9,10.2,12.0,3.2,0,0.282,2,149.4
RT-0056,8,STP-00461,39.622837,37.410131,9.91,mountain,2025-06-12 11:38:00,2025-06-12 11:33:00,2025-06-12 11:23:00,2025-06-12 12:35:00,11.7,14.7,10.5,12.8,-5.0,0,0.043,13,56.7
RT-0057,1,STP-00462,39.631721,37.283464,3.13,highway,2025-06-12 09:06:00,2025-06-12 09:08:06,2025-06-12 08:37:00,2025-06-12 10:38:00,12.2,15.7,6.0,4.8,2.1,0,0.385,12,84.0
RT-0057,2,STP-00463,39.346461,37.254036,17.85,highway,2025-06-12 09:40:18,2025-06-12 09:38:54,2025-06-12 09:30:18,2025-06-12 11:39:18,7.0,6.3,22.1,26.0,-1.4,0,0.26,4,26.8
RT-0057,3,STP-00464,39.831691,37.317147,12.59,highway,2025-06-12 09:56:12,2025-06-12 09:51:12,2025-06-12 09:42:12,2025-06-12 11:26:12,7.9,8.4,8.9,8.0,-5.0,0,0.178,5,155.1
RT-0057,4,STP-00465,39.793341,37.102252,13.67,highway,2025-06-12 10:25:54,2025-06-12 10:27:12,2025-06-12 10:03:54,2025-06-12 11:01:54,8.6,9.4,21.8,21.3,1.3,0,0.166,5,116.0
RT-0057,5,STP-00466,39.675068,37.371682,13.91,highway,2025-06-12 10:44:06,2025-06-12 10:41:18,2025-06-12 10:19:06,2025-06-12 12:19:06,20.0,18.5,9.6,7.3,-2.8,0,0.195,1,100.1
RT-0057,6,STP-00467,39.635888,37.252326,18.71,highway,2025-06-12 11:21:24,2025-06-12 11:21:30,2025-06-12 10:51:24,2025-06-12 12:44:24,9.7,9.1,17.3,18.1,0.1,0,0.179,2,57.2
RT-0057,7,STP-00468,39.62147,37.389727,12.6,highway,2025-06-12 11:50:30,2025-06-12 11:58:24,2025-06-12 11:33:30,2025-06-12 13:35:30,12.0,11.0,19.4,20.9,7.9,0,0.263,8,50.3
RT-0057,8,STP-00469,39.791172,37.23529,5.89,highway,2025-06-12 12:07:24,2025-06-12 12:18:24,2025-06-12 11:37:24,2025-06-12 13:23:24,19.4,16.0,4.9,5.9,11.0,0,0.113,14,188.5
RT-0058,1,STP-00470,39.899483,37.051151,17.68,highway,2025-06-12 08:23:30,2025-06-12 08:25:54,2025-06-12 07:58:30,2025-06-12 09:31:30,14.1,16.6,23.5,25.2,2.4,0,0.104,2,159.7
RT-0058,2,STP-00471,39.356867,36.980475,17.89,highway,2025-06-12 09:03:36,2025-06-12 09:13:06,2025-06-12 08:40:36,2025-06-12 09:47:36,12.6,11.9,26.0,26.8,9.5,0,0.136,13,17.4
RT-0058,3,STP-00472,39.848642,37.106479,10.82,highway,2025-06-12 09:39:00,2025-06-12 09:45:30,2025-06-12 09:13:00,2025-06-12 11:26:00,9.0,6.3,22.8,22.7,6.5,0,0.183,3,171.4
RT-0058,4,STP-00473,39.640948,37.409609,21.52,highway,2025-06-12 10:15:36,2025-06-12 10:22:36,2025-06-12 10:02:36,2025-06-12 11:56:36,14.2,14.4,27.6,30.2,7.0,0,0.364,13,172.4
RT-0058,5,STP-00474,39.286088,36.941323,6.45,highway,2025-06-12 10:36:06,2025-06-12 10:48:54,2025-06-12 10:22:06,2025-06-12 12:28:06,12.6,15.4,6.3,4.3,12.8,0,0.388,12,174.7
RT-0058,6,STP-00475,39.45245,37.265497,19.92,highway,2025-06-12 11:22:06,2025-06-12 11:34:00,2025-06-12 11:10:06,2025-06-12 12:26:06,12.1,14.5,33.4,33.1,11.9,0,0.061,5,103.5
RT-0058,7,STP-00476,39.220834,36.901909,19.58,highway,2025-06-12 11:54:30,2025-06-12 12:11:12,2025-06-12 11:30:30,2025-06-12 13:30:30,17.0,15.2,20.3,22.0,16.7,0,0.004,7,184.0
RT-0059,1,STP-00477,39.60219,37.484413,4.87,highway,2025-06-12 07:00:12,2025-06-12 07:13:12,2025-06-12 06:49:12,2025-06-12 08:54:12,7.5,7.0,0.2,1.3,13.0,0,0.392,1,81.7
RT-0059,2,STP-00478,39.44091,37.378902,20.58,highway,2025-06-12 07:41:54,2025-06-12 07:36:54,2025-06-12 07:14:54,2025-06-12 08:49:54,11.3,9.6,34.2,41.4,-5.0,0,0.36,15,137.8
RT-0059,3,STP-00479,39.768282,37.25413,16.43,highway,2025-06-12 08:16:00,2025-06-12 08:24:00,2025-06-12 07:47:00,2025-06-12 10:09:00,14.7,15.4,22.8,26.1,8.0,0,0.31,15,111.2
RT-0059,4,STP-00480,39.264974,37.18625,22.38,highway,2025-06-12 09:02:54,2025-06-12 09:12:18,2025-06-12 08:48:54,2025-06-12 10:38:54,10.8,10.7,32.2,40.9,9.4,0,0.209,12,149.3
RT-0059,5,STP-00481,39.241962,37.061085,19.66,highway,2025-06-12 09:37:54,2025-06-12 09:48:00,2025-06-12 09:18:54,2025-06-12 11:01:54,16.9,16.8,24.2,30.5,10.1,0,0.251,10,55.4
RT-0060,1,STP-00482,39.8923,37.195918,5.72,rural,2025-06-12 10:07:24,2025-06-12 10:02:24,2025-06-12 09:43:24,2025-06-12 11:20:24,11.7,11.3,7.4,10.5,-5.0,0,0.358,10,148.7
RT-0060,2,STP-00483,39.716259,36.873659,16.81,rural,2025-06-12 10:32:42,2025-06-12 10:31:18,2025-06-12 10:04:42,2025-06-12 12:28:42,10.3,11.8,13.6,13.9,-1.4,0,0.207,5,135.0
RT-0060,3,STP-00484,39.533377,37.112315,7.24,rural,2025-06-12 10:52:42,2025-06-12 10:47:42,2025-06-12 10:40:42,2025-06-12 11:33:42,7.2,8.8,9.7,12.9,-5.0,0,0.148,7,166.5
RT-0060,4,STP-00485,39.863474,37.312202,14.58,rural,2025-06-12 11:12:18,2025-06-12 11:09:06,2025-06-12 10:42:18,2025-06-12 12:36:18,10.9,10.8,12.4,14.6,-3.2,0,0.167,5,118.9
RT-0060,5,STP-00486,39.222825,36.909788,6.58,rural,2025-06-12 11:25:18,2025-06-12 11:25:06,2025-06-12 10:59:18,2025-06-12 12:10:18,11.9,9.8,2.1,1.2,-0.2,0,0.224,12,105.1
RT-0060,6,STP-00487,39.893714,37.012282,23.28,rural,2025-06-12 12:12:18,2025-06-12 12:18:54,2025-06-12 12:01:18,2025-06-12 13:48:18,6.7,8.3,35.1,33.7,6.6,0,0.194,6,116.5
RT-0060,7,STP-00488,39.20146,37.183276,20.41,rural,2025-06-12 12:47:42,2025-06-12 12:54:54,2025-06-12 12:28:42,2025-06-12 13:44:42,5.7,8.7,28.7,28.0,7.2,0,0.027,15,64.5
RT-0060,8,STP-00489,39.645522,37.333175,3.98,rural,2025-06-12 12:53:54,2025-06-12 12:58:30,2025-06-12 12:28:54,2025-06-12 14:40:54,11.8,12.6,0.5,1.2,4.6,0,0.267,6,157.4
RT-0060,9,STP-00490,39.669311,37.110167,6.28,rural,2025-06-12 13:12:54,2025-06-12 13:16:18,2025-06-12 12:55:54,2025-06-12 14:32:54,14.4,14.9,7.2,6.4,3.4,0,0.111,10,84.9
RT-0060,10,STP-00491,39.334699,37.233093,4.95,rural,2025-06-12 13:33:48,2025-06-12 13:41:18,2025-06-12 13:06:48,2025-06-12 15:25:48,14.5,16.3,6.5,7.9,7.5,0,0.231,13,142.9
RT-0060,11,STP-00492,39.344063,37.380783,4.16,rural,2025-06-12 13:50:24,2025-06-12 13:57:48,2025-06-12 13:23:24,2025-06-12 14:43:24,12.1,11.7,2.1,3.5,7.4,0,0.336,15,8.6
RT-0061,1,STP-00493,39.801754,37.022168,4.86,mountain,2025-06-13 07:01:30,2025-06-13 07:00:36,2025-06-13 06:51:30,2025-06-13 08:14:30,13.8,14.6,1.5,-0.4,-0.9,0,0.103,8,173.1
RT-0061,2,STP-00494,39.24124,37.472786,5.52,mountain,2025-06-13 07:24:24,2025-06-13 07:26:12,2025-06-13 07:10:24,2025-06-13 08:33:24,7.2,6.3,9.1,12.0,1.8,0,0.073,5,154.8
RT-0061,3,STP-00495,39.617903,36.965544,18.69,mountain,2025-06-13 07:53:24,2025-06-13 07:56:06,2025-06-13 07:31:24,2025-06-13 08:38:24,7.1,7.6,21.8,23.2,2.7,0,0.203,15,68.2
RT-0061,4,STP-00496,39.820309,36.988412,14.1,mountain,2025-06-13 08:21:12,2025-06-13 08:21:18,2025-06-13 07:56:12,2025-06-13 08:54:12,9.8,10.6,20.7,19.5,0.1,0,0.385,9,84.4
RT-0061,5,STP-00497,39.748017,36.899657,17.85,mountain,2025-06-13 08:52:36,2025-06-13 09:00:18,2025-06-13 08:28:36,2025-06-13 09:32:36,16.8,14.9,21.6,22.9,7.7,0,0.216,5,115.8
RT-0061,6,STP-00498,39.657141,36.917167,6.7,mountain,2025-06-13 09:17:48,2025-06-13 09:33:48,2025-06-13 09:07:48,2025-06-13 10:46:48,19.4,18.7,8.4,11.1,16.0,0,0.024,9,93.1
RT-0062,1,STP-00499,39.573863,36.848955,9.01,mountain,2025-06-13 08:10:48,2025-06-13 08:18:18,2025-06-13 07:42:48,2025-06-13 09:45:48,20.0,21.2,10.8,16.1,7.5,0,0.036,14,128.3
RT-0062,2,STP-00500,39.677471,37.039845,18.37,mountain,2025-06-13 08:56:42,2025-06-13 08:51:54,2025-06-13 08:27:42,2025-06-13 10:30:42,20.0,19.5,25.9,40.8,-4.8,0,0.105,15,89.2
RT-0062,3,STP-00501,39.65251,36.801433,19.56,mountain,2025-06-13 09:36:36,2025-06-13 09:39:54,2025-06-13 09:07:36,2025-06-13 10:48:36,19.7,20.0,19.9,33.1,3.3,0,0.191,6,46.1
RT-0062,4,STP-00502,39.655887,37.177055,22.83,mountain,2025-06-13 10:21:18,2025-06-13 10:20:00,2025-06-13 09:59:18,2025-06-13 11:59:18,18.4,20.4,25.0,41.3,-1.3,0,0.357,12,100.4
RT-0062,5,STP-00503,39.687921,36.805902,20.95,mountain,2025-06-13 11:02:24,2025-06-13 11:06:30,2025-06-13 10:41:24,2025-06-13 12:21:24,19.6,22.7,22.7,35.8,4.1,0,0.185,7,166.4
RT-0062,6,STP-00504,39.412225,37.302467,23.6,mountain,2025-06-13 11:47:00,2025-06-13 11:52:42,2025-06-13 11:26:00,2025-06-13 12:41:00,5.3,6.8,25.0,40.1,5.7,0,0.094,5,137.7
RT-0063,1,STP-00505,39.598372,37.145808,24.28,mountain,2025-06-13 08:34:48,2025-06-13 08:36:06,2025-06-13 08:18:48,2025-06-13 10:25:48,15.6,18.1,34.8,52.1,1.3,0,0.221,10,45.8
RT-0063,2,STP-00506,39.359576,37.166156,17.52,mountain,2025-06-13 09:04:30,2025-06-13 09:01:54,2025-06-13 08:52:30,2025-06-13 09:50:30,13.5,16.1,14.1,22.3,-2.6,0,0.313,2,119.7
RT-0063,3,STP-00507,39.67117,37.255021,7.22,mountain,2025-06-13 09:19:54,2025-06-13 09:14:54,2025-06-13 08:52:54,2025-06-13 10:47:54,15.4,15.4,1.9,5.1,-5.0,0,0.342,9,124.8
RT-0063,4,STP-00508,39.357184,36.994553,10.11,mountain,2025-06-13 09:50:18,2025-06-13 09:46:30,2025-06-13 09:29:18,2025-06-13 11:26:18,6.8,2.7,15.0,24.1,-3.8,0,0.168,9,96.0
RT-0063,5,STP-00509,39.374989,36.915137,12.87,mountain,2025-06-13 10:15:48,2025-06-13 10:16:18,2025-06-13 09:58:48,2025-06-13 12:13:48,6.2,6.6,18.7,29.0,0.5,0,0.124,10,162.5
RT-0063,6,STP-00510,39.871162,37.382762,16.77,mountain,2025-06-13 10:46:48,2025-06-13 10:50:36,2025-06-13 10:26:48,2025-06-13 11:48:48,17.1,19.4,24.8,39.5,3.8,0,0.329,10,160.5
RT-0063,7,STP-00511,39.242481,36.823341,14.43,mountain,2025-06-13 11:21:24,2025-06-13 11:25:00,2025-06-13 10:51:24,2025-06-13 12:48:24,14.0,13.6,17.5,27.1,3.6,0,0.125,8,154.0
RT-0063,8,STP-00512,39.239053,36.836542,21.65,mountain,2025-06-13 12:03:48,2025-06-13 12:07:36,2025-06-13 11:34:48,2025-06-13 13:53:48,18.8,19.2,28.4,44.3,3.8,0,0.34,8,15.7
RT-0063,9,STP-00513,39.815957,37.233461,11.84,mountain,2025-06-13 12:33:00,2025-06-13 12:33:24,2025-06-13 12:23:00,2025-06-13 14:01:00,18.0,20.4,10.4,13.9,0.4,0,0.136,13,133.6
RT-0063,10,STP-00514,39.788546,37.433059,23.63,mountain,2025-06-13 13:20:30,2025-06-13 13:19:06,2025-06-13 13:10:30,2025-06-13 15:06:30,9.9,7.3,29.5,46.3,-1.4,0,0.05,4,26.1
RT-0063,11,STP-00515,39.559188,37.256193,14.2,mountain,2025-06-13 13:43:54,2025-06-13 13:52:24,2025-06-13 13:32:54,2025-06-13 14:20:54,14.3,16.2,13.5,23.3,8.5,0,0.143,3,52.4
RT-0064,1,STP-00516,39.591615,36.838225,6.24,urban,2025-06-13 09:05:48,2025-06-13 09:10:06,2025-06-13 08:51:48,2025-06-13 09:42:48,10.5,14.2,5.8,6.1,4.3,0,0.138,1,105.9
RT-0064,2,STP-00517,39.596268,37.034962,24.48,urban,2025-06-13 09:43:30,2025-06-13 09:42:12,2025-06-13 09:19:30,2025-06-13 11:29:30,6.0,2.3,27.2,25.8,-1.3,0,0.12,4,135.2
RT-0064,3,STP-00518,39.636744,36.967313,10.23,urban,2025-06-13 10:09:54,2025-06-13 10:17:24,2025-06-13 09:59:54,2025-06-13 12:00:54,18.7,20.1,20.4,20.6,7.5,0,0.294,8,47.8
RT-0064,4,STP-00519,39.588284,36.899681,23.96,urban,2025-06-13 10:53:18,2025-06-13 11:04:00,2025-06-13 10:43:18,2025-06-13 12:09:18,8.1,8.2,24.7,26.6,10.7,0,0.176,3,166.1
RT-0064,5,STP-00520,39.437872,37.188153,16.89,urban,2025-06-13 11:25:42,2025-06-13 11:30:00,2025-06-13 11:10:42,2025-06-13 12:23:42,19.6,17.5,24.3,26.7,4.3,0,0.071,4,43.6
RT-0064,6,STP-00521,39.519343,37.058748,3.47,urban,2025-06-13 11:55:30,2025-06-13 11:54:24,2025-06-13 11:25:30,2025-06-13 12:39:30,5.3,6.5,10.2,9.5,-1.1,0,0.149,11,31.8
RT-0064,7,STP-00522,39.756429,36.934177,6.77,urban,2025-06-13 12:00:06,2025-06-13 12:06:36,2025-06-13 11:48:06,2025-06-13 12:45:06,14.3,17.9,-0.7,2.1,6.5,0,0.151,7,176.3
RT-0064,8,STP-00523,39.303997,36.97302,11.23,urban,2025-06-13 12:16:42,2025-06-13 12:18:36,2025-06-13 11:48:42,2025-06-13 13:10:42,8.7,7.4,2.3,3.3,1.9,0,0.252,1,153.8
RT-0065,1,STP-00524,39.471681,37.417695,22.2,rural,2025-06-13 09:34:30,2025-06-13 09:29:30,2025-06-13 09:09:30,2025-06-13 11:28:30,18.3,17.5,34.5,33.6,-5.0,0,0.3,4,146.8
RT-0065,2,STP-00525,39.84483,37.208788,11.23,rural,2025-06-13 10:03:12,2025-06-13 10:02:48,2025-06-13 09:38:12,2025-06-13 11:33:12,15.7,17.7,10.4,10.2,-0.4,0,0.015,9,140.4
RT-0065,3,STP-00526,39.37817,36.859331,7.83,rural,2025-06-13 10:31:12,2025-06-13 10:40:42,2025-06-13 10:09:12,2025-06-13 12:14:12,10.9,14.1,12.3,14.4,9.5,0,0.301,5,87.9
RT-0065,4,STP-00527,39.763153,37.021914,9.49,rural,2025-06-13 10:49:54,2025-06-13 10:52:18,2025-06-13 10:26:54,2025-06-13 12:16:54,5.6,6.0,7.8,5.8,2.4,0,0.153,9,126.1
RT-0065,5,STP-00528,39.393497,36.959419,6.95,rural,2025-06-13 11:04:36,2025-06-13 11:15:18,2025-06-13 10:38:36,2025-06-13 12:39:36,10.4,10.2,9.1,8.3,10.7,0,0.047,2,62.4
RT-0065,6,STP-00529,39.898884,37.326668,10.93,rural,2025-06-13 11:23:48,2025-06-13 11:29:18,2025-06-13 11:05:48,2025-06-13 12:17:48,15.1,8.3,8.8,6.9,5.5,0,0.296,5,64.0
RT-0065,7,STP-00530,39.657864,37.492492,23.07,rural,2025-06-13 12:10:48,2025-06-13 12:19:30,2025-06-13 11:48:48,2025-06-13 13:54:48,17.3,17.0,31.9,31.9,8.7,0,0.381,13,199.4
RT-0066,1,STP-00531,39.792061,37.100155,8.01,mountain,2025-06-14 08:09:00,2025-06-14 08:05:36,2025-06-14 07:45:00,2025-06-14 09:38:00,8.5,9.2,9.0,8.5,-3.4,0,0.377,10,158.3
RT-0066,2,STP-00532,39.767281,37.384009,12.19,mountain,2025-06-14 08:23:06,2025-06-14 08:26:48,2025-06-14 08:09:06,2025-06-14 09:32:06,5.5,5.4,5.6,5.9,3.7,0,0.136,3,117.6
RT-0066,3,STP-00533,39.297394,37.48407,12.22,mountain,2025-06-14 08:41:18,2025-06-14 08:37:42,2025-06-14 08:13:18,2025-06-14 09:13:18,16.7,16.5,12.7,12.2,-3.6,0,0.398,9,63.4
RT-0066,4,STP-00534,39.532344,37.030189,15.5,mountain,2025-06-14 09:20:00,2025-06-14 09:15:00,2025-06-14 09:04:00,2025-06-14 10:40:00,13.6,14.4,22.0,23.8,-5.0,0,0.385,7,196.1
RT-0066,5,STP-00535,39.837942,37.070126,17.06,mountain,2025-06-14 09:53:00,2025-06-14 09:57:00,2025-06-14 09:24:00,2025-06-14 11:25:00,15.1,15.3,19.4,20.7,4.0,0,0.082,3,11.3
RT-0066,6,STP-00536,39.575517,37.134776,9.4,mountain,2025-06-14 10:13:54,2025-06-14 10:15:24,2025-06-14 09:50:54,2025-06-14 11:33:54,10.5,11.3,5.8,6.3,1.5,0,0.028,1,38.5
RT-0066,7,STP-00537,39.611244,37.151733,24.01,mountain,2025-06-14 10:55:00,2025-06-14 10:55:48,2025-06-14 10:30:00,2025-06-14 11:45:00,8.1,5.2,30.6,26.8,0.8,0,0.274,7,164.5
RT-0066,8,STP-00538,39.543671,37.123887,9.06,mountain,2025-06-14 11:16:42,2025-06-14 11:19:48,2025-06-14 10:59:42,2025-06-14 12:53:42,6.0,8.3,13.6,12.4,3.1,0,0.016,7,122.9
RT-0067,1,STP-00539,39.490537,36.925705,9.33,highway,2025-06-14 09:15:12,2025-06-14 09:11:24,2025-06-14 08:53:12,2025-06-14 11:03:12,15.5,12.0,15.2,20.4,-3.8,0,0.247,12,159.5
RT-0067,2,STP-00540,39.817789,37.176416,12.51,highway,2025-06-14 09:40:12,2025-06-14 09:45:06,2025-06-14 09:29:12,2025-06-14 10:40:12,15.5,14.7,9.5,12.6,4.9,0,0.267,2,81.7
RT-0067,3,STP-00541,39.273657,37.336577,4.47,highway,2025-06-14 09:59:30,2025-06-14 09:54:30,2025-06-14 09:32:30,2025-06-14 10:44:30,18.6,18.6,3.8,5.5,-5.0,0,0.13,7,198.5
RT-0067,4,STP-00542,39.336083,36.826442,12.92,highway,2025-06-14 10:33:30,2025-06-14 10:40:54,2025-06-14 10:09:30,2025-06-14 11:51:30,11.9,13.6,15.4,17.8,7.4,0,0.1,2,129.6
RT-0067,5,STP-00543,39.298179,37.374299,18.6,highway,2025-06-14 11:12:36,2025-06-14 11:21:54,2025-06-14 10:45:36,2025-06-14 13:06:36,12.0,16.9,27.2,33.7,9.3,0,0.337,8,18.3
RT-0067,6,STP-00544,39.391277,37.108461,6.75,highway,2025-06-14 11:35:00,2025-06-14 11:41:42,2025-06-14 11:20:00,2025-06-14 12:14:00,9.4,9.1,10.4,12.6,6.7,0,0.071,9,149.6
RT-0067,7,STP-00545,39.271955,37.283243,18.72,highway,2025-06-14 12:11:42,2025-06-14 12:16:18,2025-06-14 11:45:42,2025-06-14 14:03:42,11.6,9.1,27.3,32.0,4.6,0,0.178,1,168.1
RT-0067,8,STP-00546,39.892503,37.035982,16.16,highway,2025-06-14 12:47:18,2025-06-14 12:58:36,2025-06-14 12:30:18,2025-06-14 13:42:18,8.0,9.1,24.0,31.3,11.3,0,0.077,4,78.1
RT-0067,9,STP-00547,39.428999,37.193438,17.72,highway,2025-06-14 13:18:30,2025-06-14 13:41:54,2025-06-14 13:03:30,2025-06-14 13:53:30,17.0,17.5,23.2,27.7,23.4,0,0.076,14,134.5
RT-0068,1,STP-00548,39.472431,37.121143,23.56,urban,2025-06-14 07:24:06,2025-06-14 07:27:18,2025-06-14 07:09:06,2025-06-14 07:55:06,8.5,9.5,24.1,31.6,3.2,0,0.026,2,74.5
RT-0068,2,STP-00549,39.575327,37.493372,20.93,urban,2025-06-14 07:54:54,2025-06-14 07:52:00,2025-06-14 07:25:54,2025-06-14 09:27:54,6.0,5.9,22.3,31.5,-2.9,0,0.34,4,85.2
RT-0068,3,STP-00550,39.681338,37.484615,6.77,urban,2025-06-14 08:15:36,2025-06-14 08:14:48,2025-06-14 08:01:36,2025-06-14 09:27:36,19.7,22.7,14.7,21.7,-0.8,0,0.267,12,80.8
RT-0068,4,STP-00551,39.362824,37.231444,4.49,urban,2025-06-14 08:51:36,2025-06-14 08:53:48,2025-06-14 08:34:36,2025-06-14 10:25:36,11.7,8.6,16.3,17.2,2.2,0,0.359,9,129.9
RT-0068,5,STP-00552,39.649427,36.966645,9.79,urban,2025-06-14 09:14:24,2025-06-14 09:09:24,2025-06-14 08:49:24,2025-06-14 10:21:24,14.3,16.2,11.1,15.8,-5.0,0,0.29,1,31.8
RT-0068,6,STP-00553,39.768897,37.325386,24.75,urban,2025-06-14 09:48:48,2025-06-14 09:54:00,2025-06-14 09:37:48,2025-06-14 11:24:48,7.0,5.0,20.1,28.1,5.2,0,0.092,6,130.5
RT-0068,7,STP-00554,39.810894,37.16503,19.12,urban,2025-06-14 10:16:54,2025-06-14 10:22:54,2025-06-14 09:59:54,2025-06-14 12:13:54,5.8,4.5,21.1,28.4,6.0,0,0.073,15,134.7
RT-0068,8,STP-00555,39.584193,37.356663,16.86,urban,2025-06-14 10:48:18,2025-06-14 10:55:36,2025-06-14 10:34:18,2025-06-14 11:44:18,19.3,20.2,25.6,35.9,7.3,0,0.082,1,128.7
RT-0068,9,STP-00556,39.51379,37.244923,14.16,urban,2025-06-14 11:19:36,2025-06-14 11:29:18,2025-06-14 11:04:36,2025-06-14 13:06:36,7.5,9.1,12.0,16.5,9.7,0,0.109,4,52.8
RT-0069,1,STP-00557,39.755491,36.813868,4.76,mountain,2025-06-14 08:10:42,2025-06-14 08:09:48,2025-06-14 07:41:42,2025-06-14 09:35:42,7.5,3.8,10.7,13.3,-0.9,0,0.153,8,87.4
RT-0069,2,STP-00558,39.398258,37.193499,21.79,mountain,2025-06-14 08:45:00,2025-06-14 08:40:00,2025-06-14 08:30:00,2025-06-14 09:47:00,13.9,15.1,26.8,31.4,-5.0,0,0.192,3,112.8
RT-0069,3,STP-00559,39.858199,37.479345,10.33,mountain,2025-06-14 09:10:36,2025-06-14 09:07:24,2025-06-14 08:44:36,2025-06-14 10:27:36,18.7,18.9,11.7,9.7,-3.2,0,0.149,1,7.5
RT-0069,4,STP-00560,39.734066,37.469968,13.77,mountain,2025-06-14 09:41:36,2025-06-14 09:36:36,2025-06-14 09:28:36,2025-06-14 11:00:36,11.1,10.6,12.3,16.1,-5.0,0,0.309,1,198.5
RT-0069,5,STP-00561,39.369647,36.824155,19.53,mountain,2025-06-14 10:11:36,2025-06-14 10:18:00,2025-06-14 09:41:36,2025-06-14 11:30:36,14.5,13.0,18.9,26.0,6.4,0,0.325,6,140.8
RT-0070,1,STP-00562,39.312999,36.881711,18.34,highway,2025-06-14 10:19:36,2025-06-14 10:16:30,2025-06-14 10:02:36,2025-06-14 12:06:36,11.8,10.4,19.6,25.2,-3.1,0,0.037,11,33.7
RT-0070,2,STP-00563,39.684286,37.150453,18.66,highway,2025-06-14 10:47:54,2025-06-14 10:53:06,2025-06-14 10:31:54,2025-06-14 12:11:54,19.6,21.4,16.5,24.5,5.2,0,0.213,2,106.1
RT-0070,3,STP-00564,39.441075,36.899899,22.51,highway,2025-06-14 11:27:30,2025-06-14 11:24:54,2025-06-14 11:15:30,2025-06-14 12:10:30,16.3,13.7,20.0,26.1,-2.6,0,0.299,15,146.9
RT-0070,4,STP-00565,39.49179,37.001838,23.46,highway,2025-06-14 12:08:30,2025-06-14 12:12:36,2025-06-14 11:55:30,2025-06-14 12:46:30,19.8,17.7,24.7,35.4,4.1,0,0.172,14,100.9
RT-0070,5,STP-00566,39.241287,36.927911,6.88,highway,2025-06-14 12:37:36,2025-06-14 12:42:54,2025-06-14 12:13:36,2025-06-14 14:19:36,12.3,11.1,9.3,13.7,5.3,0,0.304,9,190.0
RT-0070,6,STP-00567,39.287277,36.844984,8.71,highway,2025-06-14 13:04:30,2025-06-14 13:05:54,2025-06-14 12:34:30,2025-06-14 13:55:30,14.4,14.8,14.6,21.5,1.4,0,0.012,10,26.3
RT-0070,7,STP-00568,39.267789,37.165634,8.17,highway,2025-06-14 13:20:18,2025-06-14 13:25:54,2025-06-14 13:10:18,2025-06-14 15:15:18,5.1,2.2,1.4,-3.2,5.6,0,0.003,5,151.6
RT-0070,8,STP-00569,39.440154,37.020657,16.27,highway,2025-06-14 13:53:24,2025-06-14 13:59:12,2025-06-14 13:24:24,2025-06-14 15:17:24,19.0,21.6,28.0,38.2,5.8,0,0.096,8,152.6
RT-0070,9,STP-00570,39.707654,37.421579,10.95,highway,2025-06-14 14:20:00,2025-06-14 14:32:18,2025-06-14 14:07:00,2025-06-14 14:50:00,19.6,20.4,7.6,7.8,12.3,0,0.056,14,69.4
RT-0071,1,STP-00571,39.890327,37.470283,22.12,highway,2025-06-15 08:25:06,2025-06-15 08:32:42,2025-06-15 08:00:06,2025-06-15 10:00:06,17.2,17.9,25.1,24.0,7.6,0,0.325,6,93.1
RT-0071,2,STP-00572,39.755772,37.043834,3.37,highway,2025-06-15 08:45:24,2025-06-15 08:48:54,2025-06-15 08:28:24,2025-06-15 10:32:24,17.1,17.4,3.1,-0.2,3.5,0,0.376,6,137.2
RT-0071,3,STP-00573,39.564038,37.200325,23.71,highway,2025-06-15 09:23:42,2025-06-15 09:28:06,2025-06-15 09:04:42,2025-06-15 11:10:42,15.5,16.5,21.2,21.6,4.4,0,0.343,2,148.2
RT-0071,4,STP-00574,39.537518,37.178468,14.1,highway,2025-06-15 10:02:18,2025-06-15 10:13:24,2025-06-15 09:38:18,2025-06-15 10:53:18,9.5,6.5,23.1,27.1,11.1,0,0.097,11,199.3
RT-0071,5,STP-00575,39.38034,37.133412,6.75,highway,2025-06-15 10:27:12,2025-06-15 10:32:30,2025-06-15 10:07:12,2025-06-15 11:46:12,6.6,5.2,15.4,15.5,5.3,0,0.359,12,10.7
RT-0071,6,STP-00576,39.620476,37.250791,5.71,highway,2025-06-15 10:44:42,2025-06-15 10:58:54,2025-06-15 10:24:42,2025-06-15 11:42:42,15.9,14.5,10.9,14.0,14.2,0,0.151,2,160.1
RT-0071,7,STP-00577,39.261376,36.862398,18.78,highway,2025-06-15 11:22:42,2025-06-15 11:31:36,2025-06-15 10:59:42,2025-06-15 12:21:42,14.6,15.6,22.1,22.3,8.9,0,0.296,9,193.4
RT-0071,8,STP-00578,39.613042,36.9329,23.62,highway,2025-06-15 12:05:36,2025-06-15 12:19:36,2025-06-15 11:43:36,2025-06-15 13:48:36,10.5,8.8,28.3,28.2,14.0,0,0.155,14,66.1
RT-0071,9,STP-00579,39.576805,37.122422,12.32,highway,2025-06-15 12:32:06,2025-06-15 12:43:54,2025-06-15 12:03:06,2025-06-15 14:17:06,19.0,21.0,16.0,16.3,11.8,0,0.058,3,106.4
RT-0071,10,STP-00580,39.68202,36.991417,23.74,highway,2025-06-15 13:22:42,2025-06-15 13:41:54,2025-06-15 13:11:42,2025-06-15 15:08:42,11.8,13.9,31.6,30.6,19.2,0,0.339,10,60.3
RT-0071,11,STP-00581,39.712861,37.367293,15.63,highway,2025-06-15 13:50:54,2025-06-15 14:18:18,2025-06-15 13:30:54,2025-06-15 14:39:54,9.4,8.2,16.4,17.0,27.4,0,0.28,7,16.5
RT-0072,1,STP-00582,39.674529,37.49322,23.31,highway,2025-06-15 10:29:36,2025-06-15 10:24:36,2025-06-15 10:14:36,2025-06-15 11:01:36,15.9,15.4,29.6,37.3,-5.0,0,0.303,5,197.0
RT-0072,2,STP-00583,39.753894,37.406099,11.6,highway,2025-06-15 10:55:24,2025-06-15 10:54:42,2025-06-15 10:28:24,2025-06-15 12:15:24,15.4,16.4,9.9,14.5,-0.7,0,0.022,4,141.7
RT-0072,3,STP-00584,39.336959,37.255867,23.56,highway,2025-06-15 11:36:36,2025-06-15 11:43:30,2025-06-15 11:17:36,2025-06-15 12:24:36,13.7,17.2,25.8,35.0,6.9,0,0.145,8,140.7
RT-0072,4,STP-00585,39.267233,37.481911,21.84,highway,2025-06-15 12:23:30,2025-06-15 12:30:48,2025-06-15 12:00:30,2025-06-15 14:19:30,17.9,14.1,33.2,46.3,7.3,0,0.072,7,190.3
RT-0072,5,STP-00586,39.542038,37.281589,4.15,highway,2025-06-15 12:53:36,2025-06-15 12:57:00,2025-06-15 12:31:36,2025-06-15 13:54:36,13.9,14.2,12.2,17.6,3.4,0,0.382,3,127.3
RT-0072,6,STP-00587,39.511583,36.808122,17.36,highway,2025-06-15 13:22:54,2025-06-15 13:33:36,2025-06-15 12:58:54,2025-06-15 15:15:54,16.9,18.8,15.4,18.2,10.7,0,0.047,11,22.5
RT-0072,7,STP-00588,39.756041,36.926768,5.69,highway,2025-06-15 13:39:42,2025-06-15 13:39:42,2025-06-15 13:11:42,2025-06-15 15:10:42,8.4,11.7,-0.1,-0.6,0.0,0,0.194,10,116.7
RT-0073,1,STP-00589,39.589242,37.175492,9.56,mountain,2025-06-15 08:14:36,2025-06-15 08:17:42,2025-06-15 07:59:36,2025-06-15 09:35:36,15.7,15.3,14.6,14.8,3.1,0,0.325,14,160.1
RT-0073,2,STP-00590,39.619372,36.925956,13.75,mountain,2025-06-15 08:40:12,2025-06-15 08:40:18,2025-06-15 08:24:12,2025-06-15 10:34:12,15.7,14.9,9.9,10.9,0.1,0,0.222,13,132.1
RT-0073,3,STP-00591,39.409005,37.476393,20.61,mountain,2025-06-15 09:22:30,2025-06-15 09:25:18,2025-06-15 09:04:30,2025-06-15 09:56:30,8.1,8.6,26.6,27.5,2.8,0,0.069,3,22.1
RT-0073,4,STP-00592,39.54331,37.019055,24.5,mountain,2025-06-15 09:57:54,2025-06-15 09:56:30,2025-06-15 09:38:54,2025-06-15 11:51:54,5.7,5.5,27.3,26.2,-1.4,0,0.364,9,181.4
RT-0073,5,STP-00593,39.782839,37.470196,24.93,mountain,2025-06-15 10:28:48,2025-06-15 10:26:54,2025-06-15 10:11:48,2025-06-15 11:02:48,15.3,16.9,25.2,25.8,-1.9,0,0.241,11,164.9
RT-0073,6,STP-00594,39.519247,37.461318,7.75,mountain,2025-06-15 10:51:42,2025-06-15 10:55:30,2025-06-15 10:33:42,2025-06-15 12:09:42,14.3,13.3,7.6,6.9,3.8,0,0.271,2,112.2
RT-0074,1,STP-00595,39.623461,37.093781,14.79,urban,2025-06-15 08:25:06,2025-06-15 08:28:36,2025-06-15 08:04:06,2025-06-15 10:07:06,19.9,16.8,25.1,25.3,3.5,0,0.061,12,130.9
RT-0074,2,STP-00596,39.43055,36.862282,24.83,urban,2025-06-15 09:13:42,2025-06-15 09:15:12,2025-06-15 08:46:42,2025-06-15 09:57:42,14.1,12.2,28.7,30.5,1.5,0,0.364,2,57.7
RT-0074,3,STP-00597,39.286452,37.168533,20.12,urban,2025-06-15 09:57:24,2025-06-15 10:06:00,2025-06-15 09:40:24,2025-06-15 11:15:24,9.1,8.1,29.6,35.6,8.6,0,0.35,2,78.5
RT-0074,4,STP-00598,39.319523,37.462557,15.95,urban,2025-06-15 10:26:24,2025-06-15 10:28:24,2025-06-15 09:59:24,2025-06-15 11:30:24,10.2,7.5,19.9,18.4,2.0,0,0.156,10,173.8
RT-0074,5,STP-00599,39.680661,37.299256,10.59,urban,2025-06-15 10:48:36,2025-06-15 10:43:36,2025-06-15 10:26:36,2025-06-15 12:19:36,13.0,12.2,12.0,11.8,-5.0,0,0.263,10,177.0
RT-0074,6,STP-00600,39.328173,37.490372,6.14,urban,2025-06-15 11:05:24,2025-06-15 11:08:30,2025-06-15 10:48:24,2025-06-15 13:01:24,18.8,16.8,3.8,1.7,3.1,0,0.319,11,195.0
RT-0074,7,STP-00601,39.413963,37.339405,14.05,urban,2025-06-15 11:40:12,2025-06-15 11:51:00,2025-06-15 11:23:12,2025-06-15 12:49:12,19.1,18.5,16.0,16.9,10.8,0,0.338,15,185.1
RT-0074,8,STP-00602,39.207486,37.463878,16.96,urban,2025-06-15 12:22:54,2025-06-15 12:33:30,2025-06-15 12:03:54,2025-06-15 14:02:54,6.4,4.8,23.6,29.0,10.6,0,0.271,10,16.2
RT-0074,9,STP-00603,39.781978,36.805103,23.51,urban,2025-06-15 13:01:24,2025-06-15 13:17:54,2025-06-15 12:48:24,2025-06-15 14:22:24,15.3,15.4,32.1,36.3,16.5,0,0.17,11,178.2
RT-0075,1,STP-00604,39.672166,37.417351,8.37,rural,2025-06-15 09:09:12,2025-06-15 09:04:12,2025-06-15 08:40:12,2025-06-15 09:44:12,17.4,14.2,9.2,7.4,-5.0,0,0.209,15,189.3
RT-0075,2,STP-00605,39.839832,36.974836,7.95,rural,2025-06-15 09:44:42,2025-06-15 09:49:00,2025-06-15 09:22:42,2025-06-15 10:35:42,12.7,13.4,18.1,21.8,4.3,0,0.216,1,87.4
RT-0075,3,STP-00606,39.850376,37.471394,19.86,rural,2025-06-15 10:24:18,2025-06-15 10:28:24,2025-06-15 09:54:18,2025-06-15 12:06:18,9.4,12.2,26.9,29.8,4.1,0,0.206,4,5.4
RT-0075,4,STP-00607,39.203608,37.423137,22.66,rural,2025-06-15 11:10:36,2025-06-15 11:09:00,2025-06-15 10:41:36,2025-06-15 12:38:36,17.7,19.3,36.9,44.9,-1.6,0,0.074,1,74.4
RT-0076,1,STP-00608,39.375094,37.129489,3.2,rural,2025-06-16 09:00:48,2025-06-16 09:02:12,2025-06-16 08:47:48,2025-06-16 10:32:48,12.9,13.0,0.8,4.2,1.4,0,0.15,15,35.0
RT-0076,2,STP-00609,39.204067,37.418503,11.02,rural,2025-06-16 09:31:48,2025-06-16 09:28:18,2025-06-16 09:07:48,2025-06-16 10:21:48,9.0,11.6,18.1,20.2,-3.5,0,0.284,8,133.0
RT-0076,3,STP-00610,39.66567,36.98606,5.43,rural,2025-06-16 09:46:42,2025-06-16 09:49:42,2025-06-16 09:31:42,2025-06-16 11:41:42,11.3,13.5,5.9,6.6,3.0,0,0.168,6,180.7
RT-0076,4,STP-00611,39.777948,36.891992,15.1,rural,2025-06-16 10:18:36,2025-06-16 10:13:36,2025-06-16 09:56:36,2025-06-16 11:52:36,9.9,6.6,20.6,20.1,-5.0,0,0.383,13,157.2
RT-0076,5,STP-00612,39.50403,37.002627,20.44,rural,2025-06-16 10:56:18,2025-06-16 11:00:54,2025-06-16 10:36:18,2025-06-16 12:20:18,5.2,4.7,27.8,31.0,4.6,0,0.194,11,51.1
RT-0076,6,STP-00613,39.774427,36.938889,19.74,rural,2025-06-16 11:25:12,2025-06-16 11:30:48,2025-06-16 11:12:12,2025-06-16 12:28:12,12.7,12.6,23.7,25.2,5.6,0,0.283,4,59.8
RT-0076,7,STP-00614,39.226857,37.493279,20.82,rural,2025-06-16 12:01:06,2025-06-16 11:59:48,2025-06-16 11:31:06,2025-06-16 12:50:06,7.7,8.8,23.2,23.3,-1.3,0,0.372,14,120.3
RT-0076,8,STP-00615,39.242945,37.098951,12.38,rural,2025-06-16 12:22:00,2025-06-16 12:24:54,2025-06-16 11:52:00,2025-06-16 13:21:00,5.8,7.9,13.2,13.6,2.9,0,0.021,7,107.4
RT-0076,9,STP-00616,39.721328,36.948384,5.42,rural,2025-06-16 12:26:30,2025-06-16 12:40:48,2025-06-16 12:15:30,2025-06-16 13:19:30,15.7,15.9,-1.3,-0.7,14.3,0,0.189,4,67.4
RT-0076,10,STP-00617,39.739325,36.891216,22.99,rural,2025-06-16 13:12:24,2025-06-16 13:23:48,2025-06-16 12:59:24,2025-06-16 13:54:24,19.2,16.6,30.2,28.7,11.4,0,0.144,6,70.2
RT-0076,11,STP-00618,39.29134,37.319811,20.82,rural,2025-06-16 13:56:18,2025-06-16 14:02:36,2025-06-16 13:40:18,2025-06-16 15:40:18,14.1,16.9,24.7,21.6,6.3,0,0.048,4,131.8
RT-0076,12,STP-00619,39.411033,37.131939,15.9,rural,2025-06-16 14:35:42,2025-06-16 14:46:42,2025-06-16 14:22:42,2025-06-16 15:14:42,7.9,6.9,25.3,27.9,11.0,0,0.304,12,91.9
RT-0077,1,STP-00620,39.702128,37.437594,3.96,urban,2025-06-16 10:07:00,2025-06-16 10:12:54,2025-06-16 09:40:00,2025-06-16 11:21:00,8.8,7.5,7.0,8.7,5.9,0,0.027,15,153.1
RT-0077,2,STP-00621,39.756073,37.285662,12.22,urban,2025-06-16 10:35:48,2025-06-16 10:35:06,2025-06-16 10:21:48,2025-06-16 11:42:48,5.3,6.0,20.0,22.5,-0.7,0,0.296,10,58.5
RT-0077,3,STP-00622,39.625053,36.944847,11.74,urban,2025-06-16 10:51:12,2025-06-16 10:46:12,2025-06-16 10:25:12,2025-06-16 12:10:12,19.6,18.8,10.1,8.3,-5.0,0,0.001,3,90.4
RT-0077,4,STP-00623,39.695778,37.186506,15.58,urban,2025-06-16 11:28:54,2025-06-16 11:30:18,2025-06-16 11:02:54,2025-06-16 12:31:54,18.9,20.2,18.1,17.6,1.4,0,0.068,9,93.8
RT-0077,5,STP-00624,39.886017,37.492675,4.0,urban,2025-06-16 11:52:42,2025-06-16 11:56:18,2025-06-16 11:38:42,2025-06-16 12:56:42,7.2,6.7,4.9,5.4,3.6,0,0.084,15,59.2
RT-0077,6,STP-00625,39.628037,37.027245,5.56,urban,2025-06-16 12:02:24,2025-06-16 12:00:00,2025-06-16 11:35:24,2025-06-16 13:05:24,19.6,17.6,2.5,2.1,-2.4,0,0.023,6,21.2
RT-0077,7,STP-00626,39.857312,37.208283,20.95,urban,2025-06-16 12:48:42,2025-06-16 12:48:48,2025-06-16 12:38:42,2025-06-16 14:26:42,19.5,16.1,26.7,24.5,0.1,0,0.289,3,54.9
RT-0077,8,STP-00627,39.64086,37.400755,18.14,urban,2025-06-16 13:33:36,2025-06-16 13:35:36,2025-06-16 13:09:36,2025-06-16 14:31:36,14.4,15.6,25.4,24.8,2.0,0,0.158,10,112.4
RT-0077,9,STP-00628,39.332202,37.143363,12.81,urban,2025-06-16 14:02:42,2025-06-16 14:01:18,2025-06-16 13:47:42,2025-06-16 15:30:42,7.2,10.9,14.7,16.3,-1.4,0,0.292,8,23.3
RT-0077,10,STP-00629,39.518517,37.251583,17.25,urban,2025-06-16 14:33:36,2025-06-16 14:37:54,2025-06-16 14:17:36,2025-06-16 15:11:36,7.7,9.4,23.7,25.0,4.3,0,0.161,7,139.0
RT-0078,1,STP-00630,39.739082,36.98736,18.99,urban,2025-06-16 09:25:12,2025-06-16 09:20:12,2025-06-16 09:15:12,2025-06-16 11:17:12,10.7,10.3,25.2,34.0,-5.0,0,0.375,1,26.5
RT-0078,2,STP-00631,39.73177,37.424673,16.19,urban,2025-06-16 09:55:30,2025-06-16 09:54:48,2025-06-16 09:35:30,2025-06-16 11:55:30,16.9,17.5,19.6,26.6,-0.7,0,0.326,9,148.5
RT-0078,3,STP-00632,39.407717,37.15808,9.76,urban,2025-06-16 10:20:24,2025-06-16 10:20:54,2025-06-16 10:07:24,2025-06-16 10:52:24,13.2,12.4,8.0,10.9,0.5,0,0.335,5,127.4
RT-0078,4,STP-00633,39.680736,37.300396,6.12,urban,2025-06-16 10:41:54,2025-06-16 10:41:30,2025-06-16 10:22:54,2025-06-16 11:39:54,11.4,10.0,8.3,13.6,-0.4,0,0.361,3,73.9
RT-0078,5,STP-00634,39.843912,37.426911,13.82,urban,2025-06-16 11:13:24,2025-06-16 11:13:18,2025-06-16 10:44:24,2025-06-16 12:25:24,19.3,22.4,20.1,29.7,-0.1,0,0.242,5,74.7
RT-0078,6,STP-00635,39.272746,37.441364,6.92,urban,2025-06-16 11:34:24,2025-06-16 11:33:18,2025-06-16 11:15:24,2025-06-16 13:23:24,15.2,13.5,1.7,3.0,-1.1,0,0.265,3,179.2
RT-0079,1,STP-00636,39.70494,37.349882,20.84,rural,2025-06-16 08:24:30,2025-06-16 08:22:36,2025-06-16 07:54:30,2025-06-16 09:12:30,5.0,6.8,24.5,23.2,-1.9,0,0.191,15,195.7
RT-0079,2,STP-00637,39.545945,37.136902,4.48,rural,2025-06-16 08:23:42,2025-06-16 08:18:42,2025-06-16 08:09:42,2025-06-16 09:16:42,9.2,7.3,-5.8,-5.5,-5.0,0,0.389,2,68.0
RT-0079,3,STP-00638,39.572732,37.374983,16.24,rural,2025-06-16 08:50:36,2025-06-16 08:48:30,2025-06-16 08:27:36,2025-06-16 10:30:36,19.2,19.2,17.7,14.9,-2.1,0,0.154,15,53.0
RT-0079,4,STP-00639,39.795417,37.053679,15.78,rural,2025-06-16 09:22:54,2025-06-16 09:26:00,2025-06-16 09:10:54,2025-06-16 10:22:54,15.4,16.4,13.1,12.0,3.1,0,0.19,12,47.8
RT-0079,5,STP-00640,39.58605,37.451939,5.94,rural,2025-06-16 09:53:54,2025-06-16 10:01:54,2025-06-16 09:39:54,2025-06-16 11:00:54,10.4,11.3,15.6,11.6,8.0,0,0.168,14,174.0
RT-0079,6,STP-00641,39.237858,36.874207,7.64,rural,2025-06-16 10:14:48,2025-06-16 10:26:18,2025-06-16 09:52:48,2025-06-16 10:47:48,6.8,4.8,10.5,9.6,11.5,0,0.233,12,142.3
RT-0079,7,STP-00642,39.304802,36.927697,13.49,rural,2025-06-16 10:35:24,2025-06-16 10:40:30,2025-06-16 10:23:24,2025-06-16 11:06:24,7.2,5.7,13.8,10.2,5.1,0,0.297,3,20.4
RT-0079,8,STP-00643,39.242001,37.249718,19.46,rural,2025-06-16 11:04:36,2025-06-16 11:08:54,2025-06-16 10:34:36,2025-06-16 13:02:36,11.2,11.3,22.0,22.5,4.3,0,0.242,6,91.6
RT-0079,9,STP-00644,39.496569,36.90976,6.82,rural,2025-06-16 11:26:42,2025-06-16 11:40:30,2025-06-16 11:08:42,2025-06-16 13:09:42,11.4,11.4,10.9,7.5,13.8,0,0.389,15,93.6
RT-0079,10,STP-00645,39.623558,36.854046,14.47,rural,2025-06-16 11:58:00,2025-06-16 12:11:24,2025-06-16 11:36:00,2025-06-16 12:51:00,8.2,3.3,19.9,21.9,13.4,0,0.277,10,15.9
RT-0079,11,STP-00646,39.254466,37.222233,13.5,rural,2025-06-16 12:19:30,2025-06-16 12:33:06,2025-06-16 11:49:30,2025-06-16 13:43:30,10.7,11.6,13.3,13.4,13.6,0,0.339,1,161.7
RT-0080,1,STP-00647,39.222657,36.988418,8.27,highway,2025-06-16 09:11:12,2025-06-16 09:13:12,2025-06-16 08:52:12,2025-06-16 10:05:12,8.2,7.3,11.2,8.5,2.0,0,0.391,1,152.5
RT-0080,2,STP-00648,39.871117,37.150151,15.43,highway,2025-06-16 09:29:48,2025-06-16 09:27:00,2025-06-16 09:10:48,2025-06-16 10:00:48,5.7,5.3,10.4,13.7,-2.8,0,0.126,6,23.2
RT-0080,3,STP-00649,39.21658,37.357249,11.59,highway,2025-06-16 09:47:48,2025-06-16 09:50:30,2025-06-16 09:21:48,2025-06-16 10:29:48,15.1,15.1,12.3,8.8,2.7,0,0.191,6,84.4
RT-0080,4,STP-00650,39.657954,37.338178,22.11,highway,2025-06-16 10:32:18,2025-06-16 10:34:24,2025-06-16 10:20:18,2025-06-16 11:31:18,15.2,12.8,29.4,32.1,2.1,0,0.064,2,177.6
RT-0080,5,STP-00651,39.799167,37.101631,24.2,highway,2025-06-16 11:08:30,2025-06-16 11:09:42,2025-06-16 10:44:30,2025-06-16 11:54:30,14.8,16.4,21.0,20.0,1.2,0,0.356,15,154.9
RT-0080,6,STP-00652,39.210459,37.336422,20.03,highway,2025-06-16 11:44:42,2025-06-16 11:49:18,2025-06-16 11:16:42,2025-06-16 13:34:42,14.2,14.2,21.4,22.3,4.6,0,0.124,2,191.8
